Year,EmployerId,Address,EmployerSize,DiffMeanHourlyPercent,DiffMedianHourlyPercent,DiffMeanBonusPercent,DiffMedianBonusPercent,SIC2
2017-2018,16879,"19 Smith's Place, Leith Walk, Edinburgh, EH6 8NU",250 to 499,2.3,-2.7,15,37.5,47
2017-2018,17484,"Suite 1, Ground Floor Academy House, 1346 Shettleston Road, Glasgow, Scotland, G32 9AT",250 to 499,15,0,0,0,"86,88"
2017-2018,14399,"Fairview Mill, Ingliston, Newbridge, Midlothian, EH28 8NB",250 to 499,13.4,8.5,62.9,0,"14,10"
2017-2018,142,"George Street, Coupar Angus, Blairgowrie, Perthshire, PH13 9LU",1000 to 4999,4.9,4.8,39.8,0,10
2017-2018,147,"Kepak Group Limited Cookston Road, Portlethen, Aberdeen, Scotland, AB12 4QB",1000 to 4999,14.5,12.7,0,0,10
2017-2018,1838,"Westfield House, 4 Mollins Road, Cumbernauld, G68 9HD",500 to 999,12,3.4,61.9,34.2,11
2017-2018,777,"72 Milton Road, Kirkcaldy, Fife, Scotland, KY1 1TP",Not Provided,-1.3,0,0,0,86
2017-2018,787,"58 Robertson Street, Glasgow, Scotland, G2 8DU",1000 to 4999,19.1,27.2,19.1,27.2,49
2017-2018,789,"1 George Street, Edinburgh, United Kingdom, EH2 2LL","5000 to 19,999",28,20,72,42,64
2017-2018,790,"1 George Street, Edinburgh, United Kingdom, EH2 2LL","5000 to 19,999",37,37,67,68,64
2017-2018,17554,"38 Castle Street, Aberdeen, AB11 5YU",500 to 999,-12.9,3,0,0,"85,87,87,87"
2017-2018,17218,"Pittodrie Stadium, Pittodrie Street, Aberdeen, AB24 5QH",250 to 499,55.9,17.7,76.8,85,"93,93"
2017-2018,791,"Aberdeen Airport, Dyce, Aberdeen, AB21 7DU",250 to 499,16,16,78,97,51
2017-2018,792,"Courier Buildings, 2 Albert Square, Dundee, Scotland, DD1 9QJ",250 to 499,16.5,17.1,55.6,77.7,"18,58"
2017-2018,793,"Aberdeen Sports Village, Linksfield Road, Aberdeen, Scotland, AB24 5RU",250 to 499,9.2,3.2,100,100,93
2017-2018,794,"Kintail House, Forthside Way, Stirling, Stirlingshire, Scotland, FK8 1QZ",250 to 499,7,0,0,0,96
2017-2018,65,"50 Lothian Road, Festival Square, Edinburgh, Scotland, EH3 9WJ",250 to 499,23,5,43,22,63
2017-2018,16687,"The Peak, Forthside Way, Stirling, Scotland, FK8 1QZ",250 to 499,0.8,0.2,0,0,"93,93"
2017-2018,915,"C/O Brodies Llp Capital Square, 58 Morrison Street, Edinburgh, United Kingdom, EH3 8BP",500 to 999,18.2,20.3,44,42,82
2017-2018,922,"Caldergrove House 4 Linnet Way, Strathclyde Business Park, Bellshill, Lanarkshire, Scotland, ML4 3RA",1000 to 4999,13.7,15.4,29.1,12.5,41
2017-2018,950,"Aegon Lochside Crescent, Edinburgh Park, Edinburgh, Scotland, EH12 9SE",1000 to 4999,33.8,27.3,58.9,33.8,82
2017-2018,977,"The Wright Business Centre, Lonmay Road, Glasgow, Scotland, G33 4EL",1000 to 4999,-1.3,12.3,-24.5,-2.6,56
2017-2018,308,"Lomondgate, Stirling Road, Dumbarton, Scotland, G82 3RG",500 to 999,20.5,15.9,11.5,-24.7,77
2017-2018,1075,"New Monkland, 251 Stirling Road, Airdrie, Lanarkshire, ML6 7SP",500 to 999,25.9,5.6,45,0,46
2017-2018,489,"7 Hadden Street, Aberdeen, AB11 6NU",Not Provided,0.7,2.1,0,0,88
2017-2018,1095,"9 Central Boulevard, Larbert, United Kingdom, FK5 4RU",1000 to 4999,3.2,4.6,27.3,54.8,29
2017-2018,14866,"1 George Street, Edinburgh, Scotland, EH2 2LL",250 to 499,26,19,58,16,64
2017-2018,1145,"230 Balmore Road, Glasgow, Lanarkshire, G22 6LJ",500 to 999,0.5,5.9,-26.1,0,"29,45,45,45"
2017-2018,1146,"Level 2 The Beacon, 176 St. Vincent Street, Glasgow, G2 5SG",250 to 499,13.5,18.4,-245.8,-25,"41,42"
2017-2018,1186,"Badentoy Crescent, Portlethen, Aberdeen, AB12 4YD",500 to 999,32.1,39.2,70.5,21.9,91
2017-2018,1194,"69 North Gyle Terrace, Edinburgh, Scotland, EH12 8JY",500 to 999,4.4,-6.6,0,0,86
2017-2018,1275,"28 Albyn Place, Aberdeen, United Kingdom, AB10 1YL",1000 to 4999,4,2,89,55,81
2017-2018,18132,"Angus House, Orchardbank Business Park, Forfar, Angus, DD8 1AN",250 to 499,0.5,-10.8,0,0,"90,91,91,93"
2017-2018,1325,"Apex Hotels House, 1 Mid New Cultins, Edinburgh, Scotland, EH11 4DH",500 to 999,10.2,2.5,29.5,0,55
2017-2018,1343,"Block 2 Units C And D, West Mains Industrial Estate, Grangemouth, Stirlingshire, FK3 8YE",250 to 499,36,37.8,76,-119.8,71
2017-2018,1377,"2 Marischal Square, Broad Street, Aberdeen, Scotland, AB10 1DQ",500 to 999,46.8,47.4,4.6,-394.4,91
2017-2018,1417,"454 Hillington Road, Glasgow, Scotland, G52 4FH","5000 to 19,999",14.6,10.8,34,66.1,"45,45,45"
2017-2018,1418,"454 Hillington Road, Glasgow, Scotland, G52 4FH",500 to 999,-5.2,-15,-8.6,-43,77
2017-2018,1427,"Arr Craib Transport Ltd Howe Moss Drive, Kirkhill Industrial Estate, Dyce, Aberdeen, AB21 0GL",250 to 499,-12.3,-9.9,100,0,49
2017-2018,1429,"Arr Craib Transport Ltd Howe Moss Drive, Kirkhill Industrial Estate, Dyce, Aberdeen, AB21 0GL",250 to 499,-12.3,-9.9,100,0,64
2017-2018,1465,"9 George Square, Glasgow, United Kingdom, G2 1DY",500 to 999,5,0.3,70.5,69.8,82
2017-2018,17341,"6 Coates Crescent, Edinburgh, Midlothian, EH3 7AL",1000 to 4999,3.6,0,33.4,64.2,78
2017-2018,1474,"Asco Group Headquarters Unit A, 11 Harvest Avenue, D2 Business Park, Dyce, Aberdeen, AB21 0BQ",500 to 999,15.3,-0.9,52.2,-316.7,96
2017-2018,17345,"AVENUE SCOTLAND LTD, 18a Dickson Street, Dunfermline, Fife, Scotland, KY12 7SL",250 to 499,4.4,-0.8,0,0,88
2017-2018,1639,"AVIAGEN LTD, 11 Lochend Road, Ratho Station, Newbridge, Midlothian, EH28 8SZ",250 to 499,20,8.4,56,16.6,14
2017-2018,1718,"C/O Dwf Llp Sentinel, 103 Waterloo Street, Glasgow, Scotland, Scotland, G2 7BW",500 to 999,20.3,28.5,35.5,68.7,77
2017-2018,16110,"Rosyth Business Park, Rosyth, Dunfermline, Fife, KY11 2YD",250 to 499,18.8,22,71.3,63.9,74
2017-2018,1724,"Rosyth Business Park, Rosyth, Dunfermline, Fife, KY11 2YD",500 to 999,29.2,31.4,7.4,-30.8,84
2017-2018,1759,"BALHOUSIE CARE GROUP, Earn House, Lamberkine Drive, Perth, PH1 1RA",1000 to 4999,1.6,0,17,13.7,86
2017-2018,1763,"Titanium 1 Kings Inch Place, Renfrew, Scotland, PA4 8WF",250 to 499,0,0,0,0,87
2017-2018,1764,"Balmoral Park, Loirston, Aberdeen, AB12 3GY",250 to 499,3.4,-20,13.9,-7.5,22
2017-2018,1843,"Libertas House, 5th Floor, 39 St. Vincent Place, Glasgow, United Kingdom, G1 2ER",500 to 999,13.9,11,40.8,31.3,79
2017-2018,1875,"12 Charlotte Square, Edinburgh, Scotland, EH2 4DJ",1000 to 4999,7.3,6.7,-79.9,-18.1,"10,10,10,10"
2017-2018,1877,"8 Fairways Business Park, Deer Park Avenue, Livingston, Scotland, EH54 8AF",250 to 499,20.4,16.7,67.9,87.5,82
2017-2018,15376,"Floor 3 1 - 4 Atholl Crescent, Edinburgh, Scotland, EH3 8HA",500 to 999,22.6,15.2,-6.1,0,73
2017-2018,1922,"Bear House,Inveralmond Road, Inveralmond Industrial Estate, Perth, PH1 3TW",500 to 999,6.8,0.3,-13.1,-31,42
2017-2018,1925,"Garscube Estate, Switchback Road, Bearsden, Glasgow, G61 1BD",250 to 499,16.1,9.7,0,0,72
2017-2018,1954,"Bell Business Park, Rochsolloch Road, Airdrie, ML6 9BG",1000 to 4999,-17.3,0.7,29.9,19.3,"43,43,43"
2017-2018,2002,"Newfield House, 1 New Street, Musselburgh, East Lothian, EH21 6HY",500 to 999,2.2,0,0,0,88
2017-2018,2067,"4 Greenhole Place, Bridge Of Don Industrial Estate, Aberdeen, AB23 8EU",1000 to 4999,30,34,-117,-38,39
2017-2018,2078,"13 Queens Road, Aberdeen, AB15 4YL",250 to 499,24,16,13,15,74
2017-2018,18085,"C/O Clyde Offices, 48 West George Street, Glasgow, G2 1BP",Less than 250,-1.6,-1.4,0,0,82
2017-2018,2159,"10 Dunkeld Road, Perth, Perthshire, United Kingdom, PH1 5TW",500 to 999,3.6,7.9,9.7,0,49
2017-2018,15095,"6/7 Pentland House, Saltire Centre, Glenrothes, Scotland, KY6 2AH",250 to 499,18.6,10.5,100,100,78
2017-2018,2214,"Marischal College Marischal College, Broad Street, Aberdeen, Scotland, AB10 1AB",500 to 999,-3.6,-1.2,0,0,88
2017-2018,2359,"Clyde Offices, 2nd Floor, 48 West George Street, Glasgow, G2 1BP",250 to 499,3.1,2.8,8.1,0,11
2017-2018,2360,"Clyde Offices, 2nd Floor, 48 West George Street, Glasgow, G2 1BP",250 to 499,10.1,-2.2,21.5,1.9,56
2017-2018,2367,"Baltic Works, Kilbarchan Road, Bridge Of Weir, Renfrewshire, PA11 3RH",250 to 499,16.9,3.7,0,0,15
2017-2018,2386,"Seaforth House, Seaforth Place, Burntisland, Fife, KY3 9AX",500 to 999,20,19.4,75.4,-318.7,"32,33,42"
2017-2018,15096,"18 Blythswood Square, Glasgow, Scotland, G2 4BG",1000 to 4999,7.7,11,-188.1,-18.2,78
2017-2018,14449,"6 Atlantic Quay, Glasgow, Scotland, G2   8JB",250 to 499,26.3,25.4,75.8,79.9,70
2017-2018,2453,"C/O Bdo Llp 2 Atlantic Square, 31 York Street, Glasgow, G2 8NJ",250 to 499,44.3,41.4,0,0,"51,51,51"
2017-2018,2504,"Unit1 Greystone Avenue, Kelloholm, Sanquhar, Dumfriesshire, DG4 6RB",500 to 999,13.1,0,8.8,-50,10
2017-2018,2527,"Unit 7, Halbeath Interchange Business Park Kingseat Road, Halbeath, Dunfermline, Fife, Scotland, KY11 8RY",500 to 999,8.6,7.7,26.3,-4.2,32
2017-2018,2565,"39 Victoria Road, Glasgow, G78 1NQ",500 to 999,-2.5,0.6,39.3,0,96
2017-2018,15496,"1 Lochside Place, Edinburgh, EH12 9DF",250 to 499,1.9,6.8,-337.3,0,85
2017-2018,2613,"Grange House, 34 Grange Street, Kilmarnock, Ayrshire, Scotland, KA1 2DD",250 to 499,11,6,24,21,82
2017-2018,2635,"Gardeners Street, Dunfermline, KY12 0RN",250 to 499,23.8,23.3,76.9,47.5,41
2017-2018,2648,"78 Longtown Road, Dundee, Tayside, DD4 8JU",1000 to 4999,17.2,5.3,-28.3,-0.3,"46,47"
2017-2018,2674,"Adam House, 5 Mid New Cultins, Edinburgh, EH11 4DU",1000 to 4999,26,25.5,33.3,68.1,"41,68"
2017-2018,2687,"1 North Charlotte Street, Edinburgh, Scotland, EH2 4HR",250 to 499,10.5,0,38.1,35,56
2017-2018,14487,"6th Floor, Sugar Bond, 2 Anderson Place, Edinburgh, Scotland, EH6 5NP",250 to 499,6.1,0.2,-14.7,-16.7,96
2017-2018,2696,"The Ferry Terminal, Gourock, PA19 1QP",250 to 499,15.2,6.6,23.3,0,50
2017-2018,2738,"Caledonian Exchange, 19a Canning Street, Edinburgh, Scotland, EH3 8HE",Not Provided,-21.9,-13.1,100,100,"10,10"
2017-2018,265,"Vantage Point, 24 St Johns Road, Edinburgh, Scotland, EH12 6NZ",500 to 999,5.8,0,100,0,"85,85,87,88"
2017-2018,2790,"Atria One, 144 Morrison Street, Edinburgh, EH3 8EX",500 to 999,20.8,27.6,78.3,80.2,62
2017-2018,2844,"Unit 9, Ramsay House Callendar Business Park, Callendar Road, Falkirk, United Kingdom, FK1 1XR",250 to 499,-11.9,1.2,5.6,50,87
2017-2018,2879,"23/25 Huntly Street, Inverness, Scotland, IV3 5PR",250 to 499,16,0,61,39,"92,93"
2017-2018,2894,"Craigmillar Social Enterprise And Arts Centre, 11 Harewood Road, Edinburgh, EH16 4NT",1000 to 4999,-0.7,0,0,0,"87,88,88"
2017-2018,2943,"1 George Square, Glasgow, Scotland, G2 1AL",500 to 999,12.4,13.9,8.7,16.8,21
2017-2018,2976,"Caledonia House, 2 Lawmoor Street, Glasgow, Strathclyde, G5 0US",500 to 999,33.1,33.4,62.3,61.4,"43,43,43,71"
2017-2018,2989,"1 Cambuslang Road, Glasgow, G32 8NB",250 to 499,13.7,10.2,80,66.7,"41,41,41"
2017-2018,3018,"Celtic Park, Glasgow, G40 3RE",500 to 999,24.5,0,43.1,17.9,"93,93"
2017-2018,3108,"Elphinstone Research Centre, Tranent, EH33 2NE",500 to 999,15.5,7.5,69.2,18.2,72
2017-2018,3109,"Elpinstone Research Centre, Tranent, East Lothian, EH33 2NE",500 to 999,15.5,7.5,69.2,18.2,99
2017-2018,3130,"Sugar Bond Anderson Place, Leith, Edinburgh, Scotland, EH6 5NP",250 to 499,12.6,12,-4.8,29.6,78
2017-2018,3153,"Troon House, Ardeer Site, Stevenston, Ayrshire,, KA20 3LN",250 to 499,27,28,50,0,82
2017-2018,17156,"Canal Court, 42 Craiglockhart Avenue, Edinburgh, EH14 1LT",250 to 499,17,0,0,0,86
2017-2018,3207,"3rd Floor, 146 Argyle Street, Glasgow, Lanarkshire, G2 8BL",250 to 499,4.3,0.7,-10.7,-4.4,47
2017-2018,211,"Kilmalid, Stirling Road, Dumbarton, Scotland, G82 2SS",1000 to 4999,7.3,11,38.6,34.3,11
2017-2018,3264,"7 B Nightingale Way, Quartermile, Edinburgh, Scotland, EH3 9EG",250 to 499,22.2,25.7,64.5,33.9,62
2017-2018,3280,"Caledonia House, 2 Lawmoor Street, Glasgow, G5 0US",500 to 999,14.6,5.7,79.9,0,81
2017-2018,3281,"Caledonia House, Lawmoor Street, Glasgow, G5 0US","5000 to 19,999",13,0,55.3,0,81
2017-2018,17630,"23 Mcfarlane Street, Paisley, PA3 1RY",250 to 499,41.1,29.3,42.3,-26.3,"41,43,43"
2017-2018,3333,"First Floor, 9 Haymarket Square, Edinburgh, Scotland, EH3 8RY",250 to 499,18.5,0,-30,-30,55
2017-2018,3391,"149 Newlands Road, Cathcart, Glasgow, G44 4EX",250 to 499,-1,-1.8,100,100,28
2017-2018,85,"177 Bothwell Street, Glasgow, Scotland, G2 7ER",Not Provided,37,36,58,39,64
2017-2018,3480,"70 Renton Street, Glasgow, G4 0HT",250 to 499,2.4,0,0,0,"87,88"
2017-2018,15718,"Glasgow City Council C/O Corporate & Property Law, 40 John Street, Glasgow, Scotland, G1 1JL",250 to 499,-13.4,-23.3,0,0,88
2017-2018,17923,"6 Muriel Street, Barrhead, Glasgow, G78 1QB",250 to 499,5.6,0,78.3,25,81
2017-2018,16252,"C/O Frp Advisory Trading Ltd, Suite B, 4th Floor, Meridian, Union Row, Aberdeen, AB10 1SA",250 to 499,0.1,0,0,0,82
2017-2018,3544,"C/O Brodies Llp, 110 Queen Street, Glasgow, United Kingdom, G1 3BX",250 to 499,27.6,40.2,25,27,32
2017-2018,3577,"The Doges Studios Templeton Business Centre, 62 Templeton Street, Glasgow, Scotland, G40 1DA",1000 to 4999,-2.7,0,0,0,"87,88,88,88"
2017-2018,3614,"Highgrove House Hotel, Loans, Troon, Scotland, KA10 7HL",250 to 499,15.9,0,0,0,"55,56"
2017-2018,3659,"C/O FRP ADVISORY TRADING LIMITED, Apex 3 95 Haymarket Terrace, Edinburgh, EH12 5HD",250 to 499,4.1,21.9,-28.8,0,22
2017-2018,3683,"Benmhor, Saddell Street, Campbeltown, Argyll, Scotland, PA28 6DN",250 to 499,-7.4,0.5,100,100,49
2017-2018,16944,"2 Queens Road, Aberdeen, Scotland, AB15 4ZT",500 to 999,0,0,34,0,56
2017-2018,3730,"Crieff Hydro Hotel, Ferntower Road, Crieff, Perthshire, PH7 3LQ",500 to 999,9,-1.2,73.3,39.9,55
2017-2018,3748,"C/O Enable Scotland Unit 3, Melisa House,, 3 Brand Place, Glasgow, Scotland, G51 1DR",500 to 999,-1,0,0,0,88
2017-2018,16101,"Cullen Square,Deans Road, Deans Industrial Estate, Livingston, West Lothian, EH54 8SJ",Less than 250,-9.3,-32.9,10.7,-6.5,52
2017-2018,3774,"16 Walker Street, Edinburgh, Scotland, EH3 7LP",250 to 499,20.9,23.9,52.9,52.8,"41,41,41"
2017-2018,3809,"Summerlee Museum Of Scottish Industrial Life, Heritage Way, Coatbridge, Lanarkshire, ML5 1QD",500 to 999,6.4,2.6,0,0,"90,91,91,91"
2017-2018,3828,"Heathhall, Dumfries, DG1 3NX",250 to 499,5.1,8.4,100,100,49
2017-2018,19110,"Empire House 1/1 131 West Nile Street, Glasgow, Scotland, G1 2RX",250 to 499,7,15,56,27,82
2017-2018,3857,"10 Keppochhill Drive, M8 Food Park, Glasgow, G21 1HX",250 to 499,6.1,3.3,19.7,0,10
2017-2018,3858,"Courier Buildings, 2 Albert Square, Dundee, Scotland, DD1 9QJ",500 to 999,22.9,15.7,65.7,43.5,58
2017-2018,3863,"C/O T C Young Merchants House, 7 West George Street, Glasgow, Scotland, G2 1BA",1000 to 4999,5,4,11,57,56
2017-2018,3883,"8 Belgowan Street, Bellshill North Industrial Est, Bellshill, Lanarkshire, ML4 3NS",250 to 499,2.7,1.1,32.1,-4.8,"46,46"
2017-2018,3903,"C/O Brodies Llp Capital Square, 58 Morrison Street, Edinburgh, United Kingdom, EH3 8BP",500 to 999,9.8,14.5,-327.1,-11,"25,25"
2017-2018,3934,"Caulfield House, Cradlehall Business Park, Inverness, IV2 5GH",500 to 999,0.3,1.2,0,0,86
2017-2018,3938,"C/O Frp Advisory Trading Ltd Apex 3, 95 Haymarket Terrace, Edinburgh, Eh12 5hd, EH12 5HD",500 to 999,14.6,2.8,0,0,10
2017-2018,3985,"Collins House, Rutland Square, Edinburgh, Midlothian, EH1 2AA",1000 to 4999,14.1,10.1,46,80,82
2017-2018,4076,"Moodiesburn, Chryston, G69 0JE",250 to 499,12,10.7,45.5,22.8,10
2017-2018,103,"11 Lochside Place, Edinburgh, Scotland, EH12 9HA",Not Provided,11.3,16.7,9.6,-263.1,11
2017-2018,4123,"C/O Brodies Llp, Capital Square, 58 Morrison Street, Edinburgh, Scotland, EH3 8BP",250 to 499,30.2,26.2,100,100,73
2017-2018,4134,"Unit 7/8 Whitemyres Avenue, Mastrick Industrial Estate, Aberdeen, Aberdeenshire, AB16 6HQ",1000 to 4999,6.4,10.3,-43.4,-90.5,45
2017-2018,4148,"8 Milton Road, College Milton North, East Kilbride, G74 5BU",250 to 499,18.6,1.1,37.5,7.1,11
2017-2018,4175,"Melville Nurseries, Lasswade, Midlothian, Scotland, EH18 1AZ",1000 to 4999,15.5,0.1,33.7,-23.6,82
2017-2018,4187,"Newfordpark House, Glamis Road, Forfar, Angus, DD8 1FR",Not Provided,13.4,7.8,23,0,13
2017-2018,4191,"Donaldson House Saltire Centre, Pentland Park, Glenrothes, Fife, Scotland, KY6 2AG",250 to 499,5.7,-10.3,57.1,41.8,16
2017-2018,14700,"Park House, 14 Bothwell Road, Hamilton, Lanarkshire, ML3 0AY",250 to 499,15.2,17.5,43.8,21.4,45
2017-2018,4225,"Building D2003, Dounreay, Thurso, Caithness, KW14 7TZ",1000 to 4999,12.3,10.3,21.3,7.1,"38,39,43"
2017-2018,12780,"C/O Addleshaw Goddard, 24, St. Andrew Square, Edinburgh, Scotland, EH2 1AF",250 to 499,-19.8,-21.5,97.5,0,"24,28"
2017-2018,4264,"Stoneywood Park, Stoneywood Road, Dyce, Aberdeen, AB21 7DZ",250 to 499,23.7,25.6,42,-6.8,25
2017-2018,4283,"169 West George Street, Glasgow, G2 2LB",Less than 250,-1,-0.2,34.8,0,56
2017-2018,4328,"C/O Frp Advisory Trading Limited Apex 3, 95 Haymarket Terrace, Edinburgh, EH12 5HD",500 to 999,18.8,1.1,73.2,59.8,46
2017-2018,4354,"11 First Road, Blantyre Industrial Estate, Blantyre, Glasgow, G72 0ND",250 to 499,23,26.1,82.9,7.5,41
2017-2018,4386,"Kirkintilloch Town Hall Union Street, Kirkintilloch, Glasgow, Scotland, G66 1DH",Less than 250,0,0,0,0,"91,91,91,93"
2017-2018,28,"8 Westerton Road, East Mains Industrial Estate, Broxburn, West Lothian, Scotland, EH52 5AU",1000 to 4999,32.4,26.9,66.7,59,70
2017-2018,17396,"30 Miller Road, Ayr, KA7 2AY",500 to 999,-0.5,0.6,78.3,-273.3,78
2017-2018,389,"Edinburgh Airport, Edinburgh, EH12 9DN",500 to 999,16,14.1,34.5,8.6,52
2017-2018,531,"Meadowbank Sports Centre, 139 London Road, Edinburgh, Scotland, EH7 6AE",500 to 999,-1.1,-0.9,0,0,"93,93"
2017-2018,4484,"The Potterrow, 5/2 Bristo Square, Edinburgh, EH8 9AL",500 to 999,10.2,8.4,0,0,85
2017-2018,4485,"C/O FRP ADVISORY TRADING LIMITED, Apex 3 95 Haymarket Terrace, Edinburgh, EH12 5HD",1000 to 4999,21.9,2.1,89.9,60.2,47
2017-2018,4489,"100 Queen Street, Glasgow, Scotland, G1 3DN",500 to 999,27.2,13.3,68.3,3.2,11
2017-2018,4526,"Hercules House Eskmills,, Station Road, Musselburgh, Scotland, EH21 7PQ",250 to 499,-2.3,2.7,0,0,88
2017-2018,17480,"Haughhead, Hawick, Roxburghshire, TD9 8LF",250 to 499,-12,0,-0.6,0.4,"20,25"
2017-2018,4606,"Inspire House 3 Renshaw Place, Eurocentral, Lanarkshire, ML1 4UF",Less than 250,-2.2,-0.5,0,0,88
2017-2018,4607,"Inspire House 3 Renshaw Place, Eurocentral, Lanarkshire, ML1 4UF",1000 to 4999,-2.6,0,0,0,88
2017-2018,4621,"Enermech House, Howes Road, Aberdeen, Scotland, AB16 7AG",500 to 999,26.1,33.5,92.3,30,82
2017-2018,4640,"Musselburgh Sports Centre, Newbigging, Musselburgh, East Lothian, EH21 7AS",250 to 499,11,9,0,0,93
2017-2018,4654,"The Olive House Endeavour Drive, Arnhall Business Park, Westhill, Aberdeenshire, Scotland, AB32 6UF",500 to 999,10.4,7.6,5.6,0,56
2017-2018,4706,"The Erskine Home, Erskine Veterans Village, Bishopton, Renfrewshire, Scotland, PA7 5PU",500 to 999,0,0,0,0,"86,87"
2017-2018,4714,"Suite 1/14 Falkirk Business Hub, 45 Vicar Street, Falkirk, Stirlingshire, Scotland, FK1 1LL",500 to 999,2,5,-36,17,56
2017-2018,4752,"10 /16, 10 Colvilles Place, East Kilbride, G75 0SN",250 to 499,-23.6,0.1,-76,6.4,46
2017-2018,3469,"10 Empress Court, St Andrew Street, Greenock, Inverclyde, PA15 4RW",250 to 499,10,0,0,0,81
2017-2018,4800,"3 Inchcorse Place, Whitehill Industrial Estate, Bathgate, Scotland, EH48 2EE",250 to 499,28,33,28,0,96
2017-2018,208,"Atria One, 144 Morrison Street, Edinburgh, Scotland, EH3 8EX",1000 to 4999,16.3,15.6,57.9,39,72
2017-2018,4871,"6th Floor, Quartermile 4 7a Nightingale Way, Edinburgh, Scotland, EH3 9EG",500 to 999,34,34,82,59,82
2017-2018,15729,"Kirkton House, Kirkton Of Cults, Pitlessie, Fife, KY15 7TE",250 to 499,-0.4,0,65.9,25.6,56
2017-2018,4904,"Suite 1a The Falkirk Stadium, 4 Stadium Way, Falkirk, FK2 9EE",500 to 999,6.1,3.2,5.9,0,"90,91,91,93"
2017-2018,4915,"7 Greens Road, Cumbernauld, Glasgow, G67 2TU",1000 to 4999,5,15.5,-29.8,16,52
2017-2018,4916,"7 Greens Road, Blairlinn, Cumbernauld, G67 2TU",1000 to 4999,13,0,58.7,13.3,47
2017-2018,4919,"Station Road, Duns, Berwickshire, TD11 3HS",500 to 999,5,4.7,5.7,-31.2,10
2017-2018,16989,"C/O Teneo Restructurng Limited, 100 West George Street, Glasgow, Scotland, G2 1PJ",250 to 499,5.9,-8.9,79.6,79.9,"30,33"
2017-2018,4974,"Iona House John Smith Business Park, Grantsmuir Road, Kirkcaldy, Fife, Scotland, KY2 6NA",500 to 999,-3.8,-12.6,0,0,"90,91,91,91"
2017-2018,4975,"10 Dunkeld Road, Perth, Perthshire, United Kingdom, PH1 5TW",1000 to 4999,8.1,5.4,-2.2,8.3,49
2017-2018,4976,"Music Institute, Carnegie Hall, East Port, Dunfermline, Fife, KY12 7JA",500 to 999,1.2,0,0,0,93
2017-2018,5000,"395 King Street, Aberdeen, AB24 5RP",250 to 499,0.2,-0.7,8.8,22.4,49
2017-2018,5012,"100 Cathcart Road, Glasgow, G42 7BH",1000 to 4999,7.6,13.9,0.1,-42.9,49
2017-2018,5013,"100 Cathcart Road, Glasgow, G42 7BH",500 to 999,8.6,13.1,56.1,23.1,49
2017-2018,5050,"Edenfields, Cupar Trading Estate, Cupar, United Kingdom, KY15 4SX",500 to 999,11.9,0,-28.8,-33.3,96
2017-2018,5067,"The Cross, Uddingston, Glasgow, G71 7ES",250 to 499,3.5,0,47.4,20,93
2017-2018,5152,"Forth House, Pirnhall Business Park, Stirling, FK7 8HW",1000 to 4999,47.5,49.4,92.9,79.6,41
2017-2018,5155,"1 Prince Of Wales Dock, Edinburgh, Midlothian, EH6 7DX",250 to 499,4.5,-0.4,-106.5,-16.7,52
2017-2018,5159,"2 Marischal Square, Broad Street, Aberdeen, Scotland, AB10 1DQ",250 to 499,19.7,19.4,21,49.9,82
2017-2018,5179,"C/O Brodies Llp Capital Square, 58 Morrison Street, Edinburgh, United Kingdom, EH3 8BP",250 to 499,-5.8,0,0,0,86
2017-2018,5200,"19 Queen Street, Glasgow, G1 3ED",250 to 499,27,20,40,28,47
2017-2018,5268,"Fugro House, Denmore Road, Bridge Of Don, Aberdeen, AB23 8JW",250 to 499,28.3,28.7,7.7,0,91
2017-2018,5269,"28 Albyn Place, Aberdeen, United Kingdom, AB10 1YL",250 to 499,13.6,7.2,53.1,58.3,71
2017-2018,17680,"16 Carsegate Road South, Inverness, IV3 8LL",250 to 499,-13.8,18,0,0,43
2017-2018,5327,"Abbeymill Business Centre 12 Seedhill Road, Suite 5004, Paisley, Scotland, PA1 1JS",1000 to 4999,0.5,0.5,0,0,81
2017-2018,5328,"Hamilton House, 70 Hamilton Drive, Glasgow, G12 8DR",1000 to 4999,7.3,0.8,39.5,38,56
2017-2018,5329,"Hamilton House, 70 Hamilton Drive, Glasgow, G12 8DR",1000 to 4999,7.3,0.8,39.5,38,56
2017-2018,5330,"Hamilton House, 70 Hamilton Drive, Glasgow, United Kingdom, G12 8DR",250 to 499,22.9,0.7,-3.9,-7,47
2017-2018,5380,"Citypoint 2, 25 Tyndrum Street, Glasgow, Scotland, G4 0JY",1000 to 4999,-3.2,-10,18,-48,64
2017-2018,15873,"Ibrox Stadium, 150 Edmiston Drive, Glasgow, G51 2XD",250 to 499,16,0,0,0,80
2017-2018,5398,"Tinwald Downs Road, Heathhall, Dumfries & Galloway, Scotland, DG1 1TS",Not Provided,23.2,12.9,40.6,-35,"15,22,70"
2017-2018,660,"Monument Crescent, Shawfarm Industrial Estate, Prestwick, KA9 2RX",500 to 999,-14.5,4.1,-7,7.3,52
2017-2018,5452,"43 Inchmuir Road, Bathgate, Scotland, EH48 2EP",250 to 499,9.5,2.3,-63.3,0,10
2017-2018,17342,"Glasgow Academy, Colebrooke Street, Glasgow, G12 8HE",250 to 499,19.4,5.3,0,0,"85,85"
2017-2018,5523,"St Andrews Drive, Glasgow Airport, Paisley, PA3 2SW",500 to 999,15,9,29,20,51
2017-2018,14168,"Commonwealth House, 38 Albion Street, Glasgow, Scotland, G1 1LH",1000 to 4999,-10.5,-7.4,0,0,91
2017-2018,5524,"Glasgow Prestwick Airport, Aviation House, Prestwick, Ayrshire, KA9 2PL",250 to 499,12.5,22.1,0,0,"51,51,51"
2017-2018,5548,"Gleneagles Hotel, Auchterarder, Perthshire, PH3 1NF",500 to 999,11,3,91,77,55
2017-2018,5558,"Port Of Nigg, Ross-Shire, Scotland, IV19 1QU",500 to 999,28,19,55,25,25
2017-2018,5599,"C/O Frp Advisory Trading Limited Ardmore House, 40-42 George Street, Edinburgh, EH2 2LE",500 to 999,23.1,0,45.8,14.8,93
2017-2018,5632,"1 Explorer Road, Dundee, Tayside, DD2 1EG",500 to 999,5.5,0,13.9,14.6,"87,88"
2017-2018,14275,"41 Commercial Street, Leith, Edinburgh, EH6 6JD",250 to 499,-20.6,-43.8,37.1,7.6,47
2017-2018,5650,"Airthrey Kerse Farm, Henderson Street, Bridge Of Allan, Stirlingshire, FK9 4RW",500 to 999,-17,6,-607.4,-64.2,70
2017-2018,5679,"South Road, South Road, Fraserburgh, Aberdeenshire, Scotland, AB43 9HU",500 to 999,11.2,-3.6,40.6,0,29
2017-2018,5680,"Gray & Adams, South Road, Fraserburgh, Scotland, AB43 9HU",250 to 499,14.6,-7.5,54.6,0,29
2017-2018,16746,"Headless Cross, Gretna Green, Gretna, Dumfriesshire, DG16 5EA",250 to 499,8.9,0,53.3,24.4,47
2017-2018,5755,"300 Bath Street, Floor 5, Glasgow, United Kingdom, G2 4JR",1000 to 4999,0.2,-0.4,0,0,82
2017-2018,5812,"100 Albert Drive, Glasgow, G41 2SJ",250 to 499,-25.1,31.8,34,48.9,43
2017-2018,17561,"C/O Quantuma Advisory Limited, 86a George Street, Edinburgh, EH2 3BU",250 to 499,0.1,0.1,0.2,0.2,86
2017-2018,17576,"Halliburton House Howe Moss Crescent, Dyce, Aberdeen, AB21 0GN",1000 to 4999,6.2,-6.6,69,83,82
2017-2018,5924,"Broadmeadows, Symington, Ayrshire, KA1 5PU",250 to 499,5.7,0,0,0,"87,88"
2017-2018,12392,"Markethill Road, Turriff, Aberdeenshire, AB53 4PA",250 to 499,26.7,18.1,79.9,87.9,46
2017-2018,5949,"1 Robroyston Gate, Robroyston, Glasgow, Scotland, G33 1JN",500 to 999,16.1,10.4,47,14.1,"58,82"
2017-2018,5968,"454 Hillington Road, Glasgow, Scotland, G52 4FH",250 to 499,20.8,13.4,57.2,46.5,"45,45,45"
2017-2018,6025,"The Mound, Edinburgh, EH1 1YZ","20,000 or more",25.9,26.4,54.1,48,70
2017-2018,6046,"C/O Bdo Llp, 2 Atlantic Square, 31 York Street, Glasgow, G2 8NJ",250 to 499,18,0,0,0,96
2017-2018,17320,"Collins House, Rutland Square, Edinburgh, Midlothian, EH1 2AA",250 to 499,43.1,0,49.1,-7.8,93
2017-2018,6068,"6 St. Andrew Square, Edinburgh, Scotland, EH2 2BD",1000 to 4999,13,10.5,34.3,6.1,11
2017-2018,618,"High Life Highland Highland Archive Centre, Bught Road, Inverness, Scotland, IV3 5SS",500 to 999,5.4,4.3,0,0,"85,85,91,93"
2017-2018,6178,"10 Dunkeld Road, Perth, Perthshire, United Kingdom, PH1 5TW",250 to 499,14.4,9.9,31.3,-13.6,49
2017-2018,15472,"100 Queen Street, Glasgow, Scotland, G1 3DN",250 to 499,24.7,17.1,73.9,46.1,"11,46"
2017-2018,503,"1 Highlander Way, Inverness Business & Retail Park, Inverness, Scotland, IV2 7GE",500 to 999,2.9,0,3.3,0,82
2017-2018,6179,"Stirling Street, Blackford, Perthshire, PH4 1QA",500 to 999,-15.1,-9.6,-31.7,-0.4,11
2017-2018,6180,"Head Office, Inverness Airport, Inverness, IV2 7JB",500 to 999,19.7,16.1,NA,NA,52
2017-2018,169,"C/O Ernst & Young Llp, Atria One, 144 Morrison Street, Edinburgh, Scotland, EH3 8EX","5000 to 19,999",18,1,84.6,56,47
2017-2018,6347,"Fountain House 2nd Floor, 1-3 Woodside Crescent, Glasgow, G3 7UL",250 to 499,12.2,17.5,91.9,14.9,24
2017-2018,6429,"Gateway Business Park, Moss Road, Aberdeen, AB12 3GQ",250 to 499,20,16.4,79,0,32
2017-2018,6569,"Quay House, Quay Road North, Rutherglen, Glasgow, G73 1LD",250 to 499,-36.6,-17.1,-155,-262,"23,46"
2017-2018,6580,"63 Glasgow Road, Stirling, Stirlingshire, FK7 0PA",250 to 499,28,39.7,0.9,73.4,96
2017-2018,6686,"5 South Charlotte Street, Edinburgh, Scotland, EH2 4AN",500 to 999,-9.7,-13.3,-30.9,-25,"63,70,82,82"
2017-2018,16317,"Kinnaird Head Works, Bath Street, Fraserburgh, United Kingdom, AB43 9DY",250 to 499,30.1,11.2,0,0,10
2017-2018,16960,"Waterfront Leisure Complex, Customhouse Way, Greenock, Inverclyde, PA15 1EW",250 to 499,-4,0,6,-2,"93,93,93"
2017-2018,6775,"Level 5, 9 Haymarket Square, Edinburgh, Scotland, EH3 8RY",250 to 499,33,38,1.5,-20,"43,43,43"
2017-2018,6886,"Vermont House, 149 Vermont Street, Kinning Park, Glasgow, G41 1LU",1000 to 4999,4.2,0,80.9,72,"46,47"
2017-2018,6908,"Wizu Workspace, 2 West Regent Street, Glasgow, G2 1RW",250 to 499,33,38.3,79.3,53.9,62
2017-2018,6909,"83 New Street, Stevenston, KA20 3HD",250 to 499,62,55.5,54.2,14,"33,43,43"
2017-2018,16730,"Howden Group Limited, Old Govan Road, Renfrew, Scotland, PA4 8XJ",250 to 499,12,3.2,41.3,10,28
2017-2018,6914,"Newmill, Elgin, IV30 4AF",500 to 999,25.6,16.9,99.1,98.5,"13,14,46,47"
2017-2018,6915,"Broomage Avenue, Larbert, FK5 4NQ",250 to 499,31,7,67,48,"16,16"
2017-2018,6935,"Rsm Restructuring Advisory Llp Third Floor, 2 Semple Street, Edinburgh, EH3 8BL",250 to 499,3.9,12,0,0,49
2017-2018,6951,"Forvis Mazars Capital Square, 58 Morrison Street, Edinburgh, United Kingdom, EH3 8BP",250 to 499,23.4,11.8,56.8,5.8,"70,82"
2017-2018,14118,"Jfd Westhill Industrial Estate, Enterprise Drive, Westhill, Aberdeen, AB32 6TQ",250 to 499,34.5,34.9,65.9,32.3,32
2017-2018,6992,"Alliance Centre Greenwell Road, East Tullos Industrial Estate, Aberdeen, AB12 3AX",1000 to 4999,19.2,20.7,53.6,56.3,"45,45,45,45"
2017-2018,17183,"Registered Office, Kintore, Inverurie, Aberdeenshire, Scotland, AB51 0YQ",250 to 499,2.7,1,26.7,-35.8,46
2017-2018,6998,"Deanside Road, Hillington, Glasgow, G52 4XB",500 to 999,3.3,17.6,0,0,"49,49,52,52"
2017-2018,7022,"Baird House, 4, Lower Gilmore Bank, Edinburgh, Scotland, EH3 9QP",1000 to 4999,23.7,22.7,50,64,32
2017-2018,7033,"Bishop's Court, 29 Albyn Place, Aberdeen, Scotland, AB10 1YL",500 to 999,23.5,28.7,68.1,60,82
2017-2018,7035,"272 Bath Street, Glasgow, G2 4JR",1000 to 4999,15.1,13.9,2.7,-8.9,70
2017-2018,17585,"Block 5 Dunsinane Avenue, Dunsinane Industrial Estate, Dundee, Scotland, DD2 3QN",250 to 499,-5.5,-32.5,88.1,20,"31,31"
2017-2018,7057,"14 City Quay, Dundee, Scotland, DD1 3JA",250 to 499,-0.1,0.7,0,0,82
2017-2018,7118,"13 Queens Road, Aberdeen, AB15 4YL",1000 to 4999,14,10,-63,38,10
2017-2018,7123,"C/O Interpath Ltd, 5th Floor, 130 St. Vincent Street, Glasgow, G2 5HF",500 to 999,45.7,25.9,50.6,77.3,47
2017-2018,7136,"H&P Bankhead Drive, City South Office Park, Portlethen, Aberdeen, Scotland, AB12 4XX",250 to 499,30.3,29.2,62.8,61.1,82
2017-2018,7218,"Balmalcolm Farm, Cupar, Fife, KY15 7TJ",1000 to 4999,2.3,1,-47.4,0,10
2017-2018,7228,"50 Mauchline Street, Glasgow, United Kingdom, G5 8HQ",500 to 999,6.6,-8.8,32.5,15.1,46
2017-2018,16624,"133 Finnieston Street, Floor 7, Glasgow, Scotland, G3 8HB",500 to 999,9.2,5.7,0,0,"85,87"
2017-2018,7277,"C/O Restructuring, S&W Partners Llp, Q Court, 3 Quality Street, Edinburgh, EH4 5BP",250 to 499,16.6,2.4,0,0,87
2017-2018,17109,"Saltire Centre, Pentland Court, Glenrothes, Fife, KY6 2DA",250 to 499,-7.6,0,0,0,"87,88,88"
2017-2018,7329,"Caledonian Exchange, 19a Canning Street, Edinburgh, Scotland, EH3 8HE",250 to 499,8.5,14,-12.8,0,25
2017-2018,14805,"Unit 3, Kpp Chartered Accountants Morris Park, 37 Rosyth Road, Glasgow, Scotland, G5 0YE",1000 to 4999,6,3,0,0,82
2017-2018,7539,"North Caldeen Road, Coatbridge, Lanarkshire, ML5 4EF",250 to 499,38,2.5,82.6,0,10
2017-2018,7560,"Skypark 1 8 Elliot Place, Glasgow, Scotland, G3 8EP",1000 to 4999,21.9,23.2,51.2,10.7,62
2017-2018,7566,"Rigifa, Cove, Aberdeen, AB12 3LR",250 to 499,8.5,2.8,80.5,53,"81,42,42"
2017-2018,7586,"169 West George Street, Glasgow, G2 2LB",500 to 999,0,0,3,44,56
2017-2018,7628,"3 Fountain Drive, Inchinnan Business Park, Paisley, PA4 9RF",500 to 999,8.9,5.9,26.8,7.4,32
2017-2018,7632,"Beechwood Park North, Inverness, IV2 3ED",500 to 999,14.8,10,28.4,23.5,86
2017-2018,7645,"73 Bothwell Road, Hamilton, ML3 0DW",1000 to 4999,7,9.5,-15.4,-32.3,10
2017-2018,7710,"Dewars Centre, Glover Street, Perth, Scotland, PH2 0TH",250 to 499,7.6,2.2,0,0,93
2017-2018,17326,"Live Borders Council Headquarters, Newtown St Boswells, Melrose, Scotland, TD6 0SA",250 to 499,4,5,0,0,"91,91,91,93"
2017-2018,7728,"The Mound, Edinburgh, EH1 1YZ","20,000 or more",32.8,32.8,65.2,53.1,70
2017-2018,7753,"Lightyear Building 9 Marchburn Drive, Glasgow Airport, Paisley, Renfrewshire, Scotland, PA3 2SJ",500 to 999,37.1,39.4,4.4,0,"51,51,51"
2017-2018,7766,"520 Hillington Road, Braehead, Glasgow, United Kingdom, G52 4UB",250 to 499,7,14,54,57,"45,45,45,45"
2017-2018,7856,"Sanctuary House, 7 Freeland Drive, Glasgow, Scotland, G53 6PG",250 to 499,-0.1,0,0,0,87
2017-2018,7858,"55 Annandale Street, Edinburgh, Midlothian, EH7 4AZ",1000 to 4999,7,4,75,-1,49
2017-2018,7875,"Blackadders Llp, 10 Euclid Crescent, Dundee, Scotland, DD1 1AG",250 to 499,7.8,1.8,70.9,-66.7,70
2017-2018,7896,"Balmore House, 1497 Balmore Road, Glasgow, G23 5HD",250 to 499,11.6,-0.5,31.3,-125,42
2017-2018,7904,"East Quay, The Harbour, Peterhead, Aberdeenshire, United Kingdom, AB42 1JF",Less than 250,11.2,14.9,79.4,93.5,96
2017-2018,7930,"C/O Leonard Curtis 4th Floor, 58 Waterloo Street, Glasgow, G2 7DA",250 to 499,7.6,0,-202.8,-50,"55,93"
2017-2018,8406,"1 Enterprise Drive, Westhill Industrial Estate, Westhill, Aberdeen, Aberdeenshire, Scotland, Scotland, AB32 6TQ",250 to 499,23.1,31.6,36.3,66.7,82
2017-2018,7963,"Whiteside House, Whiteside Industrial Estate, Bathgate, West Lothian, United Kingdom, EH48 2RX",1000 to 4999,16.4,0,-16.8,-6,55
2017-2018,7965,"Whiteside House, Whiteside Industrial Estate, Bathgate, West Lothian, United Kingdom, EH48 2RX",250 to 499,11.8,0,-60,-53.4,55
2017-2018,7966,"Brodies House, 31-33 Union Grove, Aberdeen, United Kingdom, AB10 6SD",250 to 499,24,-4.4,-11.7,-100,10
2017-2018,7971,"Wheatfield Road, Edinburgh, EH11 2QA",250 to 499,16,16.1,-15.7,0,21
2017-2018,14389,"15-17 Henderson Road, Inverness, IV1 1SN",250 to 499,29.6,8.5,62.5,2.9,NA
2017-2018,7980,"Lochlea Farm, Craigie, Kilmarnock, Scotland, KA1 5NN",1000 to 4999,47.5,10.2,59.7,86.6,70
2017-2018,7945,"C/O Teneo Financial Advisory, 66 Hanover Street, Edinburgh, EH2 1EL",1000 to 4999,47.5,10.2,59.7,86.6,47
2017-2018,7985,"Main Office, Glenbervie, Stonehaven, Scotland, AB39 3YG",250 to 499,17.2,1.2,34.4,-17.6,10
2017-2018,7991,". Hunter Avenue, Loanhead, Scotland, EH20 9SL",250 to 499,26,32,0,0,"28,28,28,28"
2017-2018,8012,"1 Tweedside Park, Tweedbank, Galashiels, Scotland, TD1 3TE",250 to 499,13.9,9.8,93.1,84.6,20
2017-2018,8068,"The Office Bowfield Road, Howwood, Johnstone, Renfrewshire, PA9 1DZ",250 to 499,7,9,1.5,0,55
2017-2018,8073,"8 Melville Street, Edinburgh, Lothian, Scotland, EH3 7NS",250 to 499,0,0,0,0,87
2017-2018,8092,"1st Floor Admiralty Park, Admiralty Road, Rosyth, Fife, KY11 2YW",500 to 999,18.3,5.1,21.2,31.6,32
2017-2018,17383,"C/O Brodies Llp Capital Square, 58 Morrison Street, Edinburgh, United Kingdom, EH3 8BP",250 to 499,0,0,44.6,1.9,10
2017-2018,8138,"The Whins, Alloa, Clackmannanshire, FK10 3TA",250 to 499,-0.3,1,68.7,100,41
2017-2018,8195,"Elliott House, Kilwinning Road, Irvine, KA12 8TG",250 to 499,7,0,99,81,49
2017-2018,8220,"Kelvin Avenue, Hillington, Glasgow, G52 4LF",500 to 999,17.9,0,0,0,22
2017-2018,8232,"C/O Harper Macleod Llp The Ca'D'Oro, 45 Gordon Street, Glasgow, Scotland, G1 3PE",250 to 499,8.5,7.9,55.9,60.7,"45,45,45,45"
2017-2018,8234,"Exchange Tower 3rd Floor, 19 Canning Street, Edinburgh, Scotland, EH3 8EG",1000 to 4999,5.9,2.8,-0.2,9.7,82
2017-2018,8241,"10 Keppochhill Drive, Glasgow, G21 1HX",250 to 499,6.1,3.3,19.7,0,70
2017-2018,8243,"99 Earnhill Road, Larkfield Industrial Estate, Greenock, Renfrewshir, PA16 0EQ",500 to 999,10,4,0,0,49
2017-2018,8254,"Heathfield House Phoenix Crescent, Strathclyde Business Park, Bellshill, North Lanarkshire, Scotland, ML4 3NJ",250 to 499,39.8,45.6,79.8,79.3,41
2017-2018,8262,"Third Floor, The Capitol, 431 Union Street, Aberdeen, United Kingdom, AB11 6DA",250 to 499,2.9,3.8,14.8,-86.5,49
2017-2018,8269,"Lydiafield, Standalane, Annan, Scotland, DG12 5JR",250 to 499,-2.4,0,0,0,"86,86"
2017-2018,8274,"Lime Tree House, North Castle Street, Alloa, United Kingdom, FK10 1EX",1000 to 4999,3.7,-1.3,-1900,-1900,86
2017-2018,18502,"55 Douglas Street, Glasgow, United Kingdom, G2 7NP",250 to 499,19.4,15.5,10.4,0,74
2017-2018,15681,"Verdant 2 Redheughs Rigg, South Gyle, Edinburgh, Scotland, EH12 9DQ",250 to 499,-10.2,-9.7,5.7,-8.5,53
2017-2018,8368,"2 Young Place, East Kilbride, Glasgow, Scotland, G75 0TD",250 to 499,4,7,0,0,25
2017-2018,8371,"42 Dryden Road, Bilston Ind Estate, Loanhead, Midlothian, Scotland, EH20 9LZ",Not Provided,17.1,12.7,-49,-25,"70,82"
2017-2018,8442,"Carmuirs House, 300 Stirling Road, Larbert, Stirlingshire, FK5 3NJ",250 to 499,3.9,0.6,-4.7,-271.9,49
2017-2018,8475,"Miller House, 2 Lochside View, Edinburgh Park, Edinburgh, EH12 9DH",500 to 999,18.3,11.6,-18.8,-26.3,41
2017-2018,8546,"Mitsubishi Electric Air Conditioning, Nettlehill Road, Houstoun Industrial Estate, Livingston, EH54 5EQ",500 to 999,8.8,-11.7,9.7,-1.4,"27,28"
2017-2018,8610,"5 Charlotte Lane, 5 Charlotte Lane, Edinburgh, Scotland, EH2 4QZ",250 to 499,6,0,19,0,56
2017-2018,8640,"3 Gateway Court, Glasgow, Scotland, G40 4DS",250 to 499,60,47.9,0,0,43
2017-2018,8645,"Apleona House, Crosshill Street, Motherwell, Scotland, ML1 1RU",500 to 999,21.9,35.2,62.3,63.2,"43,43,43,43"
2017-2018,8711,"Polbeth Industrial Estate, West Calder, EH55 8TJ",250 to 499,10.1,19.2,-24.7,-600.1,"37,41,42,42"
2017-2018,17761,"13 Winchester Avenue, Denny, Scotland, FK6 6QE",250 to 499,12.8,0,11.9,-1.5,38
2017-2018,8936,"125 Fullarton Drive, Glasgow East Investment Park, Glasgow, Scotland, G32 8FG",250 to 499,18,17,29,73,58
2017-2018,9062,"Portal And Townhouse, 66 High Street, Irvine, United Kingdom, KA12 0AZ",250 to 499,-10.5,-0.2,0,0,"93,93"
2017-2018,9078,"1 Ardgoil Drive, Cumbernauld, Glasgow, G68 9NE",500 to 999,6,4,0,0,93
2017-2018,9119,"Lindsayfield Lodge, Rosaburn Avenue, East Kilbride, Glasgow,, G75 9DE",250 to 499,20.5,6.5,59.8,60,87
2017-2018,9146,"Maxim 3 2nd Floor, Suite 2b 2 Parklands Avenue, Eurocentral, Holytown, Motherwell, Scotland, ML1 4WQ",250 to 499,25,18,75,-56,"45,45"
2017-2018,9259,"Head Office, 40 Lambhill Street, Kining Park, Glasgow, G41 1AU",250 to 499,-2.7,0,0,0,87
2017-2018,9317,"Site E6, Moss Road, Gateway Business Park, Nigg, Aberdeen, Scotland, AB12 3GQ",Not Provided,14.5,10.4,37.7,20.5,91
2017-2018,9382,"Minerva House, Bruntland Road, Portlethen, Aberdeen, Aberdeenshire, AB12 4QL",250 to 499,-2.8,-11.8,100,100,82
2017-2018,9389,"200 St. Vincent Street, Glasgow, Scotland, G2 5SG",1000 to 4999,28.3,11.4,52.1,51.1,86
2017-2018,17316,"Mill Dene Beanburn, Ayton, Eyemouth, Scotland, TD14 5QY",250 to 499,0,-0.6,0,0,78
2017-2018,9430,"Orion House, Castleheather, Inverness, IV2 6AA",500 to 999,25.7,11.6,49.4,-118.8,78
2017-2018,9513,"59 Charles Street, Glasgow, Scotland, G21 2PR",250 to 499,3.6,2.3,4.3,1.5,86
2017-2018,9520,"Studio 3002 Mile End Mill, 12 Seedhill Road, Paisley, Scotland, PA1 1JS",500 to 999,8.3,0,-92.2,-24.6,78
2017-2018,9530,"Paterson Building, Gartsherrie Road, Coatbridge, Lanarkshire, ML5 2EU",250 to 499,6.4,3.8,52.9,42.9,81
2017-2018,9595,"Park House, 14 Bothwell Road, Hamilton, Lanarkshire, ML3 0AY",1000 to 4999,19.1,12,59.3,49.8,"45,45,45,45"
2017-2018,9592,"Rosehall, The Square, Grantown-On-Spey, Scotland, PH26 3HG",250 to 499,-6.4,0,0,0,87
2017-2018,9593,"Park House, 14 Bothwell Road, Hamilton, Lanarkshire, ML3 0AY",250 to 499,8.3,7.2,57.7,-2.4,49
2017-2018,9607,"West Kirk, 84a Portland Street, Kilmarnock, Ayrshire, KA3 1AA",250 to 499,0.8,0,0,0,88
2017-2018,15102,"Gartsherrie Road, Coatbridge, ML5 2EU",250 to 499,-10.7,-14.6,78.7,58.3,"81,81,38"
2017-2018,9665,"Suite B, 4th Floor Meridian, Union Row, Aberdeen, AB10 1SA","5000 to 19,999",12,0,54.8,13.3,47
2017-2018,9721,"Orchard Brae House, 30 Queensferry Road, Edinburgh, Scotland, EH4 2HS",Not Provided,4.6,0,0,0,"86,87,88,94"
2017-2018,16193,"Thistle House, 21/23 Thistle Street, Edinburgh, EH2 1DF","5000 to 19,999",17.7,1.3,-60.9,4,78
2017-2018,9772,"Clyde Offices 2nd Floor, 48 West George Street, Glasgow, Scotland, G2 1BP",500 to 999,25.2,17.7,62.2,35.5,45
2017-2018,9780,"Thorntons Solicitors Whitehall House, 33 Yeaman Shore, Dundee, Scotland, DD1 4BJ","5000 to 19,999",43.7,27.6,90.5,-20,86
2017-2018,16377,"Bridge View, 1 North Esplanade West, Aberdeen, AB11 5QF",1000 to 4999,35.5,41.4,46.9,51.7,91
2017-2018,9786,"Bo'Ness Road, Grangemouth, Stirlingshire, FK3 9XH",250 to 499,16.3,6.6,-1.1,5.5,19
2017-2018,14376,"R A Clement Associates, 5 Argyll Square, Oban, Argyll, Scotland, PA34 4AZ",Less than 250,21.2,31.7,44.7,13.9,"23,70"
2017-2018,9872,"7 West Adam Street, Edinburgh, Scotland, EH8 9SX",250 to 499,-0.3,0,0,0,"88,88"
2017-2018,9884,"Pinnacle Hill, Kelso, Roxburghshire, TD5 8XX",500 to 999,32,27,62,87,27
2017-2018,9987,"4th Floor, Saltire Court, 20 Castle Terrace, Edinburgh, EH1 2EN",250 to 499,49.6,53.2,63.3,74.2,70
2017-2018,10009,"Building 620, Orangefield, Prestwick Airport, Ayrshire, KA9 2PQ",250 to 499,19.2,22.2,13.7,0,52
2017-2018,18086,"4th Floor, 58 Waterloo Street, Glasgow, G2 7DA",Less than 250,-21.5,3.8,-898.7,-973,78
2017-2018,18068,"C/O Clyde Offices, 48 West George Street, Glasgow, G2 1BP",250 to 499,7.9,0,26.5,40.1,78
2017-2018,10100,"Blackwood House, Union Grove Lane, Aberdeen, AB10 6XU",500 to 999,34.1,22.1,0,0,"28,71,77"
2017-2018,10111,"5 Central Way, Kildean Business Park, Stirling, United Kingdom, FK8 1FT",1000 to 4999,18.5,24.4,61.4,39.3,64
2017-2018,10117,"5 Central Way, Kildean Business Park, Stirling, United Kingdom, FK8 1FT",500 to 999,18,14.5,53,36.4,66
2017-2018,19135,"18-48 Buchanan Street, Glasgow, Scotland, G1 3JN",250 to 499,4,-2,25,33,47
2017-2018,10157,"Unit Number 215 Ettrick Riverside, Dunsdale Road, Selkirk, United Kingdom, Scotland, TD7 5EB",250 to 499,9,7,0,0,70
2017-2018,10167,"Rench Farm, Drumclog, Strathaven, South Lanarkshire, ML10 6QJ",250 to 499,33,33,39,0,"42,64,82"
2017-2018,10180,"Quarriers Head Office, 20 St. Kenneth Drive, Glasgow, Scotland, G51 4QD",1000 to 4999,3.4,0,0,0,"87,87,88,88"
2017-2018,15799,"22 West Main Street, Darvel, Ayrshire, KA17 0AQ",Less than 250,2.9,13.7,0,0,"56,56"
2017-2018,10218,"2411 London Road, Glasgow, G32 8XT",250 to 499,11,-10,48,-281,"42,42,42,42"
2017-2018,10230,"27 Barony Road, Auchinleck, Ayrshire, KA18 2LL",250 to 499,-2.9,0,0,0,55
2017-2018,10260,"6 Redheughs Rigg, South Gyle, Edinburgh, Scotland, EH12 9DQ",250 to 499,2.7,0,39.1,-163.3,87
2017-2018,14430,"Archibald Hope House, Station Road, Musselburgh, Scotland, EH21 7PQ",Not Provided,-3.8,0,0,0,87
2017-2018,10403,"The Lagoon Centre, Christie Street, Paisley, PA1 1NB",250 to 499,-4.4,-9.4,0,0,"90,91,93"
2017-2018,10421,"8 Nelson Mandela Place, Glasgow, Scotland, G2 1BT",1000 to 4999,-0.3,0,-6.6,0.8,82
2017-2018,14281,"8 Nelson Mandela Place, Glasgow, Scotland, G2 1BT",Less than 250,-0.9,3.8,-42.1,-16,82
2017-2018,15725,"Cargill Centre Business Park, Aberdeen Road, Laurencekirk, Aberdeenshire, AB30 1EY",250 to 499,9.6,8.3,-102.4,44,78
2017-2018,15286,"Clyde View, 22 Pottery Street, Greenock, Inverclyde, Scotland, PA15 2UZ",250 to 499,6.9,-7.9,0,0,NA
2017-2018,10544,"C/O Bosch Rexroth, Viewfield Industrial Estate, Glenrothes, KY6 2RD",500 to 999,30.2,29.9,42.2,35.1,27
2017-2018,203,"Schoolhill, Aberdeen, AB10 1FE",250 to 499,5.2,-7.9,0,0,NA
2017-2018,10558,"10 Perimeter Road, Pinefield Inustrial Estate, Elgin, Moray,, IV30 6AE",500 to 999,28.9,14.4,81,0,81
2017-2018,17323,"Westpoint Westpoint, 4 Redheughs Rigg, South Gyle, Edinburgh, Eh12 9dq, Scotland, EH12 9DQ",500 to 999,0,0,431,324,78
2017-2018,10592,"1 Dow Avenue, Prestwick International, Aerospace Park, South Ayrshire, KA9 2SA",250 to 499,-2.6,-8.6,-3.1,-35.4,30
2017-2018,16945,"Muir Of Ord Industrial Estate, Muir Of Ord, Ross-Shire, IV6 7UA",250 to 499,33,31,100,100,"25,28,33,43"
2017-2018,10617,"BABCOCK INTERNATIONAL, Rosyth Business Park, Rosyth, Dunfermline, Fife, KY11 2YD",1000 to 4999,6.7,4.7,34.3,67,30
2017-2018,310,"65 Sussex Street, Glasgow, Scotland, G41 1DX",250 to 499,12.2,14.9,6.9,49.5,74
2017-2018,10726,"Rwg (Repair & Overhauls) Limited Kirkhill Drive, Kirkhill Industrial Estate, Dyce, Aberdeen, Scotland, AB21 0EU",250 to 499,11,11,-7,-65,28
2017-2018,10770,"Orwell Bakery Loanhead Avenue, Lochore, Fife, KY5 8DD",500 to 999,23.7,12.8,70.6,41.2,"11,14,10,47"
2017-2018,10753,"1 Wellheads Avenue, Dyce, Aberdeen, AB21 7PB",250 to 499,9.8,18.1,-25.9,-67.7,"46,52"
2017-2018,10776,"112 Commercial Street, Edinburgh, Scotland, EH6 6NF",250 to 499,0.2,-2.6,0,0,"87,88"
2017-2018,10838,"Carnbroe House Finch Way, Strathclyde Business Park, Bellshill, Scotland, ML4 3PE",250 to 499,24.6,42.5,56.9,66.7,43
2017-2018,10909,"1 Neilson  Square, Deans Industrial Estate, Livingston, EH54 8RQ",1000 to 4999,6.9,-0.5,0,0,47
2017-2018,10920,"Glenugie Engineering Works, Peterhead, AB42 0YX",500 to 999,34.4,42.6,0,0,96
2017-2018,10925,"The Abattoir, Dornock, Annan, Dumfries & Galloway, Scotland, DG12 6SU",500 to 999,8,14.8,32.1,32.1,10
2017-2018,10930,"Axis House 5 Lonehead Drive, Newbridge, Edinburgh, Scotland, EH28 8TG",250 to 499,4.2,6.6,-41.7,0,35
2017-2018,10937,"Unit 7, Halbeath Interchange Business Park Kingseat Road, Halbeath, Dunfermline, Fife, KY11 8RY",500 to 999,-3.3,-7,-81.6,-1566.7,16
2017-2018,10938,"Brunswick House, 51 Wilson Street, Glasgow, G1 1UZ",500 to 999,-3.7,-1.6,0,0,"87,88"
2017-2018,17348,"Bradbury Hub, 100 Smithfield Loan, Alloa, Clackmannanshire, Scotland, FK10 1NP",500 to 999,-0.9,0.2,0,0,"85,87,88"
2017-2018,10940,"55 Douglas Street, Glasgow, United Kingdom, G2 7NP",250 to 499,19.4,15.5,10.4,0,"18,58"
2017-2018,17329,"Scottish Event Campus, Glasgow, Scotland, G3 8YW",250 to 499,8.5,0.5,35,3.6,68
2017-2018,476,"Inveralmond House, 200 Dunkeld Road, Perth, PH1 3AQ",1000 to 4999,20.7,20.1,46.8,20,35
2017-2018,477,"Inveralmond House, 200 Dunkeld Road, Perth, PH1 3AQ",250 to 499,33.4,36.1,48.7,25.5,35
2017-2018,15342,"39 Elmbank Crescent, Glasgow, G2 4PT",Less than 250,8.7,7.2,0,0,90
2017-2018,412,"320 St. Vincent Street, Glasgow, Scotland, G2 5AD",250 to 499,23.2,21.9,43.1,30.7,70
2017-2018,10944,"Murrayfield, Edinburgh, EH12 5PJ",250 to 499,52,35,80,57,"93,93"
2017-2018,10946,"Kingseat Road, Halbeath, Dunfermline, Fife, KY11 8RY",250 to 499,25.7,20,0,0,94
2017-2018,10947,"1-3 Lochside Crescent, Edinburgh, United Kingdom, EH12 9SE",250 to 499,-1.2,1.9,-8.1,-15,"36,46,82"
2017-2018,10949,"The Mound, Edinburgh, United Kingdom, EH1 1YZ",1000 to 4999,19.5,16.5,49.5,33,66
2017-2018,10951,"320 St. Vincent Street, Glasgow, Scotland, G2 5AD",1000 to 4999,21.3,30.5,66.8,71.6,"35,35"
2017-2018,10953,"320 St. Vincent Street, Glasgow, Scotland, G2 5AD",250 to 499,20.2,15.5,56.6,48.4,35
2017-2018,10975,"Turnberry House, 6th Floor, 175 West George Street, Glasgow, Scotland, G2 2LB",1000 to 4999,-3,-4.1,-31.9,-176.7,"78,78"
2017-2018,10986,"300 Bath Street, Floor 5, Glasgow, United Kingdom, G2 4JR",1000 to 4999,0.2,-0.4,0,0,64
2017-2018,17258,"Lloyd's Register Kingswells Causeway, Prime Four Business Park, Kingswells, Aberdeen, Scotland, AB15 8PU",250 to 499,35.5,34,0,0,91
2017-2018,82,"43 Middlesex Street, Glasgow, G41 1EE",1000 to 4999,3.1,0,0,0,"87,88,88"
2017-2018,1455,"42 Dryden Road, Bilston Ind Estate, Loanhead, Midlothian, EH20 9LZ",1000 to 4999,41.6,44.8,60,34.8,"43,43,43,61"
2017-2018,11074,"Muir Of Ord Industrial Estate, Great North Road, Muir Of Ord, Ross-Shire, IV6 7UA",250 to 499,32.9,29.5,68.3,37.8,"20,20"
2017-2018,11100,"C/O Ernst & Young Llp Atria One, 144 Morrison Street, Edinburgh, EH3 8EX",1000 to 4999,8,0,71.5,80.5,55
2017-2018,11120,"C/O Johnston Carmichael, 227 West George Street, Glasgow, G2 2ND",250 to 499,19.8,33,39,54.6,82
2017-2018,253,"Shin-Etsu Handotai Europe Ltd Wilson Road, Toll Roundabout, Eliburn, Livingston, West Lothian, Scotland, EH54 7DA",250 to 499,13.7,9.8,24.5,9.1,26
2017-2018,16183,"Blenheim House, Fountainhall Road, Aberdeen, AB15 4DT",250 to 499,10.6,6.7,8.9,-22.6,55
2017-2018,11199,"2nd Floor Saltire Court, 20 Castle Terrace, Edinburgh, United Kingdom, EH1 2EN",250 to 499,14.8,11.4,31.4,15,69
2017-2018,11245,"165 Howard Street, Glasgow, G1 4HF",500 to 999,20.4,9.1,46.5,27.2,47
2017-2018,11246,"Turnberry Hotel, Ayrshire, KA26 9LT",250 to 499,13.7,0,48.9,53.5,"55,93,96,96"
2017-2018,11306,"Neo Space, Riverside Drive, Aberdeen, Scotland, AB11 7LH",Not Provided,16.2,18.7,56.6,0.5,56
2017-2018,11380,"Council Offices, Almada Street, Hamilton, Scotland, ML3 0EW",1000 to 4999,2.3,1.5,0,0,"90,91,91,93"
2017-2018,11432,"Cms Cameron Mckenna Nabarro Olswang, 1 West Regent Street, Glasgow, Scotland, G2 1AP",250 to 499,16.4,13.4,46.1,33.5,63
2017-2018,11434,"320 St. Vincent Street, Glasgow, Scotland, G2   5AD",1000 to 4999,14.9,17.8,-4.1,0,96
2017-2018,11440,"Grampian House, 200 Dunkeld Road, Perth, Scotland, PH1 3GH",250 to 499,26.7,15.9,37.1,1.2,"70,82"
2017-2018,17296,"Trojan House Pegasus Avenue, Phoenix Business Park, Paisley, PA1 2BH",250 to 499,14.7,2.2,5.7,-25,87
2017-2018,11449,"Alliance Centre Greenwell Road, East Tullos Industrial Estate, Aberdeen, AB12 3AX",1000 to 4999,19.2,20.7,53.6,56.3,"45,45,45,45"
2017-2018,297,"1 Marchfield Drive, Westpoint Business Park, Paisley, Renfrewshire, Scotland, PA3 2RB",250 to 499,0.7,0,0,0,81
2017-2018,11490,"28 Albyn Place, Aberdeen, United Kingdom, AB10 1YL",500 to 999,-12.8,-12.7,0,0,82
2017-2018,11499,"Stuart House Eskmills, Station Road, Musselburgh, East Lothian, Scotland, EH21 7PB",1000 to 4999,0.9,0.1,0,0,81
2017-2018,11506,"Alexander Fleming House, 8 Southfield Drive, Elgin, Morayshire, IV30 6GR",500 to 999,-0.1,5.9,-363.4,-1123.6,"41,41"
2017-2018,11525,"Peter Wilson Building, King's Buildings, West Mains Road, Edinburgh, EH9 3JG",1000 to 4999,18.4,27.3,0,0,"72,75,85"
2017-2018,474,"Cadworks, 41 West Campbell Street, Glasgow, Scotland, G2 6SE",500 to 999,24.9,24.6,7.8,-25.5,43
2017-2018,470,"Cadworks, 41 West Campbell Street, Glasgow, Scotland, G2 6SE",1000 to 4999,-5.8,0,-0.9,26.4,82
2017-2018,393,"Inveralmond House, 200 Dunkeld Road, Perth, Perthshire, PH1 3AQ","20,000 or more",22,19.3,32.5,9.1,70
2017-2018,14240,"C/O Begbies Traynor, 2 Bothwell Street, Glasgow, G2 6LU",Not Provided,-5,6,0,0,NA
2017-2018,16683,"Sycamore House, 72 Carnethie Street, Rosewell, Midlothian, EH24 9AW",250 to 499,15.9,16.9,0,0,"87,88"
2017-2018,16096,"St Andrews Bay Golf Resort & Spa, St. Andrews, Fife, KY16 8PN",250 to 499,9.1,3.4,-31.3,49.5,55
2017-2018,11648,"1 George Street, Edinburgh, United Kingdom, EH2 2LL","5000 to 19,999",35,29,64,35,82
2017-2018,11650,"1 George Street, Edinburgh, EH2 2LL","5000 to 19,999",47,37,69,68,70
2017-2018,11665,"Block 3, Units 1,2,3 & 4, Thornliebank Industrial Estate, Glasgow, G46 8JW",250 to 499,41,48.5,52.2,52.5,28
2017-2018,11705,"76 Moss Road, Tillicoultry, Scotland, FK13 6NS",500 to 999,12,11,29,73,47
2017-2018,11713,"C/O Teneo Financial Advisory Limited, 66 Hanover Street, Edinburgh, EH2 1EL",500 to 999,18.1,8.4,-364.7,-1740.2,"41,70"
2017-2018,11715,"Tofthill, Glencarse, Perth, PH2 7LS",250 to 499,13,0,88.8,45.2,"11,11"
2017-2018,11744,"Altrad Howe Moss Crescent, Dyce, Aberdeen, Scotland, AB21 0GN",1000 to 4999,30.5,37.4,48,29,91
2017-2018,14967,"Randolph Hill, Fankerton, Denny, FK6 5HJ",250 to 499,4.9,-5.6,0,0,86
2017-2018,11757,"C/O Interpath Ltd, 5th Floor, 130 St. Vincent Street, Glasgow, G2 5HF",250 to 499,-6.8,0,36.8,16.7,55
2017-2018,16191,"Pacific Quay, Glasgow, G51 1PQ",500 to 999,22.8,17.3,56,34,60
2017-2018,11780,"East Campus Prospect Road, Arnhall Business Park, Westhill, Aberdeenshire, AB32 6FE",1000 to 4999,39.4,39.8,59.4,91.1,82
2017-2018,15445,"3rd Floor Turnberry House, 175 West George Street, Glasgow, G2 2LB",250 to 499,-0.9,0,-16.6,-25,56
2017-2018,11827,"96 Kirk Road, Wishaw, Scotland, ML2 7BL",250 to 499,0.2,0,0,0,88
2017-2018,11908,"Nether Road, Galashiels, Selkirkshire, TD1 3HE",1000 to 4999,10,2.6,47,0,82
2017-2018,11957,"G1 Building, 5 George Square, Glasgow, G2 1DY",500 to 999,9.2,16.7,-13.2,-716.3,77
2017-2018,12001,"61 Hydepark Street, Glasgow, Strathclyde, G3 8BW",500 to 999,6.7,6.7,34.2,20,47
2017-2018,12040,"44/48 East Dock Street, Dundee, DD1 3JS",250 to 499,1,4,-122,-122,49
2017-2018,12086,"1 Central Park Avenue,, Central Business Park, Larbert, Falkirk, FK5 4RX","5000 to 19,999",9.1,-0.2,52.9,23.2,61
2017-2018,12123,"Wellpark Brewery, 161 Duke Street, Glasgow, G31 1JD",250 to 499,11.4,21.3,64.8,-33.3,46
2017-2018,12129,"Newhouse Industrial Estate, Newhouse, Motherwell, Lanarkshire, ML1 5RY",250 to 499,1.3,-6.9,26.3,2.7,28
2017-2018,12139,"2 South Gyle Crescent, Edinburgh, United Kingdom, EH12 9FQ",1000 to 4999,29.2,14.6,61.6,21.6,64
2017-2018,12180,"The Prentice Centre, 1 Granton Mains Avenue, Edinburgh, Scotland, EH4 4GA",500 to 999,2.7,7,6,18,"87,88"
2017-2018,12188,"Maxim 3, 2nd Floor, Suite 2b 2 Parklands Avenue, Eurocentral, Holytown, Motherwell, Scotland, ML1 4WQ",500 to 999,20.7,11.9,77.1,-60.5,70
2017-2018,17767,"35-37 Racecourse Road, Ayr, Scotland, KA7 2TG",Less than 250,8,2.4,0,0,86
2017-2018,12339,"100 Queen Street, Glasgow, Scotland, G1 3DN",500 to 999,25.5,9.8,73.3,11.8,11
2017-2018,12417,"The James Hutton Institute, Invergowrie, Dundee, DD2 5DA",500 to 999,16,12.6,0,0,72
2017-2018,12471,"Inspire House 3 Renshaw Place, Eurocentral, Lanarkshire, ML1 4UF",500 to 999,-0.5,0,0,0,82
2017-2018,14264,"The Green House Forrest Estate, Dalry, Castle Douglas, Kirkcudbrightshire, United Kingdom, DG7 3XS",250 to 499,26,28,40,50,74
2017-2018,12495,"Old Course Hotel, Golf Resort And Spa, St Andrews, Fife,, KY16 9SP",250 to 499,1.1,-1,28.3,48.4,55
2017-2018,15715,"Ibrox Stadium, 150 Edmiston Drive, Glasgow, G51 2XD",250 to 499,65,20,100,100,93
2017-2018,560,"36 St. Andrew Square, Edinburgh, Scotland, EH2 2YB","20,000 or more",37.2,36.5,64.4,36.6,66
2017-2018,17645,"28 Drumsheugh Gardens, Edinburgh, Scotland, EH3 7RN",250 to 499,-26,-19,-168,52,32
2017-2018,16374,"Blenheim House, Fountainhall Road, Aberdeen, AB15 4DT",250 to 499,21.7,8.9,59.8,5,56
2017-2018,12667,"Thistle Centre Of Wellbeing, 13 Queen's Walk, Edinburgh, Scotland, EH16 4EA",250 to 499,0.4,2.6,0,0,"87,88,88,96"
2017-2018,12668,"3a Scholars Gate, East Kilbride, Glasgow, Scotland, G75 9JL",500 to 999,-3.6,0,0,0,86
2017-2018,12670,"Thistle Seafoods Limited Harbour Street, Boddam, Peterhead, Scotland, AB42 3AU",250 to 499,10.8,0,NA,NA,"10,46"
2017-2018,12690,"34 Old Mill Road, Uddingston, G71 7HH",500 to 999,19.6,0,58.6,62.3,32
2017-2018,12771,"Gpc Glasgow 120 Cambuslang Road, Clydesmill Industrial Estate, Glasgow, Scotland, G32 8NB",250 to 499,1.7,0,-5.1,-374.4,45
2017-2018,12798,"C/O Wri Associates Ltd Third Floor, Turnberry House, 175 West George Street, Glasgow, G2 2LB",250 to 499,10.9,0,0,0,47
2017-2018,12836,"100 Dalsetter Avenue, Glasgow, Scotland, G15 8TE",250 to 499,6.8,6.9,6.5,-56.8,42
2017-2018,355,"Henry Duncan House, 120 George Street, Edinburgh, EH2 4LH",Not Provided,31,24,53,37,64
2017-2018,13028,"Merchants House, 7 West George Street, Glasgow, G2 1BA",1000 to 4999,1.2,0,0,0,"86,87"
2017-2018,13032,"Napier Building Reynolds Avenue, East Kilbride, Glasgow, Scotland, G75 0AF",500 to 999,29.3,29,54.4,49.4,74
2017-2018,13134,"2 Craignethan Drive, Gartcosh, Glasgow, Scotland, G69 8GQ",250 to 499,5.8,4.9,42.8,7.6,"22,25"
2017-2018,13147,"110 Easter Queenslie Road, Glasgow, Lanarkshire, G33 4UL",250 to 499,-17,-76,50,33,46
2017-2018,13200,"1 Meadowhead Road, Irvine, Ayrshire, KA11 5AT",500 to 999,11.9,9.8,-11.6,7.6,17
2017-2018,13250,"Newmains Avenue, Inchinnan, Renfrewshire, PA4 9RR",500 to 999,15.3,5.5,32.2,1.2,32
2017-2018,15097,"Woodside Way, Glenrothes East, Fife, KY7 4ND",250 to 499,27,34,33,29,46
2017-2018,17440,"Ernst & Young Llp Atria One, 144 Morrison Street, Edinburgh, EH3 8EX",250 to 499,18.1,18.1,29.7,7.9,62
2017-2018,9203,"Penguin House, Castle Riggs, Dunfermline, Fife, Scotland, KY11 8SG",500 to 999,31,35,50,33,70
2017-2018,13299,"C/O Brodies Llp Capital Square, 58 Morrison Street, Edinburgh, EH3 8BP",250 to 499,21.6,7.3,52.5,54.9,46
2017-2018,13300,"C/O Brodies Llp Capital Square, 58 Morrison Street, Edinburgh, EH3 8BP",1000 to 4999,1.2,0.7,24.9,21.3,47
2017-2018,16590,"4 South Oswald, Edinburgh, EH9 2HG",250 to 499,-1.9,1.4,8.4,0,87
2017-2018,13316,"1st Floor Left, 161 Brooms Road, Dumfries, Scotland, DG1 2SH",1000 to 4999,-1.4,-0.6,-46.4,-30,80
2017-2018,13423,"Brookfield House, Burnbrae Drive, Linwood Industrial Estate, Linwood, PA3 3BU",1000 to 4999,9.5,2.1,44,44.1,49
2017-2018,566,"Aberlour House, Aberlour-On-Spey, Banffshire, AB38 9LD",1000 to 4999,14.6,3.8,21.8,-1.2,10
2017-2018,13478,"21-24 Wellmeadow, Blairgowrie, PH10 6AT",250 to 499,10.1,0,-12.1,-19.4,86
2017-2018,13548,"C/O INTERPATH, 5th Floor, 130 St. Vincent Street, Glasgow, G2 5HF",250 to 499,14.4,0,0,0,47
2017-2018,13576,"10th Floor, 1 West Regent Street, Glasgow, Scotland, G2 1RW",250 to 499,21.1,18,88.4,61.9,"28,33,33,71"
2017-2018,301,"Kyleshill House, Glencairn Street, Saltcoats, Ayrshire, KA21 5JT",500 to 999,20.3,2.7,82.1,37.3,82
2017-2018,15616,"Xcite Bathgate Balbardie Park, Torphichen Road, Bathgate, West Lothian, EH48 4LA",500 to 999,-13.6,5.9,0,0,93
2017-2018,13649,"C/O Cib Services, 63 Kenneth Street, Stornoway, Eilean Siar, HS1 2DS",1000 to 4999,21.4,7.6,0,0,"56,86"
2017-2018,7855,"Willow House Kestrel View, Strathclyde Business Park, Bellshill, Scotland, ML4 3PB",250 to 499,-1.3,0,0,0,"87,87,88,88"
2017-2018,17374,"C/O Brodies Llp Capital Square, 58 Morrison Street, Edinburgh, United Kingdom, EH3 8BP",250 to 499,-10.1,0,0,0,86
2017-2018,13753,"4th Floor St. Vincent Plaza, 319 St. Vincent Street, Glasgow, Scotland, G2 5RG",250 to 499,24.9,20.8,64.2,36.3,11
2017-2018,13784,"The Glenfiddich Distillery, Dufftown, Keith, Scotland, AB55 4DH",500 to 999,17.1,10.5,39.6,5.8,11
2017-2018,13798,"49 Burnbrae Road, Linwood, Paisley, Renfrewshire, PA3 3BD",250 to 499,-13.5,-18.1,-26.6,-50,"38,38,38,38"
2017-2018,13887,"Sir Ian Wood House Hareness Road, Altens Industrial Estate, Aberdeen, Scotland, AB12 3LE",1000 to 4999,16.6,23.1,18.1,-37.6,91
2017-2018,13888,"Level 3, 6 St Andrew Square, Edinburgh, EH2 2BD",500 to 999,32.7,25.8,54.5,42.4,91
2017-2018,13994,"Building 1 9 Haymarket Square, Edinburgh, Scotland, EH3 8RY","5000 to 19,999",11,12,66,45,"49,52"
2017-2018,14072,"1 Tanfield, Edinburgh, EH3 5DA",250 to 499,6.7,0.2,33.9,0,26
2018-2019,16879,"19 Smith's Place, Leith Walk, Edinburgh, EH6 8NU",250 to 499,7.7,-4.2,23.7,-75.2,47
2018-2019,17484,"Suite 1, Ground Floor Academy House, 1346 Shettleston Road, Glasgow, Scotland, G32 9AT",250 to 499,1,0,NA,NA,"86,88"
2018-2019,14399,"Fairview Mill, Ingliston, Newbridge, Midlothian, EH28 8NB",250 to 499,12.7,7.4,57.6,0,"14,10"
2018-2019,142,"George Street, Coupar Angus, Blairgowrie, Perthshire, PH13 9LU",1000 to 4999,4.6,2.3,4.1,-2,10
2018-2019,1838,"Westfield House, 4 Mollins Road, Cumbernauld, G68 9HD",500 to 999,4.1,-1.9,24.9,-5,11
2018-2019,777,"72 Milton Road, Kirkcaldy, Fife, Scotland, KY1 1TP",500 to 999,-7.3,-5.9,NA,NA,86
2018-2019,787,"58 Robertson Street, Glasgow, Scotland, G2 8DU","5000 to 19,999",18.8,28,16.1,0,49
2018-2019,789,"1 George Street, Edinburgh, United Kingdom, EH2 2LL",500 to 999,30,19,47,30,64
2018-2019,790,"1 George Street, Edinburgh, United Kingdom, EH2 2LL",500 to 999,40,41,67,72,64
2018-2019,17554,"38 Castle Street, Aberdeen, AB11 5YU",500 to 999,17.1,3.1,NA,NA,"85,87,87,87"
2018-2019,17218,"Pittodrie Stadium, Pittodrie Street, Aberdeen, AB24 5QH",250 to 499,55.6,26.6,75,65.3,"93,93"
2018-2019,791,"Aberdeen Airport, Dyce, Aberdeen, AB21 7DU",250 to 499,15,16,48,25,51
2018-2019,792,"Courier Buildings, 2 Albert Square, Dundee, Scotland, DD1 9QJ",250 to 499,15.7,13.3,44.7,80,"18,58"
2018-2019,793,"Aberdeen Sports Village, Linksfield Road, Aberdeen, Scotland, AB24 5RU",250 to 499,1.7,1.1,100,100,93
2018-2019,794,"Kintail House, Forthside Way, Stirling, Stirlingshire, Scotland, FK8 1QZ",250 to 499,7,0,0,0,96
2018-2019,65,"50 Lothian Road, Festival Square, Edinburgh, Scotland, EH3 9WJ",250 to 499,20.8,15.1,51,66.6,63
2018-2019,16687,"The Peak, Forthside Way, Stirling, Scotland, FK8 1QZ",250 to 499,0.7,-8.9,NA,NA,"93,93"
2018-2019,18552,"Gateside, 6 Back Road, Dollar, FK14 7EA",250 to 499,-1,0,41,29,56
2018-2019,915,"C/O Brodies Llp Capital Square, 58 Morrison Street, Edinburgh, United Kingdom, EH3 8BP",500 to 999,19.5,19,31.1,44.7,82
2018-2019,922,"Caldergrove House 4 Linnet Way, Strathclyde Business Park, Bellshill, Lanarkshire, Scotland, ML4 3RA",1000 to 4999,17.6,22.3,34.9,52,41
2018-2019,950,"Aegon Lochside Crescent, Edinburgh Park, Edinburgh, Scotland, EH12 9SE",1000 to 4999,35,26,62.4,33.1,82
2018-2019,977,"The Wright Business Centre, Lonmay Road, Glasgow, Scotland, G33 4EL",1000 to 4999,-1.1,2.2,-18.4,-21.2,56
2018-2019,308,"Lomondgate, Stirling Road, Dumbarton, Scotland, G82 3RG",500 to 999,17.9,22.4,29.1,15.2,77
2018-2019,19084,"5 James Hamilton Way, Milton Bridge, Penicuik, Scotland, EH26 0BF",250 to 499,17.9,3.3,50,1.6,21
2018-2019,1075,"New Monkland, 251 Stirling Road, Airdrie, Lanarkshire, ML6 7SP",500 to 999,25.5,4.6,44.4,0,46
2018-2019,489,"7 Hadden Street, Aberdeen, AB11 6NU",Less than 250,7,3,NA,NA,88
2018-2019,1095,"9 Central Boulevard, Larbert, United Kingdom, FK5 4RU",1000 to 4999,8.7,5.5,41.4,28.6,29
2018-2019,14866,"1 George Street, Edinburgh, Scotland, EH2 2LL",250 to 499,34,16,64,0,64
2018-2019,1145,"230 Balmore Road, Glasgow, Lanarkshire, G22 6LJ",500 to 999,1.2,3,34.4,-43.8,"29,45,45,45"
2018-2019,1146,"Level 2 The Beacon, 176 St. Vincent Street, Glasgow, G2 5SG",250 to 499,20.4,30,-189.5,25,"41,42"
2018-2019,1186,"Badentoy Crescent, Portlethen, Aberdeen, AB12 4YD",500 to 999,30.9,35.6,-10.8,-0.1,91
2018-2019,1194,"69 North Gyle Terrace, Edinburgh, Scotland, EH12 8JY",500 to 999,6.9,17.5,0,0,86
2018-2019,1275,"28 Albyn Place, Aberdeen, United Kingdom, AB10 1YL",1000 to 4999,4,3,75,15,81
2018-2019,18132,"Angus House, Orchardbank Business Park, Forfar, Angus, DD8 1AN",500 to 999,-12.5,-24.8,0,0,"90,91,91,93"
2018-2019,1325,"Apex Hotels House, 1 Mid New Cultins, Edinburgh, Scotland, EH11 4DH",1000 to 4999,11.1,5.7,27.8,3.1,55
2018-2019,1343,"Block 2 Units C And D, West Mains Industrial Estate, Grangemouth, Stirlingshire, FK3 8YE",250 to 499,45.2,44.7,-192.5,-1432.7,71
2018-2019,1377,"2 Marischal Square, Broad Street, Aberdeen, Scotland, AB10 1DQ",500 to 999,46.7,44.9,84.1,43.1,91
2018-2019,1417,"454 Hillington Road, Glasgow, Scotland, G52 4FH","5000 to 19,999",13.3,9.9,50,45,"45,45,45"
2018-2019,1418,"454 Hillington Road, Glasgow, Scotland, G52 4FH",500 to 999,-6,-15.7,-6.2,3.6,77
2018-2019,1427,"Arr Craib Transport Ltd Howe Moss Drive, Kirkhill Industrial Estate, Dyce, Aberdeen, AB21 0GL",250 to 499,-3.1,-8.2,NA,NA,49
2018-2019,1465,"9 George Square, Glasgow, United Kingdom, G2 1DY",250 to 499,-1.8,-13.1,63.4,81.2,82
2018-2019,17341,"6 Coates Crescent, Edinburgh, Midlothian, EH3 7AL",1000 to 4999,4,0.7,43.3,2.5,78
2018-2019,1474,"Asco Group Headquarters Unit A, 11 Harvest Avenue, D2 Business Park, Dyce, Aberdeen, AB21 0BQ",500 to 999,19.2,2.5,85.6,93.7,96
2018-2019,1455,"42 Dryden Road, Bilston Ind Estate, Loanhead, Midlothian, EH20 9LZ",1000 to 4999,40,44.4,86.8,56,"43,43,43,61"
2018-2019,8371,"42 Dryden Road, Bilston Ind Estate, Loanhead, Midlothian, Scotland, EH20 9LZ",1000 to 4999,16.8,15.7,64.7,0,"70,82"
2018-2019,17345,"AVENUE SCOTLAND LTD, 18a Dickson Street, Dunfermline, Fife, Scotland, KY12 7SL",250 to 499,0.1,0.6,NA,NA,88
2018-2019,1639,"AVIAGEN LTD, 11 Lochend Road, Ratho Station, Newbridge, Midlothian, EH28 8SZ",250 to 499,17.3,0.8,47.1,16.7,14
2018-2019,1718,"C/O Dwf Llp Sentinel, 103 Waterloo Street, Glasgow, Scotland, Scotland, G2 7BW",500 to 999,16.8,26.6,48,21.9,77
2018-2019,16110,"Rosyth Business Park, Rosyth, Dunfermline, Fife, KY11 2YD",250 to 499,19,17.4,35.6,61,74
2018-2019,1724,"Rosyth Business Park, Rosyth, Dunfermline, Fife, KY11 2YD",1000 to 4999,19.5,19.5,16.2,-18.2,84
2018-2019,1759,"BALHOUSIE CARE GROUP, Earn House, Lamberkine Drive, Perth, PH1 1RA",1000 to 4999,0,0,NA,NA,86
2018-2019,1764,"Balmoral Park, Loirston, Aberdeen, AB12 3GY",250 to 499,9.1,-12.5,13.9,-3,22
2018-2019,1843,"Libertas House, 5th Floor, 39 St. Vincent Place, Glasgow, United Kingdom, G1 2ER",500 to 999,16.4,14.6,60.6,38.2,79
2018-2019,1875,"12 Charlotte Square, Edinburgh, Scotland, EH2 4DJ",1000 to 4999,-4.2,3,-65.9,-540,"10,10,10,10"
2018-2019,1877,"8 Fairways Business Park, Deer Park Avenue, Livingston, Scotland, EH54 8AF",500 to 999,17.2,13,54,51,82
2018-2019,15376,"Floor 3 1 - 4 Atholl Crescent, Edinburgh, Scotland, EH3 8HA",250 to 499,20.2,8.7,6.1,0,73
2018-2019,1922,"Bear House,Inveralmond Road, Inveralmond Industrial Estate, Perth, PH1 3TW",500 to 999,5.1,8.4,-111,-19,42
2018-2019,1925,"Garscube Estate, Switchback Road, Bearsden, Glasgow, G61 1BD",250 to 499,11.5,8,NA,NA,72
2018-2019,1954,"Bell Business Park, Rochsolloch Road, Airdrie, ML6 9BG",1000 to 4999,-9.6,1,17.1,4.5,"43,43,43"
2018-2019,2002,"Newfield House, 1 New Street, Musselburgh, East Lothian, EH21 6HY",500 to 999,4.1,0,NA,NA,88
2018-2019,2067,"4 Greenhole Place, Bridge Of Don Industrial Estate, Aberdeen, AB23 8EU",1000 to 4999,29,40,-132,12,39
2018-2019,2078,"13 Queens Road, Aberdeen, AB15 4YL",250 to 499,22,26,33,68,74
2018-2019,18085,"C/O Clyde Offices, 48 West George Street, Glasgow, G2 1BP",Less than 250,1.2,7.7,NA,NA,82
2018-2019,2159,"10 Dunkeld Road, Perth, Perthshire, United Kingdom, PH1 5TW",500 to 999,9.4,4.1,-15.4,0,49
2018-2019,4871,"6th Floor, Quartermile 4 7a Nightingale Way, Edinburgh, Scotland, EH3 9EG",500 to 999,34.8,32.4,79.5,53.3,82
2018-2019,2214,"Marischal College Marischal College, Broad Street, Aberdeen, Scotland, AB10 1AB",500 to 999,-2.4,-4.8,0,0,88
2018-2019,18699,"Excel House Europoint Office Park 1 Renshaw Place, Holytown, Motherwell, Scotland, ML1 4UF",250 to 499,41.5,38.8,NA,NA,43
2018-2019,2359,"Clyde Offices, 2nd Floor, 48 West George Street, Glasgow, G2 1BP",250 to 499,3.6,-3.3,-19.4,0,11
2018-2019,2360,"Clyde Offices, 2nd Floor, 48 West George Street, Glasgow, G2 1BP",500 to 999,5.6,10.5,14.5,6.1,56
2018-2019,2367,"Baltic Works, Kilbarchan Road, Bridge Of Weir, Renfrewshire, PA11 3RH",250 to 499,11.8,4.8,NA,NA,15
2018-2019,2386,"Seaforth House, Seaforth Place, Burntisland, Fife, KY3 9AX",500 to 999,15.8,15.8,21.9,38.6,"32,33,42"
2018-2019,15096,"18 Blythswood Square, Glasgow, Scotland, G2 4BG",1000 to 4999,10,8.7,32,62.9,78
2018-2019,14449,"6 Atlantic Quay, Glasgow, Scotland, G2   8JB",250 to 499,21.4,16,72.5,74.6,70
2018-2019,18095,"Triest House, Bridge Street, Galashiels, Selkirkshire, Scotland, TD1 1SW",Less than 250,0,-1,0,0,86
2018-2019,2504,"Unit1 Greystone Avenue, Kelloholm, Sanquhar, Dumfriesshire, DG4 6RB",500 to 999,1.5,0,59,0,10
2018-2019,2527,"Unit 7, Halbeath Interchange Business Park Kingseat Road, Halbeath, Dunfermline, Fife, Scotland, KY11 8RY",500 to 999,3.4,3.4,-26.2,-113.1,32
2018-2019,15496,"1 Lochside Place, Edinburgh, EH12 9DF",500 to 999,1.9,6.8,-337.3,0,85
2018-2019,2613,"Grange House, 34 Grange Street, Kilmarnock, Ayrshire, Scotland, KA1 2DD",500 to 999,11,4,-46,-35,82
2018-2019,2635,"Gardeners Street, Dunfermline, KY12 0RN",250 to 499,17.7,24.2,79.6,88.9,41
2018-2019,2648,"78 Longtown Road, Dundee, Tayside, DD4 8JU",1000 to 4999,17.1,5.1,26,-9.4,"46,47"
2018-2019,2674,"Adam House, 5 Mid New Cultins, Edinburgh, EH11 4DU",1000 to 4999,25.1,28.8,38.2,16.1,"41,68"
2018-2019,2687,"1 North Charlotte Street, Edinburgh, Scotland, EH2 4HR",500 to 999,5.2,2.1,NA,NA,56
2018-2019,14487,"6th Floor, Sugar Bond, 2 Anderson Place, Edinburgh, Scotland, EH6 5NP",250 to 499,5.1,0.8,-16.8,-46.6,96
2018-2019,2696,"The Ferry Terminal, Gourock, PA19 1QP",500 to 999,13.1,6.6,18.6,5.2,50
2018-2019,2738,"Caledonian Exchange, 19a Canning Street, Edinburgh, Scotland, EH3 8HE",250 to 499,-18.3,-11.8,100,100,"10,10"
2018-2019,265,"Vantage Point, 24 St Johns Road, Edinburgh, Scotland, EH12 6NZ",500 to 999,4.1,0,NA,NA,"85,85,87,88"
2018-2019,2790,"Atria One, 144 Morrison Street, Edinburgh, EH3 8EX",500 to 999,20.2,27.9,60.3,21.2,62
2018-2019,2844,"Unit 9, Ramsay House Callendar Business Park, Callendar Road, Falkirk, United Kingdom, FK1 1XR",250 to 499,2.5,-0.9,NA,NA,87
2018-2019,2879,"23/25 Huntly Street, Inverness, Scotland, IV3 5PR",250 to 499,17.7,0,60.2,49.5,"92,93"
2018-2019,2894,"Craigmillar Social Enterprise And Arts Centre, 11 Harewood Road, Edinburgh, EH16 4NT",1000 to 4999,0.1,0,NA,NA,"87,88,88"
2018-2019,18655,"1 Boat Brae, Rattray, Blairgowrie, Scotland, PH10 7BH",250 to 499,27.9,14.8,41,23.6,36
2018-2019,2943,"1 George Square, Glasgow, Scotland, G2 1AL",500 to 999,14.7,14.4,12,18.2,21
2018-2019,2976,"Caledonia House, 2 Lawmoor Street, Glasgow, Strathclyde, G5 0US",500 to 999,31.2,31.8,82.9,0,"43,43,43,71"
2018-2019,2989,"1 Cambuslang Road, Glasgow, G32 8NB",250 to 499,13.2,22,78.9,63.1,"41,41,41"
2018-2019,3018,"Celtic Park, Glasgow, G40 3RE",1000 to 4999,27.9,0.4,53.3,35.5,"93,93"
2018-2019,3108,"Elphinstone Research Centre, Tranent, EH33 2NE",1000 to 4999,19.1,6.8,68.9,33.3,72
2018-2019,3130,"Sugar Bond Anderson Place, Leith, Edinburgh, Scotland, EH6 5NP",250 to 499,18.5,20.2,3.3,13.1,78
2018-2019,3153,"Troon House, Ardeer Site, Stevenston, Ayrshire,, KA20 3LN",250 to 499,30,31,51,0,82
2018-2019,19073,"Second Floor, Hobart House, 80 Hanover Street, Edinburgh, Scotland, EH2 1EL",250 to 499,16,30,NA,NA,86
2018-2019,17156,"Canal Court, 42 Craiglockhart Avenue, Edinburgh, EH14 1LT",250 to 499,30.3,3.3,NA,NA,86
2018-2019,3207,"3rd Floor, 146 Argyle Street, Glasgow, Lanarkshire, G2 8BL",250 to 499,10,3.5,-7.5,-26.2,47
2018-2019,211,"Kilmalid, Stirling Road, Dumbarton, Scotland, G82 2SS",1000 to 4999,7.9,10.1,23,31.3,11
2018-2019,3264,"7 B Nightingale Way, Quartermile, Edinburgh, Scotland, EH3 9EG",250 to 499,20.9,15.8,66,36.9,62
2018-2019,3280,"Caledonia House, 2 Lawmoor Street, Glasgow, G5 0US",500 to 999,14.1,7.1,84.1,0,81
2018-2019,3281,"Caledonia House, Lawmoor Street, Glasgow, G5 0US","5000 to 19,999",13.8,1.7,41.3,0,81
2018-2019,18455,"Caledonia House, 2 Lawmoor Street, Glasgow, Strathclyde, G5 0US",250 to 499,22.7,30.9,-0.1,0,81
2018-2019,17630,"23 Mcfarlane Street, Paisley, PA3 1RY",250 to 499,35.9,31.4,35,56.4,"41,43,43"
2018-2019,3333,"First Floor, 9 Haymarket Square, Edinburgh, Scotland, EH3 8RY",250 to 499,14.6,0,-146,-146,55
2018-2019,3391,"149 Newlands Road, Cathcart, Glasgow, G44 4EX",Less than 250,11.5,8.7,9,-47,28
2018-2019,85,"177 Bothwell Street, Glasgow, Scotland, G2 7ER","5000 to 19,999",36,38,56,41,64
2018-2019,18719,"C/O Alvarez & Marsal Europe Llp, Sutherland House, 149 St Vincent Street, Glasgow, Scotland, G2 5NW",250 to 499,12.2,12,16.6,-6.2,43
2018-2019,3480,"70 Renton Street, Glasgow, G4 0HT",500 to 999,3.6,0,0,0,"87,88"
2018-2019,17923,"6 Muriel Street, Barrhead, Glasgow, G78 1QB",250 to 499,5.9,0,95.4,89.7,81
2018-2019,19105,"14 City Quay, Camperdown Street, Dundee, Scotland, DD1 3JA",250 to 499,-0.6,0,NA,NA,86
2018-2019,16252,"C/O Frp Advisory Trading Ltd, Suite B, 4th Floor, Meridian, Union Row, Aberdeen, AB10 1SA",250 to 499,6.6,0,0,0,82
2018-2019,3544,"C/O Brodies Llp, 110 Queen Street, Glasgow, United Kingdom, G1 3BX",250 to 499,19.7,23.5,23.1,34.1,32
2018-2019,3577,"The Doges Studios Templeton Business Centre, 62 Templeton Street, Glasgow, Scotland, G40 1DA",1000 to 4999,-0.4,0,0,0,"87,88,88,88"
2018-2019,3614,"Highgrove House Hotel, Loans, Troon, Scotland, KA10 7HL",250 to 499,12.9,0,NA,NA,"55,56"
2018-2019,3683,"Benmhor, Saddell Street, Campbeltown, Argyll, Scotland, PA28 6DN",250 to 499,-1.3,3.4,-100,-100,49
2018-2019,16944,"2 Queens Road, Aberdeen, Scotland, AB15 4ZT",500 to 999,2,0,36,0,56
2018-2019,3730,"Crieff Hydro Hotel, Ferntower Road, Crieff, Perthshire, PH7 3LQ",250 to 499,7.1,-3,69.6,23.2,55
2018-2019,3748,"C/O Enable Scotland Unit 3, Melisa House,, 3 Brand Place, Glasgow, Scotland, G51 1DR",250 to 499,0.6,-0.2,NA,NA,88
2018-2019,3774,"16 Walker Street, Edinburgh, Scotland, EH3 7LP",250 to 499,31.2,36,57.3,56.6,"41,41,41"
2018-2019,3809,"Summerlee Museum Of Scottish Industrial Life, Heritage Way, Coatbridge, Lanarkshire, ML5 1QD",500 to 999,4.8,-1.9,NA,NA,"90,91,91,91"
2018-2019,3828,"Heathhall, Dumfries, DG1 3NX",250 to 499,3.8,9.9,78.2,-30.2,49
2018-2019,19110,"Empire House 1/1 131 West Nile Street, Glasgow, Scotland, G1 2RX",250 to 499,7,15,56,27,82
2018-2019,3857,"10 Keppochhill Drive, M8 Food Park, Glasgow, G21 1HX",250 to 499,6,-0.9,1.6,0,10
2018-2019,3858,"Courier Buildings, 2 Albert Square, Dundee, Scotland, DD1 9QJ",500 to 999,22.9,15.4,61.3,27.1,58
2018-2019,3863,"C/O T C Young Merchants House, 7 West George Street, Glasgow, Scotland, G2 1BA",1000 to 4999,3,0,33,-100,56
2018-2019,3883,"8 Belgowan Street, Bellshill North Industrial Est, Bellshill, Lanarkshire, ML4 3NS",250 to 499,2.2,-0.9,38,7,"46,46"
2018-2019,3903,"C/O Brodies Llp Capital Square, 58 Morrison Street, Edinburgh, United Kingdom, EH3 8BP",500 to 999,9.4,11.6,-368,0,"25,25"
2018-2019,3934,"Caulfield House, Cradlehall Business Park, Inverness, IV2 5GH",250 to 499,-0.8,0,0,0,86
2018-2019,3938,"C/O Frp Advisory Trading Ltd Apex 3, 95 Haymarket Terrace, Edinburgh, Eh12 5hd, EH12 5HD",500 to 999,7.6,0.2,0,0,10
2018-2019,3985,"Collins House, Rutland Square, Edinburgh, Midlothian, EH1 2AA",1000 to 4999,26.9,6.2,NA,NA,82
2018-2019,4076,"Moodiesburn, Chryston, G69 0JE",250 to 499,8.7,6.2,-3.4,7.5,10
2018-2019,103,"11 Lochside Place, Edinburgh, Scotland, EH12 9HA",1000 to 4999,10.4,18,30.7,53.7,11
2018-2019,4123,"C/O Brodies Llp, Capital Square, 58 Morrison Street, Edinburgh, Scotland, EH3 8BP",250 to 499,26.3,29.2,89.9,-1.9,73
2018-2019,4134,"Unit 7/8 Whitemyres Avenue, Mastrick Industrial Estate, Aberdeen, Aberdeenshire, AB16 6HQ",1000 to 4999,8.8,16.1,-82.5,-191.7,45
2018-2019,4148,"8 Milton Road, College Milton North, East Kilbride, G74 5BU",250 to 499,18.4,3,39.1,-8,"11,46,82"
2018-2019,4175,"Melville Nurseries, Lasswade, Midlothian, Scotland, EH18 1AZ",1000 to 4999,17.7,0.2,35.3,-12.5,82
2018-2019,4187,"Newfordpark House, Glamis Road, Forfar, Angus, DD8 1FR",250 to 499,12.9,7.9,40,0,13
2018-2019,4191,"Donaldson House Saltire Centre, Pentland Park, Glenrothes, Fife, Scotland, KY6 2AG",250 to 499,-3.3,-15.3,-35.7,-1629.3,16
2018-2019,14700,"Park House, 14 Bothwell Road, Hamilton, Lanarkshire, ML3 0AY",250 to 499,10.7,10.7,15.6,-3.8,45
2018-2019,4225,"Building D2003, Dounreay, Thurso, Caithness, KW14 7TZ",1000 to 4999,9.2,7.7,17.9,11.1,"38,39,43"
2018-2019,12780,"C/O Addleshaw Goddard, 24, St. Andrew Square, Edinburgh, Scotland, EH2 1AF",500 to 999,-23.5,-16.1,-4.8,25,"24,28"
2018-2019,4264,"Stoneywood Park, Stoneywood Road, Dyce, Aberdeen, AB21 7DZ",250 to 499,24.3,25.2,34.9,0,25
2018-2019,4328,"C/O Frp Advisory Trading Limited Apex 3, 95 Haymarket Terrace, Edinburgh, EH12 5HD",250 to 499,15.1,0.5,69,46.2,46
2018-2019,4354,"11 First Road, Blantyre Industrial Estate, Blantyre, Glasgow, G72 0ND",250 to 499,20.5,24.9,34.6,8.4,41
2018-2019,4386,"Kirkintilloch Town Hall Union Street, Kirkintilloch, Glasgow, Scotland, G66 1DH",Less than 250,0,0,NA,NA,"91,91,91,93"
2018-2019,18958,"1 Burnfield Avenue, Thornliebank, Glasgow, Scotland, G46 7TL",250 to 499,4,0,NA,NA,"90,91,93,93"
2018-2019,28,"8 Westerton Road, East Mains Industrial Estate, Broxburn, West Lothian, Scotland, EH52 5AU",1000 to 4999,31.9,26.2,57.6,51,70
2018-2019,17396,"30 Miller Road, Ayr, KA7 2AY",500 to 999,0,0,-97.2,0,78
2018-2019,18827,"Eden Court Theatre, Bishop's Road, Inverness, IV3 5SA",Less than 250,14.3,20.8,NA,NA,90
2018-2019,389,"Edinburgh Airport, Edinburgh, EH12 9DN",500 to 999,16.7,7.4,60.7,7.2,52
2018-2019,531,"Meadowbank Sports Centre, 139 London Road, Edinburgh, Scotland, EH7 6AE",500 to 999,-1,0,0,0,"93,93"
2018-2019,4484,"The Potterrow, 5/2 Bristo Square, Edinburgh, EH8 9AL",500 to 999,8.2,8,NA,NA,85
2018-2019,4485,"C/O FRP ADVISORY TRADING LIMITED, Apex 3 95 Haymarket Terrace, Edinburgh, EH12 5HD",1000 to 4999,20.9,0,80.7,62,47
2018-2019,4489,"100 Queen Street, Glasgow, Scotland, G1 3DN",500 to 999,25.5,6.7,72.7,7.7,11
2018-2019,4526,"Hercules House Eskmills,, Station Road, Musselburgh, Scotland, EH21 7PQ",250 to 499,-1,-1,NA,NA,88
2018-2019,4555,"Rolland House Unit 10 Newbridge Industrial Estate, Cliftonhall Road, Newbridge, Scotland, EH28 8PJ",250 to 499,10.4,1,-50.9,36.6,"78,86"
2018-2019,17480,"Haughhead, Hawick, Roxburghshire, TD9 8LF",250 to 499,3,0,27.6,12.1,"20,25"
2018-2019,4606,"Inspire House 3 Renshaw Place, Eurocentral, Lanarkshire, ML1 4UF",Less than 250,-5.2,0.4,NA,NA,88
2018-2019,4607,"Inspire House 3 Renshaw Place, Eurocentral, Lanarkshire, ML1 4UF",1000 to 4999,-2.7,-0.1,NA,NA,88
2018-2019,4621,"Enermech House, Howes Road, Aberdeen, Scotland, AB16 7AG",500 to 999,3.5,3.1,58.3,60,82
2018-2019,4654,"The Olive House Endeavour Drive, Arnhall Business Park, Westhill, Aberdeenshire, Scotland, AB32 6UF",500 to 999,22.5,15.9,43.6,0,56
2018-2019,13798,"49 Burnbrae Road, Linwood, Paisley, Renfrewshire, PA3 3BD",250 to 499,-22.2,-14.5,-23,-123,"38,38,38,38"
2018-2019,4706,"The Erskine Home, Erskine Veterans Village, Bishopton, Renfrewshire, Scotland, PA7 5PU",500 to 999,0,0,0,0,"86,87"
2018-2019,4714,"Suite 1/14 Falkirk Business Hub, 45 Vicar Street, Falkirk, Stirlingshire, Scotland, FK1 1LL",500 to 999,2,1,24,63,56
2018-2019,4752,"10 /16, 10 Colvilles Place, East Kilbride, G75 0SN",250 to 499,-20.5,-0.1,-56,5.4,46
2018-2019,3469,"10 Empress Court, St Andrew Street, Greenock, Inverclyde, PA15 4RW",250 to 499,13,2,NA,NA,81
2018-2019,4800,"3 Inchcorse Place, Whitehill Industrial Estate, Bathgate, Scotland, EH48 2EE",250 to 499,22.5,24.7,53.5,0,96
2018-2019,208,"Atria One, 144 Morrison Street, Edinburgh, Scotland, EH3 8EX",1000 to 4999,14.6,16,50.2,57,72
2018-2019,15729,"Kirkton House, Kirkton Of Cults, Pitlessie, Fife, KY15 7TE",500 to 999,-1.5,0,65.9,25.6,56
2018-2019,4904,"Suite 1a The Falkirk Stadium, 4 Stadium Way, Falkirk, FK2 9EE",500 to 999,6.4,6.9,0,0,"90,91,91,93"
2018-2019,4915,"7 Greens Road, Cumbernauld, Glasgow, G67 2TU",1000 to 4999,6.5,27.7,-29.7,13.6,52
2018-2019,4916,"7 Greens Road, Blairlinn, Cumbernauld, G67 2TU",1000 to 4999,12.2,0,57.1,16,47
2018-2019,4919,"Station Road, Duns, Berwickshire, TD11 3HS",500 to 999,4.2,5.8,-34.5,-27.8,10
2018-2019,16989,"C/O Teneo Restructurng Limited, 100 West George Street, Glasgow, Scotland, G2 1PJ",250 to 499,7.6,-10.1,40.8,0,30
2018-2019,4974,"Iona House John Smith Business Park, Grantsmuir Road, Kirkcaldy, Fife, Scotland, KY2 6NA",250 to 499,-2.2,0,NA,NA,"90,91,91,91"
2018-2019,4975,"10 Dunkeld Road, Perth, Perthshire, United Kingdom, PH1 5TW",1000 to 4999,10,10.8,-2.3,0,49
2018-2019,4976,"Music Institute, Carnegie Hall, East Port, Dunfermline, Fife, KY12 7JA",500 to 999,1,0,NA,NA,93
2018-2019,5000,"395 King Street, Aberdeen, AB24 5RP",250 to 499,9.1,1.2,6.1,23.1,49
2018-2019,5012,"100 Cathcart Road, Glasgow, G42 7BH",1000 to 4999,9.4,11.4,-9.1,0,49
2018-2019,5013,"100 Cathcart Road, Glasgow, G42 7BH",500 to 999,3.4,10.3,23.3,20,49
2018-2019,18815,"Carmuirs House, 300 Stirling Road, Larbert, Stirlingshire, FK5 3NJ",250 to 499,13.8,1.7,NA,NA,49
2018-2019,5050,"Edenfields, Cupar Trading Estate, Cupar, United Kingdom, KY15 4SX",500 to 999,8.4,0,80.9,92,96
2018-2019,5067,"The Cross, Uddingston, Glasgow, G71 7ES",500 to 999,2.3,0,48.9,33.3,93
2018-2019,5152,"Forth House, Pirnhall Business Park, Stirling, FK7 8HW",1000 to 4999,41.9,43,75.8,60.5,41
2018-2019,5155,"1 Prince Of Wales Dock, Edinburgh, Midlothian, EH6 7DX",250 to 499,2.8,2.8,7.9,0,52
2018-2019,5179,"C/O Brodies Llp Capital Square, 58 Morrison Street, Edinburgh, United Kingdom, EH3 8BP",250 to 499,-9.7,-7.9,NA,NA,86
2018-2019,5200,"19 Queen Street, Glasgow, G1 3ED",250 to 499,19,10,40,26,47
2018-2019,5269,"28 Albyn Place, Aberdeen, United Kingdom, AB10 1YL",500 to 999,19.9,18.8,45.9,43.1,71
2018-2019,17680,"16 Carsegate Road South, Inverness, IV3 8LL",250 to 499,-9.9,15.5,0,0,43
2018-2019,5327,"Abbeymill Business Centre 12 Seedhill Road, Suite 5004, Paisley, Scotland, PA1 1JS",1000 to 4999,1.7,0.2,NA,NA,81
2018-2019,5328,"Hamilton House, 70 Hamilton Drive, Glasgow, G12 8DR",1000 to 4999,10.3,2,44,59.4,56
2018-2019,5329,"Hamilton House, 70 Hamilton Drive, Glasgow, G12 8DR",1000 to 4999,10.3,2,44,59.4,56
2018-2019,5330,"Hamilton House, 70 Hamilton Drive, Glasgow, United Kingdom, G12 8DR",250 to 499,-10.1,-3,-30.3,-9.1,47
2018-2019,5380,"Citypoint 2, 25 Tyndrum Street, Glasgow, Scotland, G4 0JY",1000 to 4999,-2.3,-7.1,7.9,-72.4,77
2018-2019,15873,"Ibrox Stadium, 150 Edmiston Drive, Glasgow, G51 2XD",250 to 499,12,0,NA,NA,80
2018-2019,5398,"Tinwald Downs Road, Heathhall, Dumfries & Galloway, Scotland, DG1 1TS",250 to 499,19.3,13,43.7,12.1,"15,22,70"
2018-2019,660,"Monument Crescent, Shawfarm Industrial Estate, Prestwick, KA9 2RX",500 to 999,-4,7.6,-51.8,-25.6,52
2018-2019,5452,"43 Inchmuir Road, Bathgate, Scotland, EH48 2EP",250 to 499,4.3,3.2,40.2,-100,10
2018-2019,5523,"St Andrews Drive, Glasgow Airport, Paisley, PA3 2SW",500 to 999,14,9,27,17,51
2018-2019,14168,"Commonwealth House, 38 Albion Street, Glasgow, Scotland, G1 1LH",1000 to 4999,-11.2,-6.3,NA,NA,91
2018-2019,5524,"Glasgow Prestwick Airport, Aviation House, Prestwick, Ayrshire, KA9 2PL",250 to 499,10.1,17.1,NA,NA,"51,51,51"
2018-2019,5548,"Gleneagles Hotel, Auchterarder, Perthshire, PH3 1NF",500 to 999,8,1,80,61,55
2018-2019,5558,"Port Of Nigg, Ross-Shire, Scotland, IV19 1QU",500 to 999,39,69,100,100,25
2018-2019,5599,"C/O Frp Advisory Trading Limited Ardmore House, 40-42 George Street, Edinburgh, EH2 2LE",500 to 999,21.3,0,38.9,21.4,93
2018-2019,5632,"1 Explorer Road, Dundee, Tayside, DD2 1EG",500 to 999,5.6,0,10.2,6.4,"87,88"
2018-2019,14275,"41 Commercial Street, Leith, Edinburgh, EH6 6JD",250 to 499,-3.7,0,66.4,90.9,47
2018-2019,5650,"Airthrey Kerse Farm, Henderson Street, Bridge Of Allan, Stirlingshire, FK9 4RW",500 to 999,-8,11,-10,93,70
2018-2019,5679,"South Road, South Road, Fraserburgh, Aberdeenshire, Scotland, AB43 9HU",500 to 999,12.8,2.6,42.7,0,29
2018-2019,5680,"Gray & Adams, South Road, Fraserburgh, Scotland, AB43 9HU",250 to 499,17,4.9,58,0,29
2018-2019,16746,"Headless Cross, Gretna Green, Gretna, Dumfriesshire, DG16 5EA",250 to 499,11.8,0.9,32.3,17.6,47
2018-2019,5755,"300 Bath Street, Floor 5, Glasgow, United Kingdom, G2 4JR",1000 to 4999,-1.2,-0.9,NA,NA,82
2018-2019,5812,"100 Albert Drive, Glasgow, G41 2SJ",250 to 499,-11.7,37.5,67.2,70,43
2018-2019,17561,"C/O Quantuma Advisory Limited, 86a George Street, Edinburgh, EH2 3BU",250 to 499,0.1,0.1,0.1,0.1,86
2018-2019,5888,"Unit 1 Greystone Avenue, Kelloholm, Sanquhar, United Kingdom, DG4 6RB",250 to 499,-1,0,14,0,10
2018-2019,17576,"Halliburton House Howe Moss Crescent, Dyce, Aberdeen, AB21 0GN",1000 to 4999,14,5,48,63,82
2018-2019,5924,"Broadmeadows, Symington, Ayrshire, KA1 5PU",250 to 499,4.2,0,NA,NA,"87,88"
2018-2019,5949,"1 Robroyston Gate, Robroyston, Glasgow, Scotland, G33 1JN",500 to 999,16.5,10.2,56.5,11.5,"58,82"
2018-2019,5968,"454 Hillington Road, Glasgow, Scotland, G52 4FH",250 to 499,16.1,10.1,50,47.1,"45,45,45"
2018-2019,6025,"The Mound, Edinburgh, EH1 1YZ","20,000 or more",25.8,26.3,57.4,57.3,70
2018-2019,17320,"Collins House, Rutland Square, Edinburgh, Midlothian, EH1 2AA",250 to 499,38.7,0,100,100,93
2018-2019,6068,"6 St. Andrew Square, Edinburgh, Scotland, EH2 2BD",1000 to 4999,12.9,7.8,38.5,23.5,11
2018-2019,618,"High Life Highland Highland Archive Centre, Bught Road, Inverness, Scotland, IV3 5SS",500 to 999,5.3,7.2,0,0,"85,85,91,93"
2018-2019,6178,"10 Dunkeld Road, Perth, Perthshire, United Kingdom, PH1 5TW",250 to 499,11.1,5.3,33.1,0,49
2018-2019,15472,"100 Queen Street, Glasgow, Scotland, G1 3DN",250 to 499,33.6,23.8,63.5,-68.2,"11,46"
2018-2019,503,"1 Highlander Way, Inverness Business & Retail Park, Inverness, Scotland, IV2 7GE",500 to 999,0.9,0,11.8,0,82
2018-2019,6179,"Stirling Street, Blackford, Perthshire, PH4 1QA",250 to 499,-7.2,-2.1,28.9,36.5,11
2018-2019,6180,"Head Office, Inverness Airport, Inverness, IV2 7JB",500 to 999,18.7,16.1,NA,NA,52
2018-2019,6347,"Fountain House 2nd Floor, 1-3 Woodside Crescent, Glasgow, G3 7UL",250 to 499,12,6.8,81.9,5,24
2018-2019,6429,"Gateway Business Park, Moss Road, Aberdeen, AB12 3GQ",250 to 499,20,15.9,NA,NA,32
2018-2019,6569,"Quay House, Quay Road North, Rutherglen, Glasgow, G73 1LD",250 to 499,-43.2,-20.7,-143.4,-175,"23,46"
2018-2019,6580,"63 Glasgow Road, Stirling, Stirlingshire, FK7 0PA",250 to 499,42.9,58.5,18,-100,96
2018-2019,6647,"Unit 2000 Academy Park Gower Street, Glasgow, Scotland, G51 1PR",500 to 999,-1.1,-2.8,0,0,"87,88"
2018-2019,6686,"5 South Charlotte Street, Edinburgh, Scotland, EH2 4AN",500 to 999,-6.4,-9,-79.3,-150,"63,70,82,82"
2018-2019,16317,"Kinnaird Head Works, Bath Street, Fraserburgh, United Kingdom, AB43 9DY",250 to 499,25,10.8,NA,NA,10
2018-2019,16960,"Waterfront Leisure Complex, Customhouse Way, Greenock, Inverclyde, PA15 1EW",250 to 499,-4.8,-0.4,7.9,4.6,"93,93,93"
2018-2019,6775,"Level 5, 9 Haymarket Square, Edinburgh, Scotland, EH3 8RY",250 to 499,28,28,2,-200,"43,43,43"
2018-2019,6886,"Vermont House, 149 Vermont Street, Kinning Park, Glasgow, G41 1LU",1000 to 4999,4.9,0,71.2,-33.3,"46,47"
2018-2019,6908,"Wizu Workspace, 2 West Regent Street, Glasgow, G2 1RW",250 to 499,32.4,35.3,78,72,62
2018-2019,6909,"83 New Street, Stevenston, KA20 3HD",250 to 499,29,37,48,4,"33,43,43"
2018-2019,16730,"Howden Group Limited, Old Govan Road, Renfrew, Scotland, PA4 8XJ",250 to 499,15,7.2,45.2,-2.2,28
2018-2019,6914,"Newmill, Elgin, IV30 4AF",1000 to 4999,24,12.7,93,49.1,"13,14,46,47"
2018-2019,18558,"Broomage Avenue, Larbert, United Kingdom, FK5 4NQ",250 to 499,-13.6,-8.8,-34.4,-6.6,16
2018-2019,6915,"Broomage Avenue, Larbert, FK5 4NQ",250 to 499,23,8,70,54,"16,16"
2018-2019,6935,"Rsm Restructuring Advisory Llp Third Floor, 2 Semple Street, Edinburgh, EH3 8BL",250 to 499,-7.4,1.5,NA,NA,49
2018-2019,6951,"Forvis Mazars Capital Square, 58 Morrison Street, Edinburgh, United Kingdom, EH3 8BP",250 to 499,15.2,10.1,52.4,0,"70,82"
2018-2019,14118,"Jfd Westhill Industrial Estate, Enterprise Drive, Westhill, Aberdeen, AB32 6TQ",250 to 499,30.9,35.8,35.5,55.9,32
2018-2019,6992,"Alliance Centre Greenwell Road, East Tullos Industrial Estate, Aberdeen, AB12 3AX",1000 to 4999,17,19,60,45,"45,45,45,45"
2018-2019,17183,"Registered Office, Kintore, Inverurie, Aberdeenshire, Scotland, AB51 0YQ",250 to 499,5.9,-3.3,26,-27,46
2018-2019,6998,"Deanside Road, Hillington, Glasgow, G52 4XB",500 to 999,4.4,11.6,NA,NA,"49,49,52,52"
2018-2019,7022,"Baird House, 4, Lower Gilmore Bank, Edinburgh, Scotland, EH3 9QP",1000 to 4999,19.7,19.1,39,52.8,32
2018-2019,7033,"Bishop's Court, 29 Albyn Place, Aberdeen, Scotland, AB10 1YL",500 to 999,21,29,72.8,70,82
2018-2019,17585,"Block 5 Dunsinane Avenue, Dunsinane Industrial Estate, Dundee, Scotland, DD2 3QN",250 to 499,-2.7,-27.2,87.4,67.4,"31,31"
2018-2019,7057,"14 City Quay, Dundee, Scotland, DD1 3JA",250 to 499,-2.4,0,0,0,82
2018-2019,7118,"13 Queens Road, Aberdeen, AB15 4YL",1000 to 4999,16,11,46,31,10
2018-2019,7123,"C/O Interpath Ltd, 5th Floor, 130 St. Vincent Street, Glasgow, G2 5HF",1000 to 4999,50.4,15.8,47,78.1,47
2018-2019,7136,"H&P Bankhead Drive, City South Office Park, Portlethen, Aberdeen, Scotland, AB12 4XX",250 to 499,26.5,33.5,58.4,69,82
2018-2019,147,"Kepak Group Limited Cookston Road, Portlethen, Aberdeen, Scotland, AB12 4QB",1000 to 4999,18,23,NA,NA,10
2018-2019,7218,"Balmalcolm Farm, Cupar, Fife, KY15 7TJ",1000 to 4999,6.8,0.8,0,0,10
2018-2019,7228,"50 Mauchline Street, Glasgow, United Kingdom, G5 8HQ",500 to 999,-0.4,-13.4,17,-4.3,46
2018-2019,16624,"133 Finnieston Street, Floor 7, Glasgow, Scotland, G3 8HB",500 to 999,-10.3,1.2,0,0,"85,87"
2018-2019,7277,"C/O Restructuring, S&W Partners Llp, Q Court, 3 Quality Street, Edinburgh, EH4 5BP",250 to 499,11,0,0,0,87
2018-2019,17109,"Saltire Centre, Pentland Court, Glenrothes, Fife, KY6 2DA",250 to 499,-6.1,0,NA,NA,"87,88,88"
2018-2019,7329,"Caledonian Exchange, 19a Canning Street, Edinburgh, Scotland, EH3 8HE",250 to 499,14.6,7.5,-94.1,-100,25
2018-2019,14805,"Unit 3, Kpp Chartered Accountants Morris Park, 37 Rosyth Road, Glasgow, Scotland, G5 0YE",1000 to 4999,7,4,0,0,82
2018-2019,7539,"North Caldeen Road, Coatbridge, Lanarkshire, ML5 4EF",250 to 499,37.1,14.4,80,0,10
2018-2019,7560,"Skypark 1 8 Elliot Place, Glasgow, Scotland, G3 8EP",1000 to 4999,16.5,18.5,31.3,0,62
2018-2019,7566,"Rigifa, Cove, Aberdeen, AB12 3LR",250 to 499,4.1,5.3,76.6,49,"81,42,42"
2018-2019,7586,"169 West George Street, Glasgow, G2 2LB",500 to 999,0.2,0,-45,-44,56
2018-2019,7628,"3 Fountain Drive, Inchinnan Business Park, Paisley, PA4 9RF",1000 to 4999,9.9,10.2,29.2,-5.3,32
2018-2019,7632,"Beechwood Park North, Inverness, IV2 3ED",500 to 999,12.8,10.1,41.6,26.7,86
2018-2019,7645,"73 Bothwell Road, Hamilton, ML3 0DW",1000 to 4999,8.1,6.8,-1.4,8.4,10
2018-2019,7710,"Dewars Centre, Glover Street, Perth, Scotland, PH2 0TH",250 to 499,5.7,0,0,0,93
2018-2019,17326,"Live Borders Council Headquarters, Newtown St Boswells, Melrose, Scotland, TD6 0SA",250 to 499,1.4,0.2,NA,NA,"91,91,91,93"
2018-2019,7728,"The Mound, Edinburgh, EH1 1YZ","20,000 or more",31.5,32.8,66.4,60.8,70
2018-2019,7753,"Lightyear Building 9 Marchburn Drive, Glasgow Airport, Paisley, Renfrewshire, Scotland, PA3 2SJ",500 to 999,36.5,41.3,100,100,"51,51,51"
2018-2019,7766,"520 Hillington Road, Braehead, Glasgow, United Kingdom, G52 4UB",500 to 999,69.5,23.6,32,25.3,"45,45,45,45"
2018-2019,20554,"520 Hillington Road, Braehead, Glasgow, G52 4UB",Less than 250,29.9,-4.8,35.7,86.2,45
2018-2019,17398,". Belgowan Street, Bellshill, ML4 3LB",250 to 499,4.8,18.2,NA,NA,49
2018-2019,7856,"Sanctuary House, 7 Freeland Drive, Glasgow, Scotland, G53 6PG",250 to 499,-0.1,0,0,0,87
2018-2019,7858,"55 Annandale Street, Edinburgh, Midlothian, EH7 4AZ",1000 to 4999,4,5,-9,16,49
2018-2019,7896,"Balmore House, 1497 Balmore Road, Glasgow, G23 5HD",250 to 499,14.7,2.3,-40.6,-83.3,42
2018-2019,7904,"East Quay, The Harbour, Peterhead, Aberdeenshire, United Kingdom, AB42 1JF",250 to 499,23,13,65,93,96
2018-2019,7930,"C/O Leonard Curtis 4th Floor, 58 Waterloo Street, Glasgow, G2 7DA",250 to 499,7.4,0,-201.4,-50,"55,93"
2018-2019,8406,"1 Enterprise Drive, Westhill Industrial Estate, Westhill, Aberdeen, Aberdeenshire, Scotland, Scotland, AB32 6TQ",250 to 499,25.4,31.7,52.9,62.3,82
2018-2019,7963,"Whiteside House, Whiteside Industrial Estate, Bathgate, West Lothian, United Kingdom, EH48 2RX",1000 to 4999,20,2,-4,-10,55
2018-2019,7965,"Whiteside House, Whiteside Industrial Estate, Bathgate, West Lothian, United Kingdom, EH48 2RX",250 to 499,17,0,-47,-53,55
2018-2019,7966,"Brodies House, 31-33 Union Grove, Aberdeen, United Kingdom, AB10 6SD",250 to 499,27.7,5.7,57.3,0,10
2018-2019,7971,"Wheatfield Road, Edinburgh, EH11 2QA",250 to 499,14.1,17.5,4.6,0,21
2018-2019,14389,"15-17 Henderson Road, Inverness, IV1 1SN",250 to 499,11.5,5.2,32.1,9.3,"46,46,46,77"
2018-2019,7980,"Lochlea Farm, Craigie, Kilmarnock, Scotland, KA1 5NN",1000 to 4999,44,10.4,34.6,79,70
2018-2019,7945,"C/O Teneo Financial Advisory, 66 Hanover Street, Edinburgh, EH2 1EL",1000 to 4999,44,10.4,34.6,79,47
2018-2019,7985,"Main Office, Glenbervie, Stonehaven, Scotland, AB39 3YG",250 to 499,15.7,3.1,32.1,-3.9,10
2018-2019,7991,". Hunter Avenue, Loanhead, Scotland, EH20 9SL",250 to 499,24,21,NA,NA,"28,28,28,28"
2018-2019,8012,"1 Tweedside Park, Tweedbank, Galashiels, Scotland, TD1 3TE",250 to 499,17.9,6.2,92.5,85.6,20
2018-2019,8068,"The Office Bowfield Road, Howwood, Johnstone, Renfrewshire, PA9 1DZ",250 to 499,3.7,0,19.3,-1.6,55
2018-2019,8092,"1st Floor Admiralty Park, Admiralty Road, Rosyth, Fife, KY11 2YW",500 to 999,22,2.2,-4.6,0.3,32
2018-2019,17383,"C/O Brodies Llp Capital Square, 58 Morrison Street, Edinburgh, United Kingdom, EH3 8BP",250 to 499,4.7,-1.6,5.6,0,10
2018-2019,8138,"The Whins, Alloa, Clackmannanshire, FK10 3TA",250 to 499,2.3,0.6,0,0,41
2018-2019,8195,"Elliott House, Kilwinning Road, Irvine, KA12 8TG",250 to 499,3,1,-83,-250,49
2018-2019,8220,"Kelvin Avenue, Hillington, Glasgow, G52 4LF",500 to 999,19.9,6,NA,NA,22
2018-2019,8232,"C/O Harper Macleod Llp The Ca'D'Oro, 45 Gordon Street, Glasgow, Scotland, G1 3PE",250 to 499,4.9,7.1,1.6,59.3,"45,45,45,45"
2018-2019,8234,"Exchange Tower 3rd Floor, 19 Canning Street, Edinburgh, Scotland, EH3 8EG",1000 to 4999,7,2.4,8.7,16.7,82
2018-2019,8241,"10 Keppochhill Drive, Glasgow, G21 1HX",250 to 499,6,-0.9,1.6,0,70
2018-2019,8243,"99 Earnhill Road, Larkfield Industrial Estate, Greenock, Renfrewshir, PA16 0EQ",500 to 999,29,1,NA,NA,49
2018-2019,8254,"Heathfield House Phoenix Crescent, Strathclyde Business Park, Bellshill, North Lanarkshire, Scotland, ML4 3NJ",250 to 499,40.6,45,65.7,44.3,41
2018-2019,8262,"Third Floor, The Capitol, 431 Union Street, Aberdeen, United Kingdom, AB11 6DA",250 to 499,-1.8,1,83.5,-120.6,49
2018-2019,8269,"Lydiafield, Standalane, Annan, Scotland, DG12 5JR",250 to 499,-5.5,0,0,0,"86,86"
2018-2019,8274,"Lime Tree House, North Castle Street, Alloa, United Kingdom, FK10 1EX",1000 to 4999,-5.3,-1,-54,0,86
2018-2019,18502,"55 Douglas Street, Glasgow, United Kingdom, G2 7NP",250 to 499,18.8,16.9,4.6,0,74
2018-2019,15681,"Verdant 2 Redheughs Rigg, South Gyle, Edinburgh, Scotland, EH12 9DQ",1000 to 4999,-8.8,0,-42.3,23.8,53
2018-2019,8442,"Carmuirs House, 300 Stirling Road, Larbert, Stirlingshire, FK5 3NJ",250 to 499,8.5,0,NA,NA,49
2018-2019,8475,"Miller House, 2 Lochside View, Edinburgh Park, Edinburgh, EH12 9DH",500 to 999,7.7,5.2,-10,-19.5,41
2018-2019,8546,"Mitsubishi Electric Air Conditioning, Nettlehill Road, Houstoun Industrial Estate, Livingston, EH54 5EQ",1000 to 4999,12.1,11.7,5.9,0,"27,28"
2018-2019,8610,"5 Charlotte Lane, 5 Charlotte Lane, Edinburgh, Scotland, EH2 4QZ",250 to 499,6.6,0,17.6,0,56
2018-2019,8640,"3 Gateway Court, Glasgow, Scotland, G40 4DS",250 to 499,39.9,42.6,58.2,56,43
2018-2019,8645,"Apleona House, Crosshill Street, Motherwell, Scotland, ML1 1RU",500 to 999,24.8,31.7,55,52.8,"43,43,43,43"
2018-2019,8711,"Polbeth Industrial Estate, West Calder, EH55 8TJ",250 to 499,3.4,2.2,-88.9,-390,"37,41,42,42"
2018-2019,17761,"13 Winchester Avenue, Denny, Scotland, FK6 6QE",250 to 499,14,0,16,23,38
2018-2019,9062,"Portal And Townhouse, 66 High Street, Irvine, United Kingdom, KA12 0AZ",250 to 499,-8.5,0,0,0,"93,93"
2018-2019,9078,"1 Ardgoil Drive, Cumbernauld, Glasgow, G68 9NE",500 to 999,8,4,NA,NA,93
2018-2019,9119,"Lindsayfield Lodge, Rosaburn Avenue, East Kilbride, Glasgow,, G75 9DE",250 to 499,36.7,15.7,74.8,50,87
2018-2019,9146,"Maxim 3 2nd Floor, Suite 2b 2 Parklands Avenue, Eurocentral, Holytown, Motherwell, Scotland, ML1 4WQ",250 to 499,15,21,75,8,"45,45"
2018-2019,9259,"Head Office, 40 Lambhill Street, Kining Park, Glasgow, G41 1AU",250 to 499,-6.1,0,0,0,87
2018-2019,19038,"Lower Ground Floor Prime View, Prime Four Business Park, Kingswells, Aberdeen, Scotland, AB15 8PU",250 to 499,28,34.4,54.7,37.2,82
2018-2019,9317,"Site E6, Moss Road, Gateway Business Park, Nigg, Aberdeen, Scotland, AB12 3GQ",Less than 250,13.7,7.3,34.7,8.4,91
2018-2019,9382,"Minerva House, Bruntland Road, Portlethen, Aberdeen, Aberdeenshire, AB12 4QL",250 to 499,1.2,5.8,100,100,82
2018-2019,9389,"200 St. Vincent Street, Glasgow, Scotland, G2 5SG",1000 to 4999,30.7,19.9,55,42.3,86
2018-2019,17316,"Mill Dene Beanburn, Ayton, Eyemouth, Scotland, TD14 5QY",250 to 499,-1.6,-1.5,17.3,51.2,78
2018-2019,9430,"Orion House, Castleheather, Inverness, IV2 6AA",500 to 999,26,13.1,-56,-922.7,78
2018-2019,3659,"C/O FRP ADVISORY TRADING LIMITED, Apex 3 95 Haymarket Terrace, Edinburgh, EH12 5HD",Less than 250,5.4,8.7,56.7,0,22
2018-2019,9513,"59 Charles Street, Glasgow, Scotland, G21 2PR",250 to 499,8,1,0,0,86
2018-2019,9520,"Studio 3002 Mile End Mill, 12 Seedhill Road, Paisley, Scotland, PA1 1JS",500 to 999,7,0,-10.5,4.3,78
2018-2019,9530,"Paterson Building, Gartsherrie Road, Coatbridge, Lanarkshire, ML5 2EU",500 to 999,5.3,3.7,30.9,20,81
2018-2019,9595,"Park House, 14 Bothwell Road, Hamilton, Lanarkshire, ML3 0AY",1000 to 4999,15.8,11.1,45.1,31.3,"45,45,45,45"
2018-2019,9592,"Rosehall, The Square, Grantown-On-Spey, Scotland, PH26 3HG",250 to 499,13.7,2.1,NA,NA,87
2018-2019,9593,"Park House, 14 Bothwell Road, Hamilton, Lanarkshire, ML3 0AY",250 to 499,7,4,76.6,31.1,49
2018-2019,9607,"West Kirk, 84a Portland Street, Kilmarnock, Ayrshire, KA3 1AA",250 to 499,-2,0,NA,NA,88
2018-2019,15102,"Gartsherrie Road, Coatbridge, ML5 2EU",250 to 499,-8.7,-11.3,34.6,55.9,"81,81,38"
2018-2019,9665,"Suite B, 4th Floor Meridian, Union Row, Aberdeen, AB10 1SA","5000 to 19,999",12.5,0.8,56,72.2,47
2018-2019,9721,"Orchard Brae House, 30 Queensferry Road, Edinburgh, Scotland, EH4 2HS",250 to 499,0.9,-1.5,0,0,"86,87,88,94"
2018-2019,16193,"Thistle House, 21/23 Thistle Street, Edinburgh, EH2 1DF",1000 to 4999,24.2,35.2,-52,0,78
2018-2019,9772,"Clyde Offices 2nd Floor, 48 West George Street, Glasgow, Scotland, G2 1BP",1000 to 4999,26.2,24.8,57.3,31.4,"45,45"
2018-2019,9780,"Thorntons Solicitors Whitehall House, 33 Yeaman Shore, Dundee, Scotland, DD1 4BJ","5000 to 19,999",52.5,32.5,93.7,35,86
2018-2019,16377,"Bridge View, 1 North Esplanade West, Aberdeen, AB11 5QF",1000 to 4999,36.1,43.4,12.6,31,91
2018-2019,9786,"Bo'Ness Road, Grangemouth, Stirlingshire, FK3 9XH",500 to 999,15.1,19.8,6.8,-2.6,19
2018-2019,14376,"R A Clement Associates, 5 Argyll Square, Oban, Argyll, Scotland, PA34 4AZ",Less than 250,21,29.6,35.2,65.6,"23,70"
2018-2019,9884,"Pinnacle Hill, Kelso, Roxburghshire, TD5 8XX",500 to 999,30.6,20.6,59,0,27
2018-2019,9987,"4th Floor, Saltire Court, 20 Castle Terrace, Edinburgh, EH1 2EN",Less than 250,46.9,50.1,66.4,74.3,70
2018-2019,10009,"Building 620, Orangefield, Prestwick Airport, Ayrshire, KA9 2PQ",250 to 499,13.6,2.4,45.8,-44.9,52
2018-2019,18086,"4th Floor, 58 Waterloo Street, Glasgow, G2 7DA",Less than 250,-34.5,-11.9,NA,NA,78
2018-2019,18087,"C/O Clyde Offices, 48 West George Street, Glasgow, G2 1BP",250 to 499,5,3,-112,-175,78
2018-2019,18068,"C/O Clyde Offices, 48 West George Street, Glasgow, G2 1BP",1000 to 4999,3,2.7,9.1,20,"78,78"
2018-2019,10100,"Blackwood House, Union Grove Lane, Aberdeen, AB10 6XU",500 to 999,27.4,21.7,0,0,"28,71,77"
2018-2019,10111,"5 Central Way, Kildean Business Park, Stirling, United Kingdom, FK8 1FT",1000 to 4999,19.9,24.4,57.7,33.2,64
2018-2019,10117,"5 Central Way, Kildean Business Park, Stirling, United Kingdom, FK8 1FT",500 to 999,14.5,17.5,19.5,27.5,66
2018-2019,19135,"18-48 Buchanan Street, Glasgow, Scotland, G1 3JN",250 to 499,-4,-1,-18,-64,47
2018-2019,18426,"Sir Ian Wood House Hareness Road, Altens Industrial Estate, Aberdeen, Scotland, AB12 3LE",Less than 250,44.1,14.2,72,16.8,91
2018-2019,10167,"Rench Farm, Drumclog, Strathaven, South Lanarkshire, ML10 6QJ",250 to 499,30.3,34.3,19.7,0,"42,64,82"
2018-2019,10180,"Quarriers Head Office, 20 St. Kenneth Drive, Glasgow, Scotland, G51 4QD",1000 to 4999,2.3,0,NA,NA,"87,87,88,88"
2018-2019,10218,"2411 London Road, Glasgow, G32 8XT",250 to 499,9,-7,53,-402,"42,42,42,42"
2018-2019,10230,"27 Barony Road, Auchinleck, Ayrshire, KA18 2LL",250 to 499,2.9,-0.2,NA,NA,55
2018-2019,19093,"Heritage House Ladykirk Business Park, 11 Skye Road, Prestwick, Scotland, KA9 2TA",250 to 499,0.2,0.3,NA,NA,"86,88"
2018-2019,10260,"6 Redheughs Rigg, South Gyle, Edinburgh, Scotland, EH12 9DQ",500 to 999,-1.1,0,30.4,-63.6,87
2018-2019,19083,"9 Watt Place, Hamilton Intnl Technology Park, Blantyre, Glasgow, G72 0AH",250 to 499,18.4,21.9,52,47,43
2018-2019,14430,"Archibald Hope House, Station Road, Musselburgh, Scotland, EH21 7PQ",500 to 999,-5.5,0,0,0,87
2018-2019,10403,"The Lagoon Centre, Christie Street, Paisley, PA1 1NB",500 to 999,-1.6,-9.2,NA,NA,"90,91,93"
2018-2019,10421,"8 Nelson Mandela Place, Glasgow, Scotland, G2 1BT",1000 to 4999,-1.2,2.2,0.2,0,82
2018-2019,15725,"Cargill Centre Business Park, Aberdeen Road, Laurencekirk, Aberdeenshire, AB30 1EY",250 to 499,-1.6,7,-57.8,0,78
2018-2019,15286,"Clyde View, 22 Pottery Street, Greenock, Inverclyde, Scotland, PA15 2UZ",250 to 499,9.9,-1,0,0,68
2018-2019,10544,"C/O Bosch Rexroth, Viewfield Industrial Estate, Glenrothes, KY6 2RD",500 to 999,31,32,48.9,43,27
2018-2019,203,"Schoolhill, Aberdeen, AB10 1FE",250 to 499,15.6,11.1,0,0,NA
2018-2019,10558,"10 Perimeter Road, Pinefield Inustrial Estate, Elgin, Moray,, IV30 6AE",1000 to 4999,30.5,14.4,93.1,0,81
2018-2019,17323,"Westpoint Westpoint, 4 Redheughs Rigg, South Gyle, Edinburgh, Eh12 9dq, Scotland, EH12 9DQ",500 to 999,-14.6,0,45.2,51,78
2018-2019,10592,"1 Dow Avenue, Prestwick International, Aerospace Park, South Ayrshire, KA9 2SA",250 to 499,-6.2,-16.8,82.4,-20.4,30
2018-2019,16945,"Muir Of Ord Industrial Estate, Muir Of Ord, Ross-Shire, IV6 7UA",250 to 499,30,28,100,100,"25,28,33,43"
2018-2019,10617,"BABCOCK INTERNATIONAL, Rosyth Business Park, Rosyth, Dunfermline, Fife, KY11 2YD",1000 to 4999,16.1,18.7,42.4,52.3,30
2018-2019,310,"65 Sussex Street, Glasgow, Scotland, G41 1DX",250 to 499,13.6,18.9,-7,35.6,74
2018-2019,10726,"Rwg (Repair & Overhauls) Limited Kirkhill Drive, Kirkhill Industrial Estate, Dyce, Aberdeen, Scotland, AB21 0EU",250 to 499,7,13,-1,-136,28
2018-2019,10770,"Orwell Bakery Loanhead Avenue, Lochore, Fife, KY5 8DD",250 to 499,23.9,14,68.2,50,"11,14,10,47"
2018-2019,10753,"1 Wellheads Avenue, Dyce, Aberdeen, AB21 7PB",250 to 499,10.5,21,-50.1,-81.3,"46,52"
2018-2019,10776,"112 Commercial Street, Edinburgh, Scotland, EH6 6NF",250 to 499,0.3,0,0,0,"87,88"
2018-2019,10838,"Carnbroe House Finch Way, Strathclyde Business Park, Bellshill, Scotland, ML4 3PE",250 to 499,33.8,41.2,56.3,71.4,43
2018-2019,10909,"1 Neilson  Square, Deans Industrial Estate, Livingston, EH54 8RQ",1000 to 4999,9.4,0,0,0,47
2018-2019,10920,"Glenugie Engineering Works, Peterhead, AB42 0YX",500 to 999,36.5,37.7,36.6,8.2,96
2018-2019,19103,"400 Townmill Road, Glasgow, G31 3AR",250 to 499,12.8,6.5,75.4,67.8,"46,46"
2018-2019,15944,"Townmill Road, Glasgow, G31 3AR",250 to 499,12.8,6.5,75.4,67.8,46
2018-2019,10925,"The Abattoir, Dornock, Annan, Dumfries & Galloway, Scotland, DG12 6SU",500 to 999,4.6,11.7,-113.1,-471.4,10
2018-2019,10930,"Axis House 5 Lonehead Drive, Newbridge, Edinburgh, Scotland, EH28 8TG",500 to 999,5.5,1.4,-65.6,0,35
2018-2019,10937,"Unit 7, Halbeath Interchange Business Park Kingseat Road, Halbeath, Dunfermline, Fife, KY11 8RY",500 to 999,-12,-9,-230,-694,16
2018-2019,10938,"Brunswick House, 51 Wilson Street, Glasgow, G1 1UZ",500 to 999,-2.6,-0.8,NA,NA,"87,88"
2018-2019,17348,"Bradbury Hub, 100 Smithfield Loan, Alloa, Clackmannanshire, Scotland, FK10 1NP",500 to 999,-4.7,2.5,NA,NA,"85,87,88"
2018-2019,476,"Inveralmond House, 200 Dunkeld Road, Perth, PH1 3AQ",1000 to 4999,16.6,17.9,53.9,25.5,35
2018-2019,477,"Inveralmond House, 200 Dunkeld Road, Perth, PH1 3AQ",250 to 499,26.8,31.7,29.7,22.3,35
2018-2019,15342,"39 Elmbank Crescent, Glasgow, G2 4PT",Less than 250,9.8,3.2,NA,NA,90
2018-2019,412,"320 St. Vincent Street, Glasgow, Scotland, G2 5AD",500 to 999,24,22.7,45.1,32.9,70
2018-2019,10944,"Murrayfield, Edinburgh, EH12 5PJ",250 to 499,50,34,83,64,"93,93"
2018-2019,10946,"Kingseat Road, Halbeath, Dunfermline, Fife, KY11 8RY",250 to 499,19.7,20.8,NA,NA,94
2018-2019,10947,"1-3 Lochside Crescent, Edinburgh, United Kingdom, EH12 9SE",250 to 499,5,3,3,26,"36,46,82"
2018-2019,10949,"The Mound, Edinburgh, United Kingdom, EH1 1YZ",1000 to 4999,18.3,17.7,36.8,23.8,66
2018-2019,10951,"320 St. Vincent Street, Glasgow, Scotland, G2 5AD",1000 to 4999,21.9,26.7,66.5,-10.8,"35,35"
2018-2019,19133,"14 City Quay, Camperdown Street, Dundee, Scotland, DD1 3JA",250 to 499,-0.6,-0.4,NA,NA,86
2018-2019,10975,"Turnberry House, 6th Floor, 175 West George Street, Glasgow, Scotland, G2 2LB",1000 to 4999,-4.8,-6.1,-25,-8.6,"78,78"
2018-2019,10986,"300 Bath Street, Floor 5, Glasgow, United Kingdom, G2 4JR",1000 to 4999,-1.2,-0.9,NA,NA,80
2018-2019,82,"43 Middlesex Street, Glasgow, G41 1EE",1000 to 4999,3.3,0,NA,NA,"87,88,88"
2018-2019,11074,"Muir Of Ord Industrial Estate, Great North Road, Muir Of Ord, Ross-Shire, IV6 7UA",250 to 499,33.7,30.9,68.7,66.7,"20,20"
2018-2019,11100,"C/O Ernst & Young Llp Atria One, 144 Morrison Street, Edinburgh, EH3 8EX",1000 to 4999,6.2,0,70.3,75.5,55
2018-2019,11120,"C/O Johnston Carmichael, 227 West George Street, Glasgow, G2 2ND",250 to 499,18,29.9,23.5,39.6,82
2018-2019,253,"Shin-Etsu Handotai Europe Ltd Wilson Road, Toll Roundabout, Eliburn, Livingston, West Lothian, Scotland, EH54 7DA",250 to 499,14,9.3,26,7.1,26
2018-2019,16183,"Blenheim House, Fountainhall Road, Aberdeen, AB15 4DT",500 to 999,11.5,7.9,10.8,0.7,55
2018-2019,11199,"2nd Floor Saltire Court, 20 Castle Terrace, Edinburgh, United Kingdom, EH1 2EN",250 to 499,13.1,15.9,10.1,16.7,69
2018-2019,11245,"165 Howard Street, Glasgow, G1 4HF",500 to 999,21.8,7.9,100,69.9,47
2018-2019,11246,"Turnberry Hotel, Ayrshire, KA26 9LT",250 to 499,12.6,0,NA,NA,"55,93,96,96"
2018-2019,11306,"Neo Space, Riverside Drive, Aberdeen, Scotland, AB11 7LH",1000 to 4999,17.6,18.8,30.3,31.6,56
2018-2019,11380,"Council Offices, Almada Street, Hamilton, Scotland, ML3 0EW",1000 to 4999,2.7,0,0,0,"90,91,91,93"
2018-2019,18600,"320 St. Vincent Street, Glasgow, Scotland, G2   5AD",500 to 999,10.6,10.8,-37,0,35
2018-2019,11434,"320 St. Vincent Street, Glasgow, Scotland, G2   5AD",500 to 999,20.5,24.8,78.1,0,96
2018-2019,18599,"320 St. Vincent Street, Glasgow, Scotland, G2   5AD",250 to 499,20.1,19.5,44.4,0,35
2018-2019,11440,"Grampian House, 200 Dunkeld Road, Perth, Scotland, PH1 3GH",250 to 499,22.6,10.2,47.2,0,"70,82"
2018-2019,17296,"Trojan House Pegasus Avenue, Phoenix Business Park, Paisley, PA1 2BH",250 to 499,12,2,17,0,87
2018-2019,11449,"Alliance Centre Greenwell Road, East Tullos Industrial Estate, Aberdeen, AB12 3AX",1000 to 4999,17,19,60,45,"45,45,45,45"
2018-2019,297,"1 Marchfield Drive, Westpoint Business Park, Paisley, Renfrewshire, Scotland, PA3 2RB",500 to 999,0,0,0,0,81
2018-2019,19152,"7 Kirkshaws Road, Coatbridge, ML5 5EY",250 to 499,14,18,100,100,43
2018-2019,11490,"28 Albyn Place, Aberdeen, United Kingdom, AB10 1YL",500 to 999,-14.5,-12.7,NA,NA,82
2018-2019,11499,"Stuart House Eskmills, Station Road, Musselburgh, East Lothian, Scotland, EH21 7PB",1000 to 4999,-3.6,1,NA,NA,81
2018-2019,11506,"Alexander Fleming House, 8 Southfield Drive, Elgin, Morayshire, IV30 6GR",500 to 999,11.3,13.8,-398,-987,"41,41"
2018-2019,11525,"Peter Wilson Building, King's Buildings, West Mains Road, Edinburgh, EH9 3JG",1000 to 4999,18.3,24.9,NA,NA,"72,75,85"
2018-2019,474,"Cadworks, 41 West Campbell Street, Glasgow, Scotland, G2 6SE",500 to 999,23.9,25,-5.3,-27.3,43
2018-2019,470,"Cadworks, 41 West Campbell Street, Glasgow, Scotland, G2 6SE",1000 to 4999,2.7,11.5,15.6,7.4,82
2018-2019,393,"Inveralmond House, 200 Dunkeld Road, Perth, Perthshire, PH1 3AQ","5000 to 19,999",21.5,19.6,28.3,0.1,70
2018-2019,18318,"Inveralmond House, 200 Dunkeld Road, Perth, PH1 3AQ",250 to 499,29.6,33.1,43.6,17.9,64
2018-2019,18319,"Level 2.1 Wellington Place, 107 West Regent Street, Glasgow, Scotland, G2 2BA",250 to 499,29.2,34.2,51.1,26.7,61
2018-2019,16683,"Sycamore House, 72 Carnethie Street, Rosewell, Midlothian, EH24 9AW",250 to 499,11.2,14.5,NA,NA,"87,88"
2018-2019,16096,"St Andrews Bay Golf Resort & Spa, St. Andrews, Fife, KY16 8PN",250 to 499,3.5,1,-48.8,81.8,55
2018-2019,11651,"1 George Street, Edinburgh, United Kingdom, EH2 2LL","5000 to 19,999",40,31,69,57,70
2018-2019,11648,"1 George Street, Edinburgh, United Kingdom, EH2 2LL",1000 to 4999,32,30,63,34,82
2018-2019,11650,"1 George Street, Edinburgh, EH2 2LL",1000 to 4999,45,38,69,63,66
2018-2019,11665,"Block 3, Units 1,2,3 & 4, Thornliebank Industrial Estate, Glasgow, G46 8JW",250 to 499,40.5,48.2,45.5,47,28
2018-2019,11705,"76 Moss Road, Tillicoultry, Scotland, FK13 6NS",500 to 999,9,9,1,45,47
2018-2019,11713,"C/O Teneo Financial Advisory Limited, 66 Hanover Street, Edinburgh, EH2 1EL",500 to 999,7.2,13.3,26.7,35.1,"41,70"
2018-2019,11715,"Tofthill, Glencarse, Perth, PH2 7LS",250 to 499,12.7,0,62.6,18,"11,11"
2018-2019,11744,"Altrad Howe Moss Crescent, Dyce, Aberdeen, Scotland, AB21 0GN",1000 to 4999,26.8,32.3,57.5,55.7,91
2018-2019,14967,"Randolph Hill, Fankerton, Denny, FK6 5HJ",250 to 499,4.2,-4.4,0,0,86
2018-2019,11757,"C/O Interpath Ltd, 5th Floor, 130 St. Vincent Street, Glasgow, G2 5HF",250 to 499,7.9,1.3,-3.6,34.4,55
2018-2019,16191,"Pacific Quay, Glasgow, G51 1PQ",500 to 999,20.5,18.5,40,33,64
2018-2019,11780,"East Campus Prospect Road, Arnhall Business Park, Westhill, Aberdeenshire, AB32 6FE",1000 to 4999,38.9,38.6,67.6,52.2,82
2018-2019,15445,"3rd Floor Turnberry House, 175 West George Street, Glasgow, G2 2LB",250 to 499,-2.1,-4.2,NA,NA,56
2018-2019,11827,"96 Kirk Road, Wishaw, Scotland, ML2 7BL",250 to 499,-2,0,NA,NA,88
2018-2019,11908,"Nether Road, Galashiels, Selkirkshire, TD1 3HE",1000 to 4999,6.4,-1.7,56,27,82
2018-2019,11979,"C/O Brodies Llp Capital Square, 58 Morrison Street, Edinburgh, United Kingdom, EH3 8BP",250 to 499,-7.7,-10.6,NA,NA,86
2018-2019,12001,"61 Hydepark Street, Glasgow, Strathclyde, G3 8BW",500 to 999,9.6,5.4,-9.9,46.7,47
2018-2019,12040,"44/48 East Dock Street, Dundee, DD1 3JS",250 to 499,-2.4,0,-395,-395,49
2018-2019,12086,"1 Central Park Avenue,, Central Business Park, Larbert, Falkirk, FK5 4RX","5000 to 19,999",7.2,0.5,32.6,4.2,61
2018-2019,12123,"Wellpark Brewery, 161 Duke Street, Glasgow, G31 1JD",250 to 499,13.9,17.2,-113.1,-211.1,46
2018-2019,12139,"2 South Gyle Crescent, Edinburgh, United Kingdom, EH12 9FQ",1000 to 4999,28.6,18.1,56.4,25.6,64
2018-2019,12180,"The Prentice Centre, 1 Granton Mains Avenue, Edinburgh, Scotland, EH4 4GA",500 to 999,-0.9,5.1,NA,NA,"87,88"
2018-2019,12188,"Maxim 3, 2nd Floor, Suite 2b 2 Parklands Avenue, Eurocentral, Holytown, Motherwell, Scotland, ML1 4WQ",500 to 999,12.5,13.9,77.1,21.5,70
2018-2019,17767,"35-37 Racecourse Road, Ayr, Scotland, KA7 2TG",250 to 499,3.9,-7.2,NA,NA,86
2018-2019,12339,"100 Queen Street, Glasgow, Scotland, G1 3DN",500 to 999,28,14.5,72.2,-5.9,11
2018-2019,17342,"Glasgow Academy, Colebrooke Street, Glasgow, G12 8HE",250 to 499,21.1,6.5,0,0,"85,85,85"
2018-2019,12392,"Markethill Road, Turriff, Aberdeenshire, AB53 4PA",250 to 499,23.9,17,72.5,76.5,46
2018-2019,12417,"The James Hutton Institute, Invergowrie, Dundee, DD2 5DA",250 to 499,16.5,11.7,-9.5,4.8,72
2018-2019,19066,"1 George Square, Glasgow, G2 1AL",250 to 499,6,0,-10.4,-12.5,59
2018-2019,12471,"Inspire House 3 Renshaw Place, Eurocentral, Lanarkshire, ML1 4UF",500 to 999,-4.7,1.1,NA,NA,82
2018-2019,14264,"The Green House Forrest Estate, Dalry, Castle Douglas, Kirkcudbrightshire, United Kingdom, DG7 3XS",250 to 499,26,27,0,0,74
2018-2019,12495,"Old Course Hotel, Golf Resort And Spa, St Andrews, Fife,, KY16 9SP",250 to 499,1.4,0,53,-24.1,55
2018-2019,15715,"Ibrox Stadium, 150 Edmiston Drive, Glasgow, G51 2XD",250 to 499,68,18,100,100,93
2018-2019,560,"36 St. Andrew Square, Edinburgh, Scotland, EH2 2YB","20,000 or more",36.6,36.8,66.7,44,66
2018-2019,17645,"28 Drumsheugh Gardens, Edinburgh, Scotland, EH3 7RN",500 to 999,-30,-12,-98,-26,32
2018-2019,12667,"Thistle Centre Of Wellbeing, 13 Queen's Walk, Edinburgh, Scotland, EH16 4EA",250 to 499,-0.4,0,NA,NA,"88,88,96"
2018-2019,12668,"3a Scholars Gate, East Kilbride, Glasgow, Scotland, G75 9JL",500 to 999,-0.8,0,NA,NA,86
2018-2019,12670,"Thistle Seafoods Limited Harbour Street, Boddam, Peterhead, Scotland, AB42 3AU",250 to 499,14.5,2.1,NA,NA,"10,46"
2018-2019,12690,"34 Old Mill Road, Uddingston, G71 7HH",500 to 999,19,0,51,62,32
2018-2019,12836,"100 Dalsetter Avenue, Glasgow, Scotland, G15 8TE",250 to 499,-10.4,-2.8,12.6,-33.3,42
2018-2019,19067,"9th Floor Aurora Building, 120 Bothwell Street, Glasgow, United Kingdom, G2 7JS",250 to 499,24.2,32.4,54,79,91
2018-2019,355,"Henry Duncan House, 120 George Street, Edinburgh, EH2 4LH","5000 to 19,999",31.2,23.3,46.3,33.6,64
2018-2019,13028,"Merchants House, 7 West George Street, Glasgow, G2 1BA",1000 to 4999,0,-2,NA,NA,"86,87"
2018-2019,13032,"Napier Building Reynolds Avenue, East Kilbride, Glasgow, Scotland, G75 0AF",500 to 999,22.9,29.9,36.7,54.6,74
2018-2019,18587,"2 Bothwell Street, Glasgow, G2 6LU",1000 to 4999,-3.4,0,NA,NA,70
2018-2019,13134,"2 Craignethan Drive, Gartcosh, Glasgow, Scotland, G69 8GQ",500 to 999,4.4,4.4,39.6,0.8,"22,25"
2018-2019,13147,"110 Easter Queenslie Road, Glasgow, Lanarkshire, G33 4UL",250 to 499,-19,-12,59,50,46
2018-2019,13200,"1 Meadowhead Road, Irvine, Ayrshire, KA11 5AT",500 to 999,7.5,8.8,1.5,1.2,17
2018-2019,13250,"Newmains Avenue, Inchinnan, Renfrewshire, PA4 9RR",500 to 999,16.3,11.1,36.9,2.4,32
2018-2019,15097,"Woodside Way, Glenrothes East, Fife, KY7 4ND",250 to 499,25,32,28,24,46
2018-2019,17440,"Ernst & Young Llp Atria One, 144 Morrison Street, Edinburgh, EH3 8EX",250 to 499,15.8,16.2,26.8,5.5,62
2018-2019,17455,"C/O Thomson Cooper 3 Castle Court, Carnegie Campus, Dunfermline, KY11 8PB",Less than 250,-0.6,-19.9,64.1,-166.4,"28,72"
2018-2019,9203,"Penguin House, Castle Riggs, Dunfermline, Fife, Scotland, KY11 8SG",1000 to 4999,38,43,60,29,70
2018-2019,13299,"C/O Brodies Llp Capital Square, 58 Morrison Street, Edinburgh, EH3 8BP",500 to 999,26.1,12.1,61,47.9,46
2018-2019,13300,"C/O Brodies Llp Capital Square, 58 Morrison Street, Edinburgh, EH3 8BP",1000 to 4999,5.3,1.8,23.7,27.9,47
2018-2019,16590,"4 South Oswald, Edinburgh, EH9 2HG",250 to 499,4.2,8,4.6,0,87
2018-2019,13316,"1st Floor Left, 161 Brooms Road, Dumfries, Scotland, DG1 2SH",500 to 999,0.7,0.4,-15.5,-50,80
2018-2019,12129,"Newhouse Industrial Estate, Newhouse, Motherwell, Lanarkshire, ML1 5RY",250 to 499,7.4,-0.1,20.1,-1,28
2018-2019,13423,"Brookfield House, Burnbrae Drive, Linwood Industrial Estate, Linwood, PA3 3BU",1000 to 4999,5.8,0,44,38.3,49
2018-2019,566,"Aberlour House, Aberlour-On-Spey, Banffshire, AB38 9LD",1000 to 4999,12.9,0.1,31.3,0,10
2018-2019,13478,"21-24 Wellmeadow, Blairgowrie, PH10 6AT",250 to 499,9.9,0,-10.2,-15,86
2018-2019,13548,"C/O INTERPATH, 5th Floor, 130 St. Vincent Street, Glasgow, G2 5HF",250 to 499,4.4,0,64.7,64.7,47
2018-2019,13576,"10th Floor, 1 West Regent Street, Glasgow, Scotland, G2 1RW",250 to 499,20,28,95,90,"28,33,33,71"
2018-2019,301,"Kyleshill House, Glencairn Street, Saltcoats, Ayrshire, KA21 5JT",500 to 999,14.5,0,51.9,34.8,82
2018-2019,15616,"Xcite Bathgate Balbardie Park, Torphichen Road, Bathgate, West Lothian, EH48 4LA",250 to 499,7.2,8.1,NA,NA,93
2018-2019,7855,"Willow House Kestrel View, Strathclyde Business Park, Bellshill, Scotland, ML4 3PB",500 to 999,-3.1,0,0,0,"87,87,88,88"
2018-2019,17374,"C/O Brodies Llp Capital Square, 58 Morrison Street, Edinburgh, United Kingdom, EH3 8BP",250 to 499,-7.4,0,0,0,86
2018-2019,13753,"4th Floor St. Vincent Plaza, 319 St. Vincent Street, Glasgow, Scotland, G2 5RG",250 to 499,21.4,19,57.1,36,11
2018-2019,13784,"The Glenfiddich Distillery, Dufftown, Keith, Scotland, AB55 4DH",500 to 999,15.2,8.7,33.3,10.2,11
2018-2019,18387,"31/33 Albert Street, Motherwell, Lanarskhire, ML1 1PR",250 to 499,0,0,0,0,78
2018-2019,9872,"7 West Adam Street, Edinburgh, Scotland, EH8 9SX",250 to 499,0,0,NA,NA,"88,88"
2018-2019,13887,"Sir Ian Wood House Hareness Road, Altens Industrial Estate, Aberdeen, Scotland, AB12 3LE",1000 to 4999,28.7,32,-8.9,-331.8,91
2018-2019,13888,"Level 3, 6 St Andrew Square, Edinburgh, EH2 2BD",1000 to 4999,33.2,24.4,64.2,44.9,91
2018-2019,18299,"16 North Esplanade West, Aberdeen, Scotland, AB11 5RJ",1000 to 4999,18.5,31.4,53.2,41.9,91
2018-2019,13994,"Building 1 9 Haymarket Square, Edinburgh, Scotland, EH3 8RY","5000 to 19,999",13.8,13.4,58.1,33.6,"49,52"
2018-2019,14072,"1 Tanfield, Edinburgh, EH3 5DA",500 to 999,6.1,0.7,41,0,26
2019-2020,17484,"Suite 1, Ground Floor Academy House, 1346 Shettleston Road, Glasgow, Scotland, G32 9AT",250 to 499,-2,0.5,NA,NA,"86,88"
2019-2020,1838,"Westfield House, 4 Mollins Road, Cumbernauld, G68 9HD",500 to 999,2.7,-7.4,42.9,-2.5,11
2019-2020,787,"58 Robertson Street, Glasgow, Scotland, G2 8DU","5000 to 19,999",16.4,25.5,-12,0,49
2019-2020,789,"1 George Street, Edinburgh, United Kingdom, EH2 2LL","5000 to 19,999",29.7,20.7,46.1,35.9,64
2019-2020,790,"1 George Street, Edinburgh, United Kingdom, EH2 2LL","5000 to 19,999",42,38.6,73.8,72.8,64
2019-2020,17554,"38 Castle Street, Aberdeen, AB11 5YU",500 to 999,16.7,0.4,NA,NA,"85,87,87,87"
2019-2020,17218,"Pittodrie Stadium, Pittodrie Street, Aberdeen, AB24 5QH",250 to 499,59.6,18.2,67.7,45.3,"93,93"
2019-2020,791,"Aberdeen Airport, Dyce, Aberdeen, AB21 7DU",Less than 250,19,17,45,46,51
2019-2020,793,"Aberdeen Sports Village, Linksfield Road, Aberdeen, Scotland, AB24 5RU",250 to 499,3.9,0.4,70.8,58.3,93
2019-2020,794,"Kintail House, Forthside Way, Stirling, Stirlingshire, Scotland, FK8 1QZ",250 to 499,8.9,-0.8,NA,NA,96
2019-2020,65,"50 Lothian Road, Festival Square, Edinburgh, Scotland, EH3 9WJ",250 to 499,24.6,14,36.9,53.4,63
2019-2020,16687,"The Peak, Forthside Way, Stirling, Scotland, FK8 1QZ",250 to 499,-6.5,-13.2,NA,NA,"93,93"
2019-2020,915,"C/O Brodies Llp Capital Square, 58 Morrison Street, Edinburgh, United Kingdom, EH3 8BP",500 to 999,18.4,15.5,25.2,36.7,82
2019-2020,950,"Aegon Lochside Crescent, Edinburgh Park, Edinburgh, Scotland, EH12 9SE",1000 to 4999,34.7,23.4,65,27.9,82
2019-2020,308,"Lomondgate, Stirling Road, Dumbarton, Scotland, G82 3RG",500 to 999,15.7,21,18.5,15.8,77
2019-2020,19084,"5 James Hamilton Way, Milton Bridge, Penicuik, Scotland, EH26 0BF",Less than 250,18.5,0,69.5,30,21
2019-2020,1095,"9 Central Boulevard, Larbert, United Kingdom, FK5 4RU",1000 to 4999,12.7,18.8,49.7,62.6,29
2019-2020,14866,"1 George Street, Edinburgh, Scotland, EH2 2LL",250 to 499,25,13,64,17,64
2019-2020,1186,"Badentoy Crescent, Portlethen, Aberdeen, AB12 4YD",500 to 999,30.6,36.7,63.9,57,91
2019-2020,1275,"28 Albyn Place, Aberdeen, United Kingdom, AB10 1YL",1000 to 4999,7,2,89,50,81
2019-2020,18132,"Angus House, Orchardbank Business Park, Forfar, Angus, DD8 1AN",500 to 999,-11.2,-4.3,NA,NA,"90,91,91,93"
2019-2020,1325,"Apex Hotels House, 1 Mid New Cultins, Edinburgh, Scotland, EH11 4DH",1000 to 4999,13,4.4,20.8,0,55
2019-2020,1417,"454 Hillington Road, Glasgow, Scotland, G52 4FH","5000 to 19,999",13.5,8.7,64.3,34.1,"45,45,45"
2019-2020,1418,"454 Hillington Road, Glasgow, Scotland, G52 4FH",500 to 999,-6.2,-12.6,-0.9,12.2,77
2019-2020,1427,"Arr Craib Transport Ltd Howe Moss Drive, Kirkhill Industrial Estate, Dyce, Aberdeen, AB21 0GL",250 to 499,-3.1,-8.2,NA,NA,49
2019-2020,1465,"9 George Square, Glasgow, United Kingdom, G2 1DY",250 to 499,10.6,1.3,60.4,64.8,82
2019-2020,17341,"6 Coates Crescent, Edinburgh, Midlothian, EH3 7AL",1000 to 4999,6.3,-0.2,56.5,30.2,78
2019-2020,1639,"AVIAGEN LTD, 11 Lochend Road, Ratho Station, Newbridge, Midlothian, EH28 8SZ",250 to 499,17.3,0.8,47,16.7,14
2019-2020,1718,"C/O Dwf Llp Sentinel, 103 Waterloo Street, Glasgow, Scotland, Scotland, G2 7BW",500 to 999,9.1,24.7,70,51.7,77
2019-2020,16110,"Rosyth Business Park, Rosyth, Dunfermline, Fife, KY11 2YD",250 to 499,16.4,15.4,70.4,0,74
2019-2020,1724,"Rosyth Business Park, Rosyth, Dunfermline, Fife, KY11 2YD",1000 to 4999,17.1,18.7,3.7,-6.8,84
2019-2020,1764,"Balmoral Park, Loirston, Aberdeen, AB12 3GY",250 to 499,4.9,-18.5,8.6,-5.3,22
2019-2020,19915,"180 Hardgate Road, Glasgow, Scotland, G51 4TB",250 to 499,5.4,-1.7,80.1,-25,"25,25,46"
2019-2020,15376,"Floor 3 1 - 4 Atholl Crescent, Edinburgh, Scotland, EH3 8HA",Less than 250,25.5,5.3,6.1,0,73
2019-2020,1922,"Bear House,Inveralmond Road, Inveralmond Industrial Estate, Perth, PH1 3TW",500 to 999,7.9,11.7,-109.8,-16.8,42
2019-2020,1925,"Garscube Estate, Switchback Road, Bearsden, Glasgow, G61 1BD",250 to 499,9.9,7.1,NA,NA,72
2019-2020,1954,"Bell Business Park, Rochsolloch Road, Airdrie, ML6 9BG",1000 to 4999,-11.4,-0.3,19.4,20.7,"43,43,43"
2019-2020,2067,"4 Greenhole Place, Bridge Of Don Industrial Estate, Aberdeen, AB23 8EU",1000 to 4999,26,32,-197,-204,39
2019-2020,2078,"13 Queens Road, Aberdeen, AB15 4YL",250 to 499,17,13,25,16,74
2019-2020,4871,"6th Floor, Quartermile 4 7a Nightingale Way, Edinburgh, Scotland, EH3 9EG",500 to 999,32,29.7,75.9,67.5,82
2019-2020,2214,"Marischal College Marischal College, Broad Street, Aberdeen, Scotland, AB10 1AB",500 to 999,-9.7,-15.8,NA,NA,88
2019-2020,18699,"Excel House Europoint Office Park 1 Renshaw Place, Holytown, Motherwell, Scotland, ML1 4UF",250 to 499,36.6,35.4,61.2,50,43
2019-2020,2359,"Clyde Offices, 2nd Floor, 48 West George Street, Glasgow, G2 1BP",250 to 499,6.3,-2.6,-48.4,-3.7,11
2019-2020,2360,"Clyde Offices, 2nd Floor, 48 West George Street, Glasgow, G2 1BP",500 to 999,3.7,4.8,24.2,21.1,56
2019-2020,2367,"Baltic Works, Kilbarchan Road, Bridge Of Weir, Renfrewshire, PA11 3RH",250 to 499,13,1,NA,NA,15
2019-2020,2386,"Seaforth House, Seaforth Place, Burntisland, Fife, KY3 9AX",500 to 999,16.8,12.8,70.2,-115.1,"32,33,42"
2019-2020,15096,"18 Blythswood Square, Glasgow, Scotland, G2 4BG",1000 to 4999,10.9,9.1,43.5,45.2,78
2019-2020,18095,"Triest House, Bridge Street, Galashiels, Selkirkshire, Scotland, TD1 1SW",Less than 250,-2,-1,NA,NA,"86,88"
2019-2020,2504,"Unit1 Greystone Avenue, Kelloholm, Sanquhar, Dumfriesshire, DG4 6RB",500 to 999,1,0,41.7,-40,10
2019-2020,20691,"1-3 Lochside Crescent, Edinburgh, United Kingdom, EH12 9SE",250 to 499,10,6,-5,2,74
2019-2020,2613,"Grange House, 34 Grange Street, Kilmarnock, Ayrshire, Scotland, KA1 2DD",500 to 999,5,0,-19,-7,82
2019-2020,2648,"78 Longtown Road, Dundee, Tayside, DD4 8JU",1000 to 4999,19,4.9,26,-9.4,"46,47"
2019-2020,2674,"Adam House, 5 Mid New Cultins, Edinburgh, EH11 4DU",1000 to 4999,25.8,27.4,49,27.6,"41,68"
2019-2020,2687,"1 North Charlotte Street, Edinburgh, Scotland, EH2 4HR",250 to 499,10.9,8.8,NA,NA,56
2019-2020,2696,"The Ferry Terminal, Gourock, PA19 1QP",500 to 999,12.3,0,18.2,0,50
2019-2020,2738,"Caledonian Exchange, 19a Canning Street, Edinburgh, Scotland, EH3 8HE",250 to 499,-16.2,-10.8,100,100,"10,10"
2019-2020,265,"Vantage Point, 24 St Johns Road, Edinburgh, Scotland, EH12 6NZ",500 to 999,3.3,0,NA,NA,"85,85,87,88"
2019-2020,2790,"Atria One, 144 Morrison Street, Edinburgh, EH3 8EX",500 to 999,25.2,32.8,65.2,65.5,62
2019-2020,2844,"Unit 9, Ramsay House Callendar Business Park, Callendar Road, Falkirk, United Kingdom, FK1 1XR",250 to 499,0,0.6,NA,NA,87
2019-2020,2879,"23/25 Huntly Street, Inverness, Scotland, IV3 5PR",250 to 499,15,0,15,45,"92,93"
2019-2020,18655,"1 Boat Brae, Rattray, Blairgowrie, Scotland, PH10 7BH",250 to 499,27,13,49.6,32.4,36
2019-2020,2943,"1 George Square, Glasgow, Scotland, G2 1AL",500 to 999,12.9,12.5,33.2,16.2,21
2019-2020,2989,"1 Cambuslang Road, Glasgow, G32 8NB",250 to 499,17.9,31.4,55.8,40,"41,41,41"
2019-2020,3108,"Elphinstone Research Centre, Tranent, EH33 2NE",1000 to 4999,17,5.2,69.6,9.1,72
2019-2020,19073,"Second Floor, Hobart House, 80 Hanover Street, Edinburgh, Scotland, EH2 1EL",250 to 499,18.5,24.9,NA,NA,86
2019-2020,17156,"Canal Court, 42 Craiglockhart Avenue, Edinburgh, EH14 1LT",250 to 499,30.7,0.7,NA,NA,86
2019-2020,3264,"7 B Nightingale Way, Quartermile, Edinburgh, Scotland, EH3 9EG",1000 to 4999,17.2,18.4,54.7,50,62
2019-2020,17630,"23 Mcfarlane Street, Paisley, PA3 1RY",250 to 499,27.4,21.8,47.5,-7.9,"41,43,43"
2019-2020,3333,"First Floor, 9 Haymarket Square, Edinburgh, Scotland, EH3 8RY",250 to 499,15.7,1.7,NA,NA,55
2019-2020,3391,"149 Newlands Road, Cathcart, Glasgow, G44 4EX",250 to 499,6,-6.1,52.2,17.2,28
2019-2020,85,"177 Bothwell Street, Glasgow, Scotland, G2 7ER","5000 to 19,999",36.2,37.5,63.2,44.4,64
2019-2020,18719,"C/O Alvarez & Marsal Europe Llp, Sutherland House, 149 St Vincent Street, Glasgow, Scotland, G2 5NW",250 to 499,-0.7,-1.6,-0.7,26.6,43
2019-2020,17923,"6 Muriel Street, Barrhead, Glasgow, G78 1QB",500 to 999,7.9,0,89.7,77.8,81
2019-2020,19105,"14 City Quay, Camperdown Street, Dundee, Scotland, DD1 3JA",500 to 999,0.5,0,NA,NA,86
2019-2020,16252,"C/O Frp Advisory Trading Ltd, Suite B, 4th Floor, Meridian, Union Row, Aberdeen, AB10 1SA",250 to 499,3.9,1.9,NA,NA,82
2019-2020,3544,"C/O Brodies Llp, 110 Queen Street, Glasgow, United Kingdom, G1 3BX",250 to 499,12,23,20,27,32
2019-2020,3577,"The Doges Studios Templeton Business Centre, 62 Templeton Street, Glasgow, Scotland, G40 1DA",1000 to 4999,-1.2,0,NA,NA,"87,88,88,88"
2019-2020,3614,"Highgrove House Hotel, Loans, Troon, Scotland, KA10 7HL",250 to 499,10.4,0,NA,NA,"55,56"
2019-2020,16944,"2 Queens Road, Aberdeen, Scotland, AB15 4ZT",500 to 999,1.2,0.8,33.5,50,56
2019-2020,3730,"Crieff Hydro Hotel, Ferntower Road, Crieff, Perthshire, PH7 3LQ",500 to 999,12,-3,72,-9,55
2019-2020,3748,"C/O Enable Scotland Unit 3, Melisa House,, 3 Brand Place, Glasgow, Scotland, G51 1DR",250 to 499,-1.5,0,NA,NA,88
2019-2020,3809,"Summerlee Museum Of Scottish Industrial Life, Heritage Way, Coatbridge, Lanarkshire, ML5 1QD",500 to 999,1.8,-6.4,NA,NA,"90,91,91,91"
2019-2020,3934,"Caulfield House, Cradlehall Business Park, Inverness, IV2 5GH",500 to 999,-1.5,0,NA,NA,86
2019-2020,3985,"Collins House, Rutland Square, Edinburgh, Midlothian, EH1 2AA",1000 to 4999,26.6,11,36.1,36.1,82
2019-2020,4076,"Moodiesburn, Chryston, G69 0JE",250 to 499,9.5,13.8,-1.1,18.9,10
2019-2020,103,"11 Lochside Place, Edinburgh, Scotland, EH12 9HA",1000 to 4999,7.6,16.4,31.5,38.2,11
2019-2020,4134,"Unit 7/8 Whitemyres Avenue, Mastrick Industrial Estate, Aberdeen, Aberdeenshire, AB16 6HQ",1000 to 4999,6.7,14.1,-75.3,-100,45
2019-2020,4187,"Newfordpark House, Glamis Road, Forfar, Angus, DD8 1FR",250 to 499,13.7,8.3,41,0,13
2019-2020,4191,"Donaldson House Saltire Centre, Pentland Park, Glenrothes, Fife, Scotland, KY6 2AG",250 to 499,-54.2,-134,-39.5,-393.5,16
2019-2020,14700,"Park House, 14 Bothwell Road, Hamilton, Lanarkshire, ML3 0AY",250 to 499,8.6,17.9,26.9,0,45
2019-2020,4225,"Building D2003, Dounreay, Thurso, Caithness, KW14 7TZ",1000 to 4999,9.4,9.2,15.3,8.4,"38,39,43"
2019-2020,4264,"Stoneywood Park, Stoneywood Road, Dyce, Aberdeen, AB21 7DZ",250 to 499,21,43,-35,-135,25
2019-2020,20674,"King James The Vi Business Centre, Friarton Road, Perth, Scotland, PH2 8DY",250 to 499,24.4,-12.5,NA,NA,86
2019-2020,4354,"11 First Road, Blantyre Industrial Estate, Blantyre, Glasgow, G72 0ND",250 to 499,20.5,24.9,34.6,8.4,41
2019-2020,28,"8 Westerton Road, East Mains Industrial Estate, Broxburn, West Lothian, Scotland, EH52 5AU",1000 to 4999,31.9,26.2,57.6,51,70
2019-2020,17396,"30 Miller Road, Ayr, KA7 2AY",500 to 999,0,0,-23,-500,78
2019-2020,389,"Edinburgh Airport, Edinburgh, EH12 9DN",500 to 999,14.7,7.5,47,5.3,52
2019-2020,531,"Meadowbank Sports Centre, 139 London Road, Edinburgh, Scotland, EH7 6AE",500 to 999,0.5,1.8,NA,NA,"93,93"
2019-2020,4484,"The Potterrow, 5/2 Bristo Square, Edinburgh, EH8 9AL",500 to 999,4.3,0,NA,NA,85
2019-2020,4489,"100 Queen Street, Glasgow, Scotland, G1 3DN",500 to 999,10.4,8.3,68.5,-16.7,11
2019-2020,17480,"Haughhead, Hawick, Roxburghshire, TD9 8LF",250 to 499,9.5,0,-5.5,-7.1,"20,25"
2019-2020,4606,"Inspire House 3 Renshaw Place, Eurocentral, Lanarkshire, ML1 4UF",Less than 250,-12.1,-8.3,NA,NA,88
2019-2020,4607,"Inspire House 3 Renshaw Place, Eurocentral, Lanarkshire, ML1 4UF",1000 to 4999,-2.5,-0.1,NA,NA,88
2019-2020,4621,"Enermech House, Howes Road, Aberdeen, Scotland, AB16 7AG",500 to 999,16.3,22.9,33.5,34.1,82
2019-2020,4706,"The Erskine Home, Erskine Veterans Village, Bishopton, Renfrewshire, Scotland, PA7 5PU",500 to 999,0,0,NA,NA,"86,87"
2019-2020,4752,"10 /16, 10 Colvilles Place, East Kilbride, G75 0SN",250 to 499,-19.8,-0.2,-52,6,46
2019-2020,3469,"10 Empress Court, St Andrew Street, Greenock, Inverclyde, PA15 4RW",500 to 999,16,17,NA,NA,81
2019-2020,15729,"Kirkton House, Kirkton Of Cults, Pitlessie, Fife, KY15 7TE",500 to 999,-1.4,0,44.9,21.9,56
2019-2020,4904,"Suite 1a The Falkirk Stadium, 4 Stadium Way, Falkirk, FK2 9EE",500 to 999,8.4,7.9,0,0,"90,91,91,93"
2019-2020,4974,"Iona House John Smith Business Park, Grantsmuir Road, Kirkcaldy, Fife, Scotland, KY2 6NA",250 to 499,-5,0,NA,NA,"90,91,91,91"
2019-2020,4976,"Music Institute, Carnegie Hall, East Port, Dunfermline, Fife, KY12 7JA",500 to 999,0,0,NA,NA,93
2019-2020,5000,"395 King Street, Aberdeen, AB24 5RP",250 to 499,9.7,5.7,75.5,83,49
2019-2020,5012,"100 Cathcart Road, Glasgow, G42 7BH",1000 to 4999,8.2,6.5,-23.3,0,49
2019-2020,5013,"100 Cathcart Road, Glasgow, G42 7BH",500 to 999,6.1,11.4,-66.3,0,49
2019-2020,18815,"Carmuirs House, 300 Stirling Road, Larbert, Stirlingshire, FK5 3NJ",250 to 499,5.1,0.2,-28.7,-381.5,49
2019-2020,5050,"Edenfields, Cupar Trading Estate, Cupar, United Kingdom, KY15 4SX",500 to 999,6.6,0,58.8,68.2,96
2019-2020,5155,"1 Prince Of Wales Dock, Edinburgh, Midlothian, EH6 7DX",250 to 499,-13.1,-3.3,-92,0,52
2019-2020,5179,"C/O Brodies Llp Capital Square, 58 Morrison Street, Edinburgh, United Kingdom, EH3 8BP",250 to 499,-5.5,2.5,NA,NA,86
2019-2020,5398,"Tinwald Downs Road, Heathhall, Dumfries & Galloway, Scotland, DG1 1TS",250 to 499,13.7,17.3,24.1,0,"15,22,70"
2019-2020,660,"Monument Crescent, Shawfarm Industrial Estate, Prestwick, KA9 2RX",500 to 999,-2.9,3.1,-11.8,-3.6,52
2019-2020,5523,"St Andrews Drive, Glasgow Airport, Paisley, PA3 2SW",250 to 499,15,9,24,17,51
2019-2020,14168,"Commonwealth House, 38 Albion Street, Glasgow, Scotland, G1 1LH",1000 to 4999,-6.3,-5.3,NA,NA,91
2019-2020,5524,"Glasgow Prestwick Airport, Aviation House, Prestwick, Ayrshire, KA9 2PL",250 to 499,8.8,7.8,NA,NA,"51,51,51"
2019-2020,14275,"41 Commercial Street, Leith, Edinburgh, EH6 6JD",250 to 499,-1,0,15.9,71.6,47
2019-2020,5650,"Airthrey Kerse Farm, Henderson Street, Bridge Of Allan, Stirlingshire, FK9 4RW",500 to 999,0.7,17.3,-27,65,70
2019-2020,5679,"South Road, South Road, Fraserburgh, Aberdeenshire, Scotland, AB43 9HU",250 to 499,14.9,12,51,-20,29
2019-2020,5680,"Gray & Adams, South Road, Fraserburgh, Scotland, AB43 9HU",250 to 499,17.6,8.1,64.3,0,29
2019-2020,5812,"100 Albert Drive, Glasgow, G41 2SJ",250 to 499,-9.3,28.8,43.5,33.3,43
2019-2020,17561,"C/O Quantuma Advisory Limited, 86a George Street, Edinburgh, EH2 3BU",250 to 499,0.1,0.1,0.1,0.1,86
2019-2020,17576,"Halliburton House Howe Moss Crescent, Dyce, Aberdeen, AB21 0GN",1000 to 4999,13,4,55,66,82
2019-2020,5949,"1 Robroyston Gate, Robroyston, Glasgow, Scotland, G33 1JN",500 to 999,16.3,8.8,51.3,15.9,"58,82"
2019-2020,5968,"454 Hillington Road, Glasgow, Scotland, G52 4FH",250 to 499,14.3,10.4,48.2,38.6,"45,45,45"
2019-2020,6025,"The Mound, Edinburgh, EH1 1YZ","20,000 or more",25.7,28,55.7,37.3,64
2019-2020,17320,"Collins House, Rutland Square, Edinburgh, Midlothian, EH1 2AA",250 to 499,39,0,65,63,93
2019-2020,6068,"6 St. Andrew Square, Edinburgh, Scotland, EH2 2BD",1000 to 4999,9,2.5,28.3,13.8,11
2019-2020,19716,"13 Queen's Road, Aberdeen, AB15 4YL",500 to 999,-7.8,-9.7,NA,NA,78
2019-2020,618,"High Life Highland Highland Archive Centre, Bught Road, Inverness, Scotland, IV3 5SS",500 to 999,7.3,0,NA,NA,"85,85,91,93"
2019-2020,15472,"100 Queen Street, Glasgow, Scotland, G1 3DN",250 to 499,22.2,16.3,61.7,-247.9,"11,46"
2019-2020,503,"1 Highlander Way, Inverness Business & Retail Park, Inverness, Scotland, IV2 7GE",250 to 499,2,-3,3,0,82
2019-2020,6179,"Stirling Street, Blackford, Perthshire, PH4 1QA",250 to 499,-3.3,-6.6,28.9,36.5,11
2019-2020,5632,"1 Explorer Road, Dundee, Tayside, DD2 1EG",500 to 999,6.2,0,10.6,11.9,"87,88"
2019-2020,6347,"Fountain House 2nd Floor, 1-3 Woodside Crescent, Glasgow, G3 7UL",500 to 999,7.3,10.3,25.3,0,24
2019-2020,6569,"Quay House, Quay Road North, Rutherglen, Glasgow, G73 1LD",250 to 499,-40,-13.6,-87.5,-200,"23,46"
2019-2020,6647,"Unit 2000 Academy Park Gower Street, Glasgow, Scotland, G51 1PR",250 to 499,6.2,2,12.1,23.1,"87,88"
2019-2020,6686,"5 South Charlotte Street, Edinburgh, Scotland, EH2 4AN",500 to 999,-4,-5.7,-32.8,-117.5,"63,70,82,82"
2019-2020,6886,"Vermont House, 149 Vermont Street, Kinning Park, Glasgow, G41 1LU",1000 to 4999,1,0,100,-100,"46,47"
2019-2020,6914,"Newmill, Elgin, IV30 4AF",Not Provided,24.1,16.1,95.7,88.6,"13,14,46,47"
2019-2020,6935,"Rsm Restructuring Advisory Llp Third Floor, 2 Semple Street, Edinburgh, EH3 8BL",250 to 499,12.7,10.1,NA,NA,49
2019-2020,6951,"Forvis Mazars Capital Square, 58 Morrison Street, Edinburgh, United Kingdom, EH3 8BP",250 to 499,13.4,11,-25.9,0,"70,82"
2019-2020,7022,"Baird House, 4, Lower Gilmore Bank, Edinburgh, Scotland, EH3 9QP",1000 to 4999,14.7,13,20.5,31.8,32
2019-2020,7033,"Bishop's Court, 29 Albyn Place, Aberdeen, Scotland, AB10 1YL",500 to 999,29.2,31.9,69.7,25,82
2019-2020,17585,"Block 5 Dunsinane Avenue, Dunsinane Industrial Estate, Dundee, Scotland, DD2 3QN",250 to 499,-5.4,-31.5,81.8,64.3,"31,31"
2019-2020,7118,"13 Queens Road, Aberdeen, AB15 4YL",1000 to 4999,15,11,30,0,10
2019-2020,7136,"H&P Bankhead Drive, City South Office Park, Portlethen, Aberdeen, Scotland, AB12 4XX",250 to 499,21.5,26.2,48.7,1.8,82
2019-2020,147,"Kepak Group Limited Cookston Road, Portlethen, Aberdeen, Scotland, AB12 4QB",1000 to 4999,18.1,23.4,NA,NA,10
2019-2020,7218,"Balmalcolm Farm, Cupar, Fife, KY15 7TJ",1000 to 4999,6.8,0.8,NA,NA,10
2019-2020,7228,"50 Mauchline Street, Glasgow, United Kingdom, G5 8HQ",500 to 999,-0.3,-13.3,20.5,23.6,46
2019-2020,16624,"133 Finnieston Street, Floor 7, Glasgow, Scotland, G3 8HB",500 to 999,10.4,6.8,NA,NA,"85,87"
2019-2020,7277,"C/O Restructuring, S&W Partners Llp, Q Court, 3 Quality Street, Edinburgh, EH4 5BP",250 to 499,9.9,0,7.3,5.6,87
2019-2020,17109,"Saltire Centre, Pentland Court, Glenrothes, Fife, KY6 2DA",250 to 499,-4.9,-1.7,NA,NA,"87,88,88"
2019-2020,7329,"Caledonian Exchange, 19a Canning Street, Edinburgh, Scotland, EH3 8HE",250 to 499,12.9,16.4,53.4,-100,25
2019-2020,14805,"Unit 3, Kpp Chartered Accountants Morris Park, 37 Rosyth Road, Glasgow, Scotland, G5 0YE",1000 to 4999,11,9,NA,NA,82
2019-2020,7566,"Rigifa, Cove, Aberdeen, AB12 3LR",500 to 999,2.7,4.4,68.1,38.5,"81,42,42"
2019-2020,7628,"3 Fountain Drive, Inchinnan Business Park, Paisley, PA4 9RF",1000 to 4999,9.1,4.5,34.6,-4,32
2019-2020,7645,"73 Bothwell Road, Hamilton, ML3 0DW",1000 to 4999,9,7.1,NA,NA,10
2019-2020,7710,"Dewars Centre, Glover Street, Perth, Scotland, PH2 0TH",250 to 499,2.9,0,NA,NA,93
2019-2020,7728,"The Mound, Edinburgh, EH1 1YZ","20,000 or more",30.9,33.5,64.2,41.8,64
2019-2020,7753,"Lightyear Building 9 Marchburn Drive, Glasgow Airport, Paisley, Renfrewshire, Scotland, PA3 2SJ",500 to 999,38,43.9,100,100,"51,51,51"
2019-2020,7766,"520 Hillington Road, Braehead, Glasgow, United Kingdom, G52 4UB",250 to 499,76.7,15.2,28.3,4.5,"45,45,45,45"
2019-2020,20554,"520 Hillington Road, Braehead, Glasgow, G52 4UB",Less than 250,76.7,15.2,28.3,4.5,45
2019-2020,7855,"Willow House Kestrel View, Strathclyde Business Park, Bellshill, Scotland, ML4 3PB",250 to 499,-3.9,0,-0.4,0,"87,87,88,88"
2019-2020,7858,"55 Annandale Street, Edinburgh, Midlothian, EH7 4AZ",1000 to 4999,2,7,99,71,49
2019-2020,8406,"1 Enterprise Drive, Westhill Industrial Estate, Westhill, Aberdeen, Aberdeenshire, Scotland, Scotland, AB32 6TQ",250 to 499,21.6,30.9,34.3,40.9,82
2019-2020,7971,"Wheatfield Road, Edinburgh, EH11 2QA",250 to 499,12.4,14.3,-1.2,-17.9,21
2019-2020,7980,"Lochlea Farm, Craigie, Kilmarnock, Scotland, KA1 5NN",1000 to 4999,49.1,3.5,-143.6,-45.8,70
2019-2020,7945,"C/O Teneo Financial Advisory, 66 Hanover Street, Edinburgh, EH2 1EL",1000 to 4999,49.1,3.5,-143.6,-45.8,47
2019-2020,7991,". Hunter Avenue, Loanhead, Scotland, EH20 9SL",250 to 499,24,20,19,50,"28,28,28,28"
2019-2020,8195,"Elliott House, Kilwinning Road, Irvine, KA12 8TG",250 to 499,3,-1,100,100,49
2019-2020,8220,"Kelvin Avenue, Hillington, Glasgow, G52 4LF",500 to 999,19.8,7.6,NA,NA,22
2019-2020,8232,"C/O Harper Macleod Llp The Ca'D'Oro, 45 Gordon Street, Glasgow, Scotland, G1 3PE",250 to 499,3.7,5.3,57.1,35.4,"45,45,45,45"
2019-2020,8254,"Heathfield House Phoenix Crescent, Strathclyde Business Park, Bellshill, North Lanarkshire, Scotland, ML4 3NJ",250 to 499,37,45.7,63.5,60,41
2019-2020,8269,"Lydiafield, Standalane, Annan, Scotland, DG12 5JR",250 to 499,-2.7,0,NA,NA,"86,86"
2019-2020,18502,"55 Douglas Street, Glasgow, United Kingdom, G2 7NP",250 to 499,18.6,18.7,-51.1,0,74
2019-2020,15681,"Verdant 2 Redheughs Rigg, South Gyle, Edinburgh, Scotland, EH12 9DQ",250 to 499,1.1,2.8,23.3,60,53
2019-2020,8442,"Carmuirs House, 300 Stirling Road, Larbert, Stirlingshire, FK5 3NJ",250 to 499,10.9,0.1,100,100,49
2019-2020,8475,"Miller House, 2 Lochside View, Edinburgh Park, Edinburgh, EH12 9DH",1000 to 4999,11.4,-2.9,2.7,-9.6,41
2019-2020,8645,"Apleona House, Crosshill Street, Motherwell, Scotland, ML1 1RU",500 to 999,29,37,89.1,96.4,"43,43,43,43"
2019-2020,17383,"C/O Brodies Llp Capital Square, 58 Morrison Street, Edinburgh, United Kingdom, EH3 8BP",250 to 499,0,0,-0.5,0,10
2019-2020,8092,"1st Floor Admiralty Park, Admiralty Road, Rosyth, Fife, KY11 2YW",500 to 999,0.5,-0.3,4.2,5.1,32
2019-2020,8729,"Sir Ian Wood House Hareness Road, Altens Industrial Estate, Aberdeen, Scotland, AB12 3LE",Less than 250,34.7,35.2,51.2,58.3,82
2019-2020,19307,"36 St Andrew Square, Edinburgh, EH2 2YB",1000 to 4999,36.1,29,68.5,48.5,66
2019-2020,9062,"Portal And Townhouse, 66 High Street, Irvine, United Kingdom, KA12 0AZ",250 to 499,1.7,0,NA,NA,"93,93"
2019-2020,9078,"1 Ardgoil Drive, Cumbernauld, Glasgow, G68 9NE",500 to 999,7,6,NA,NA,93
2019-2020,9119,"Lindsayfield Lodge, Rosaburn Avenue, East Kilbride, Glasgow,, G75 9DE",500 to 999,34,20.5,71.2,0,87
2019-2020,19729,"Redwood House 5 Redwood Crescent, Peel Park, East Kilbride, Scotland, G74 5PP",500 to 999,21.5,0,46.5,34.2,93
2019-2020,9259,"Head Office, 40 Lambhill Street, Kining Park, Glasgow, G41 1AU",250 to 499,-4.8,0,NA,NA,87
2019-2020,19038,"Lower Ground Floor Prime View, Prime Four Business Park, Kingswells, Aberdeen, Scotland, AB15 8PU",250 to 499,23.3,27.1,78.6,71,82
2019-2020,9382,"Minerva House, Bruntland Road, Portlethen, Aberdeen, Aberdeenshire, AB12 4QL",250 to 499,-5.2,-21,100,100,82
2019-2020,9513,"59 Charles Street, Glasgow, Scotland, G21 2PR",250 to 499,8.1,2.2,NA,NA,86
2019-2020,19295,"3 Lovat Street, Largs, Scotland, KA30 9NE",Less than 250,0,0,0,0,81
2019-2020,9595,"Park House, 14 Bothwell Road, Hamilton, Lanarkshire, ML3 0AY",1000 to 4999,19.4,15.7,53.7,32.5,"45,45,45,45"
2019-2020,9593,"Park House, 14 Bothwell Road, Hamilton, Lanarkshire, ML3 0AY",250 to 499,6.6,0.6,70.9,89.9,49
2019-2020,9721,"Orchard Brae House, 30 Queensferry Road, Edinburgh, Scotland, EH4 2HS",500 to 999,-2,-1.8,NA,NA,"86,87,88,94"
2019-2020,16377,"Bridge View, 1 North Esplanade West, Aberdeen, AB11 5QF",1000 to 4999,38.2,42.4,10.4,7.1,91
2019-2020,9884,"Pinnacle Hill, Kelso, Roxburghshire, TD5 8XX",500 to 999,28,18,63,92,27
2019-2020,9987,"4th Floor, Saltire Court, 20 Castle Terrace, Edinburgh, EH1 2EN",Less than 250,46,41.2,63.6,65.4,70
2019-2020,10111,"5 Central Way, Kildean Business Park, Stirling, United Kingdom, FK8 1FT",1000 to 4999,22.4,27.9,62.1,46.2,64
2019-2020,10117,"5 Central Way, Kildean Business Park, Stirling, United Kingdom, FK8 1FT",500 to 999,17.8,14.6,35.4,32.5,66
2019-2020,18426,"Sir Ian Wood House Hareness Road, Altens Industrial Estate, Aberdeen, Scotland, AB12 3LE",Less than 250,29.5,14.8,96.7,97.3,91
2019-2020,10180,"Quarriers Head Office, 20 St. Kenneth Drive, Glasgow, Scotland, G51 4QD",1000 to 4999,2.5,0,NA,NA,"87,87,88,88"
2019-2020,10218,"2411 London Road, Glasgow, G32 8XT",250 to 499,10,-5,39,-496,"42,42,42,42"
2019-2020,10230,"27 Barony Road, Auchinleck, Ayrshire, KA18 2LL",250 to 499,5,2.3,NA,NA,55
2019-2020,10260,"6 Redheughs Rigg, South Gyle, Edinburgh, Scotland, EH12 9DQ",500 to 999,-1.5,0,32.8,-60.2,87
2019-2020,19083,"9 Watt Place, Hamilton Intnl Technology Park, Blantyre, Glasgow, G72 0AH",250 to 499,18.4,21.9,52,47,43
2019-2020,14430,"Archibald Hope House, Station Road, Musselburgh, Scotland, EH21 7PQ",500 to 999,-3.3,0,0,0,87
2019-2020,10403,"The Lagoon Centre, Christie Street, Paisley, PA1 1NB",250 to 499,-1.7,-7.7,NA,NA,"90,91,93"
2019-2020,15725,"Cargill Centre Business Park, Aberdeen Road, Laurencekirk, Aberdeenshire, AB30 1EY",250 to 499,4.6,3.7,-281.6,0,78
2019-2020,15286,"Clyde View, 22 Pottery Street, Greenock, Inverclyde, Scotland, PA15 2UZ",250 to 499,5.8,-2.1,NA,NA,68
2019-2020,10544,"C/O Bosch Rexroth, Viewfield Industrial Estate, Glenrothes, KY6 2RD",500 to 999,28.5,29.7,47,32,27
2019-2020,203,"Schoolhill, Aberdeen, AB10 1FE",250 to 499,11.4,3.4,NA,NA,NA
2019-2020,10557,"10 Perimeter Road, Elgin, Moray, IV30 6AE",250 to 499,42.3,42.5,77,71.3,41
2019-2020,10558,"10 Perimeter Road, Pinefield Inustrial Estate, Elgin, Moray,, IV30 6AE",1000 to 4999,28.7,14.3,53.1,0,81
2019-2020,10617,"BABCOCK INTERNATIONAL, Rosyth Business Park, Rosyth, Dunfermline, Fife, KY11 2YD",1000 to 4999,3.2,2.8,89.8,77,30
2019-2020,310,"65 Sussex Street, Glasgow, Scotland, G41 1DX",250 to 499,16.1,21.2,38.5,4.5,"39,42,71,74"
2019-2020,10726,"Rwg (Repair & Overhauls) Limited Kirkhill Drive, Kirkhill Industrial Estate, Dyce, Aberdeen, Scotland, AB21 0EU",250 to 499,7,12,-7,-89,28
2019-2020,10770,"Orwell Bakery Loanhead Avenue, Lochore, Fife, KY5 8DD",500 to 999,19.5,9.9,73,20.1,"11,14,10,47"
2019-2020,10753,"1 Wellheads Avenue, Dyce, Aberdeen, AB21 7PB",250 to 499,11.9,24,-28.5,-299.4,"46,52"
2019-2020,10776,"112 Commercial Street, Edinburgh, Scotland, EH6 6NF",Less than 250,5,-6,NA,NA,"87,88"
2019-2020,10909,"1 Neilson  Square, Deans Industrial Estate, Livingston, EH54 8RQ",1000 to 4999,9.6,0,NA,NA,47
2019-2020,10930,"Axis House 5 Lonehead Drive, Newbridge, Edinburgh, Scotland, EH28 8TG",1000 to 4999,9.2,8.4,-79.5,-3.3,35
2019-2020,10937,"Unit 7, Halbeath Interchange Business Park Kingseat Road, Halbeath, Dunfermline, Fife, KY11 8RY",500 to 999,-4.4,-2,-197.6,-1007.7,16
2019-2020,19250,"Inveralmond House, 200 Dunkeld Road, Perth, PH1 3AQ",500 to 999,15.8,27.4,60.6,41.7,35
2019-2020,10938,"Brunswick House, 51 Wilson Street, Glasgow, G1 1UZ",500 to 999,4,-0.9,NA,NA,"87,87,88"
2019-2020,17348,"Bradbury Hub, 100 Smithfield Loan, Alloa, Clackmannanshire, Scotland, FK10 1NP",1000 to 4999,-2.1,0,NA,NA,"85,87,88"
2019-2020,476,"Inveralmond House, 200 Dunkeld Road, Perth, PH1 3AQ",1000 to 4999,18.2,20.7,45,24.7,35
2019-2020,477,"Inveralmond House, 200 Dunkeld Road, Perth, PH1 3AQ",250 to 499,26.6,32.4,48.8,26,35
2019-2020,15342,"39 Elmbank Crescent, Glasgow, G2 4PT",Less than 250,10.7,7.9,NA,NA,90
2019-2020,412,"320 St. Vincent Street, Glasgow, Scotland, G2 5AD",250 to 499,20.1,17.4,44.5,22.7,70
2019-2020,10944,"Murrayfield, Edinburgh, EH12 5PJ",250 to 499,53,34,85,50,"93,93"
2019-2020,10947,"1-3 Lochside Crescent, Edinburgh, United Kingdom, EH12 9SE",250 to 499,10,6,-5,2,"36,46,82"
2019-2020,10949,"The Mound, Edinburgh, United Kingdom, EH1 1YZ",1000 to 4999,17.4,18.6,44.3,44.5,66
2019-2020,10951,"320 St. Vincent Street, Glasgow, Scotland, G2 5AD",1000 to 4999,19.8,21.9,57.4,11.5,"35,35"
2019-2020,19133,"14 City Quay, Camperdown Street, Dundee, Scotland, DD1 3JA",250 to 499,-2.4,-0.6,NA,NA,86
2019-2020,253,"Shin-Etsu Handotai Europe Ltd Wilson Road, Toll Roundabout, Eliburn, Livingston, West Lothian, Scotland, EH54 7DA",250 to 499,14.2,8.5,19.1,0,26
2019-2020,11199,"2nd Floor Saltire Court, 20 Castle Terrace, Edinburgh, United Kingdom, EH1 2EN",250 to 499,9,14.3,-5.4,8.3,69
2019-2020,11245,"165 Howard Street, Glasgow, G1 4HF",500 to 999,19.5,10.9,100,60.2,47
2019-2020,11246,"Turnberry Hotel, Ayrshire, KA26 9LT",250 to 499,14.3,0.4,38.3,30.6,"55,93,96,96"
2019-2020,11306,"Neo Space, Riverside Drive, Aberdeen, Scotland, AB11 7LH",1000 to 4999,21.1,26.5,4,-2.5,56
2019-2020,11380,"Council Offices, Almada Street, Hamilton, Scotland, ML3 0EW",1000 to 4999,3.4,0,NA,NA,"90,91,91,93"
2019-2020,18600,"320 St. Vincent Street, Glasgow, Scotland, G2   5AD",500 to 999,9.1,11.2,-49.5,0,35
2019-2020,11434,"320 St. Vincent Street, Glasgow, Scotland, G2   5AD",500 to 999,21.2,25.6,77.5,0,96
2019-2020,18599,"320 St. Vincent Street, Glasgow, Scotland, G2   5AD",250 to 499,16.8,17.6,52,0,35
2019-2020,11506,"Alexander Fleming House, 8 Southfield Drive, Elgin, Morayshire, IV30 6GR",500 to 999,6.8,11.3,-156.2,-703.5,"41,41"
2019-2020,474,"Cadworks, 41 West Campbell Street, Glasgow, Scotland, G2 6SE",250 to 499,19.1,22.4,-26.1,-49.5,43
2019-2020,470,"Cadworks, 41 West Campbell Street, Glasgow, Scotland, G2 6SE",1000 to 4999,3.6,11.8,1.8,-6.7,82
2019-2020,393,"Inveralmond House, 200 Dunkeld Road, Perth, Perthshire, PH1 3AQ","5000 to 19,999",21.4,21,33.8,13,70
2019-2020,18318,"Inveralmond House, 200 Dunkeld Road, Perth, PH1 3AQ",250 to 499,31.5,37.6,46.8,53.4,64
2019-2020,18319,"Level 2.1 Wellington Place, 107 West Regent Street, Glasgow, Scotland, G2 2BA",250 to 499,23.6,31.7,65.1,26.5,61
2019-2020,16683,"Sycamore House, 72 Carnethie Street, Rosewell, Midlothian, EH24 9AW",250 to 499,9.4,10.1,NA,NA,"87,88"
2019-2020,11651,"1 George Street, Edinburgh, United Kingdom, EH2 2LL","5000 to 19,999",39.5,31.4,67.1,54.2,70
2019-2020,19458,"Standard Life House, 30 Lothian Road, Edinburgh, United Kingdom, EH1 2DH",1000 to 4999,22,26,35,28,82
2019-2020,11648,"1 George Street, Edinburgh, United Kingdom, EH2 2LL","5000 to 19,999",32.9,33.3,52.6,39.9,82
2019-2020,11650,"1 George Street, Edinburgh, EH2 2LL","5000 to 19,999",41.4,35.3,63.1,58.9,66
2019-2020,11665,"Block 3, Units 1,2,3 & 4, Thornliebank Industrial Estate, Glasgow, G46 8JW",250 to 499,39.9,43.3,NA,NA,28
2019-2020,11715,"Tofthill, Glencarse, Perth, PH2 7LS",250 to 499,14.7,0,45.3,45.9,"11,11"
2019-2020,11744,"Altrad Howe Moss Crescent, Dyce, Aberdeen, Scotland, AB21 0GN",1000 to 4999,27.5,33.6,59.4,59.3,91
2019-2020,14967,"Randolph Hill, Fankerton, Denny, FK6 5HJ",250 to 499,11.2,0.8,NA,NA,86
2019-2020,16191,"Pacific Quay, Glasgow, G51 1PQ",250 to 499,21,11.9,63.2,35.8,64
2019-2020,11780,"East Campus Prospect Road, Arnhall Business Park, Westhill, Aberdeenshire, AB32 6FE",1000 to 4999,36.5,37,65.3,89.7,82
2019-2020,11908,"Nether Road, Galashiels, Selkirkshire, TD1 3HE",1000 to 4999,8.6,0,55,57.2,82
2019-2020,12040,"44/48 East Dock Street, Dundee, DD1 3JS",250 to 499,-5.9,-4.2,-141,-303,49
2019-2020,12086,"1 Central Park Avenue,, Central Business Park, Larbert, Falkirk, FK5 4RX","5000 to 19,999",8.3,1.5,38.3,20.9,61
2019-2020,12123,"Wellpark Brewery, 161 Duke Street, Glasgow, G31 1JD",250 to 499,-0.8,0.5,-80,-122.4,46
2019-2020,12139,"2 South Gyle Crescent, Edinburgh, United Kingdom, EH12 9FQ",1000 to 4999,26.8,17.6,58.7,30.1,64
2019-2020,12339,"100 Queen Street, Glasgow, Scotland, G1 3DN",500 to 999,15.3,10.4,67.2,-30.9,11
2019-2020,12417,"The James Hutton Institute, Invergowrie, Dundee, DD2 5DA",500 to 999,15,8,NA,NA,72
2019-2020,12471,"Inspire House 3 Renshaw Place, Eurocentral, Lanarkshire, ML1 4UF",500 to 999,-4.1,0.3,NA,NA,82
2019-2020,14264,"The Green House Forrest Estate, Dalry, Castle Douglas, Kirkcudbrightshire, United Kingdom, DG7 3XS",250 to 499,28,28,27,17,74
2019-2020,19366,"Dumfries House, Dumfries House Estate, Cumnock, Ayrshire, KA18 2NJ",250 to 499,18.8,13.2,NA,NA,91
2019-2020,17645,"28 Drumsheugh Gardens, Edinburgh, Scotland, EH3 7RN",500 to 999,-13,-1,-68,-21,32
2019-2020,12690,"34 Old Mill Road, Uddingston, G71 7HH",500 to 999,14.4,0,59,62.4,32
2019-2020,355,"Henry Duncan House, 120 George Street, Edinburgh, EH2 4LH","5000 to 19,999",31.1,23.7,24.2,13.8,64
2019-2020,13032,"Napier Building Reynolds Avenue, East Kilbride, Glasgow, Scotland, G75 0AF",500 to 999,23.6,33.1,-6.3,45,74
2019-2020,18587,"2 Bothwell Street, Glasgow, G2 6LU",1000 to 4999,25.6,0,NA,NA,70
2019-2020,13200,"1 Meadowhead Road, Irvine, Ayrshire, KA11 5AT",500 to 999,7,9,11,-12,17
2019-2020,15097,"Woodside Way, Glenrothes East, Fife, KY7 4ND",250 to 499,25,33,24,23,46
2019-2020,17440,"Ernst & Young Llp Atria One, 144 Morrison Street, Edinburgh, EH3 8EX",250 to 499,11.4,13.9,23,2,62
2019-2020,13299,"C/O Brodies Llp Capital Square, 58 Morrison Street, Edinburgh, EH3 8BP",250 to 499,27.8,17.3,-7,-122.2,46
2019-2020,13300,"C/O Brodies Llp Capital Square, 58 Morrison Street, Edinburgh, EH3 8BP",1000 to 4999,8.3,0,17.3,8.2,47
2019-2020,16590,"4 South Oswald, Edinburgh, EH9 2HG",250 to 499,2.8,-9.5,2.3,0,87
2019-2020,13316,"1st Floor Left, 161 Brooms Road, Dumfries, Scotland, DG1 2SH",500 to 999,-1.2,0,-13.8,0,80
2019-2020,12129,"Newhouse Industrial Estate, Newhouse, Motherwell, Lanarkshire, ML1 5RY",250 to 499,20.8,-11.5,28.4,-7.9,28
2019-2020,566,"Aberlour House, Aberlour-On-Spey, Banffshire, AB38 9LD",1000 to 4999,14.4,0,25.4,-3.4,10
2019-2020,13478,"21-24 Wellmeadow, Blairgowrie, PH10 6AT",250 to 499,19.3,-2.1,NA,NA,86
2019-2020,301,"Kyleshill House, Glencairn Street, Saltcoats, Ayrshire, KA21 5JT",1000 to 4999,13.1,-14.6,53.1,40,82
2019-2020,17374,"C/O Brodies Llp Capital Square, 58 Morrison Street, Edinburgh, United Kingdom, EH3 8BP",250 to 499,-9.7,-4.3,NA,NA,86
2019-2020,13753,"4th Floor St. Vincent Plaza, 319 St. Vincent Street, Glasgow, Scotland, G2 5RG",250 to 499,20.4,14.8,64.7,23.5,11
2019-2020,13784,"The Glenfiddich Distillery, Dufftown, Keith, Scotland, AB55 4DH",1000 to 4999,12.4,7.9,38,7.8,11
2019-2020,9872,"7 West Adam Street, Edinburgh, Scotland, EH8 9SX",250 to 499,-1.4,0,NA,NA,"88,88"
2019-2020,13887,"Sir Ian Wood House Hareness Road, Altens Industrial Estate, Aberdeen, Scotland, AB12 3LE",1000 to 4999,26.6,32.5,1.8,-102.6,91
2019-2020,18299,"16 North Esplanade West, Aberdeen, Scotland, AB11 5RJ",1000 to 4999,21.7,30.1,17.9,16.4,91
2020-2021,16879,"19 Smith's Place, Leith Walk, Edinburgh, EH6 8NU",250 to 499,0.5,0,7,0,47
2020-2021,17484,"Suite 1, Ground Floor Academy House, 1346 Shettleston Road, Glasgow, Scotland, G32 9AT",Less than 250,-3.2,0,NA,NA,"86,88"
2020-2021,14399,"Fairview Mill, Ingliston, Newbridge, Midlothian, EH28 8NB",250 to 499,3.8,16,42.5,0,"14,10"
2020-2021,1838,"Westfield House, 4 Mollins Road, Cumbernauld, G68 9HD",500 to 999,0.7,-1.1,34.6,-15,11
2020-2021,777,"72 Milton Road, Kirkcaldy, Fife, Scotland, KY1 1TP",500 to 999,6.3,-8.9,NA,NA,86
2020-2021,787,"58 Robertson Street, Glasgow, Scotland, G2 8DU","5000 to 19,999",17.2,26.2,-119.4,0,49
2020-2021,789,"1 George Street, Edinburgh, United Kingdom, EH2 2LL",500 to 999,19.5,19.4,53.1,31,64
2020-2021,790,"1 George Street, Edinburgh, United Kingdom, EH2 2LL",500 to 999,36.2,37.8,66.1,72.5,64
2020-2021,17554,"38 Castle Street, Aberdeen, AB11 5YU",500 to 999,9.4,0,NA,NA,"85,87,87,87"
2020-2021,17218,"Pittodrie Stadium, Pittodrie Street, Aberdeen, AB24 5QH",250 to 499,57.9,32.4,73.6,58,"93,93"
2020-2021,793,"Aberdeen Sports Village, Linksfield Road, Aberdeen, Scotland, AB24 5RU",Less than 250,-14.7,-5.8,50.5,0,93
2020-2021,794,"Kintail House, Forthside Way, Stirling, Stirlingshire, Scotland, FK8 1QZ",250 to 499,7.3,0,NA,NA,96
2020-2021,16687,"The Peak, Forthside Way, Stirling, Scotland, FK8 1QZ",250 to 499,-1.5,0,NA,NA,"93,93"
2020-2021,18552,"Gateside, 6 Back Road, Dollar, FK14 7EA",250 to 499,0,0,34,-9,56
2020-2021,19419,"C/O Interpath Ltd, 5th Floor, 130 St. Vincent Street, Glasgow, G2 5HF",250 to 499,3.6,-5,4.9,-2.5,62
2020-2021,915,"C/O Brodies Llp Capital Square, 58 Morrison Street, Edinburgh, United Kingdom, EH3 8BP",500 to 999,10.9,11.3,25.1,29.8,82
2020-2021,922,"Caldergrove House 4 Linnet Way, Strathclyde Business Park, Bellshill, Lanarkshire, Scotland, ML4 3RA",1000 to 4999,23.2,14.1,14.4,33,41
2020-2021,20051,"3 Lochside Crescent, Edinburgh, Scotland, EH12 9SA",250 to 499,34.8,32.5,60.1,49.3,64
2020-2021,950,"Aegon Lochside Crescent, Edinburgh Park, Edinburgh, Scotland, EH12 9SE",1000 to 4999,31.5,28.8,56.3,36.7,82
2020-2021,977,"The Wright Business Centre, Lonmay Road, Glasgow, Scotland, G33 4EL",1000 to 4999,-0.9,-1.5,19.2,56.5,56
2020-2021,308,"Lomondgate, Stirling Road, Dumbarton, Scotland, G82 3RG",500 to 999,12.7,14.3,22.5,29.4,77
2020-2021,19084,"5 James Hamilton Way, Milton Bridge, Penicuik, Scotland, EH26 0BF",Less than 250,18.1,4.3,70.6,0,21
2020-2021,1075,"New Monkland, 251 Stirling Road, Airdrie, Lanarkshire, ML6 7SP",1000 to 4999,21.6,3.2,35,60,46
2020-2021,1095,"9 Central Boulevard, Larbert, United Kingdom, FK5 4RU",250 to 499,19,16,52,53,29
2020-2021,1145,"230 Balmore Road, Glasgow, Lanarkshire, G22 6LJ",500 to 999,-3.7,-33.3,-10.1,-348.2,"29,45,45,45"
2020-2021,1146,"Level 2 The Beacon, 176 St. Vincent Street, Glasgow, G2 5SG",250 to 499,41.5,41.4,-222.9,0,"41,42"
2020-2021,1186,"Badentoy Crescent, Portlethen, Aberdeen, AB12 4YD",500 to 999,31.6,37.2,80.7,17.6,91
2020-2021,1194,"69 North Gyle Terrace, Edinburgh, Scotland, EH12 8JY",250 to 499,7.5,11.2,NA,NA,86
2020-2021,1275,"28 Albyn Place, Aberdeen, United Kingdom, AB10 1YL",1000 to 4999,7,3,73,50,81
2020-2021,18132,"Angus House, Orchardbank Business Park, Forfar, Angus, DD8 1AN",500 to 999,-9.6,-7.5,NA,NA,"90,91,91,93"
2020-2021,1325,"Apex Hotels House, 1 Mid New Cultins, Edinburgh, Scotland, EH11 4DH",Less than 250,12.6,15.4,NA,NA,55
2020-2021,1343,"Block 2 Units C And D, West Mains Industrial Estate, Grangemouth, Stirlingshire, FK3 8YE",250 to 499,36.2,35.5,46.8,-88.7,71
2020-2021,1377,"2 Marischal Square, Broad Street, Aberdeen, Scotland, AB10 1DQ",500 to 999,44.7,43,44.2,-14.2,91
2020-2021,19995,"C/O Interpath Ltd 5th Floor, 130 St. Vincent Street, Glasgow, G2 5HF",250 to 499,2.3,-3,61.9,75.5,17
2020-2021,1417,"454 Hillington Road, Glasgow, Scotland, G52 4FH","5000 to 19,999",4.2,-2.3,48.2,32,"45,45,45"
2020-2021,1418,"454 Hillington Road, Glasgow, Scotland, G52 4FH",500 to 999,-9.2,-11,-5.7,24,77
2020-2021,1427,"Arr Craib Transport Ltd Howe Moss Drive, Kirkhill Industrial Estate, Dyce, Aberdeen, AB21 0GL",250 to 499,-9,-5.4,100,100,49
2020-2021,1465,"9 George Square, Glasgow, United Kingdom, G2 1DY",250 to 499,14.7,9.3,44.2,15.7,82
2020-2021,17341,"6 Coates Crescent, Edinburgh, Midlothian, EH3 7AL",1000 to 4999,6.7,4.4,74,58.7,78
2020-2021,1474,"Asco Group Headquarters Unit A, 11 Harvest Avenue, D2 Business Park, Dyce, Aberdeen, AB21 0BQ",500 to 999,11.5,-4.7,81.1,14.3,96
2020-2021,1455,"42 Dryden Road, Bilston Ind Estate, Loanhead, Midlothian, EH20 9LZ",500 to 999,46.4,46.5,95.2,-855.4,"43,43,43,61"
2020-2021,8371,"42 Dryden Road, Bilston Ind Estate, Loanhead, Midlothian, Scotland, EH20 9LZ",1000 to 4999,14.2,14.7,-4.1,0,"70,82"
2020-2021,17345,"AVENUE SCOTLAND LTD, 18a Dickson Street, Dunfermline, Fife, Scotland, KY12 7SL",250 to 499,-3.9,-6.4,NA,NA,88
2020-2021,1639,"AVIAGEN LTD, 11 Lochend Road, Ratho Station, Newbridge, Midlothian, EH28 8SZ",250 to 499,16.1,4.7,36.9,7.1,14
2020-2021,1718,"C/O Dwf Llp Sentinel, 103 Waterloo Street, Glasgow, Scotland, Scotland, G2 7BW",250 to 499,5.7,21.4,-8.6,0,77
2020-2021,1724,"Rosyth Business Park, Rosyth, Dunfermline, Fife, KY11 2YD",1000 to 4999,15,18.8,55.1,60.4,84
2020-2021,1759,"BALHOUSIE CARE GROUP, Earn House, Lamberkine Drive, Perth, PH1 1RA",1000 to 4999,0.8,0,56.7,55.7,86
2020-2021,1764,"Balmoral Park, Loirston, Aberdeen, AB12 3GY",250 to 499,10.7,-10.5,22.8,12.8,22
2020-2021,19915,"180 Hardgate Road, Glasgow, Scotland, G51 4TB",250 to 499,-0.3,-14.8,34.4,-50,"25,25,46"
2020-2021,1843,"Libertas House, 5th Floor, 39 St. Vincent Place, Glasgow, United Kingdom, G1 2ER",500 to 999,13.4,8.9,54.8,55.9,79
2020-2021,1875,"12 Charlotte Square, Edinburgh, Scotland, EH2 4DJ",250 to 499,4.7,9.8,-147.1,67.9,"10,10,10,10"
2020-2021,1877,"8 Fairways Business Park, Deer Park Avenue, Livingston, Scotland, EH54 8AF",500 to 999,14.2,10,91.7,84.4,56
2020-2021,1922,"Bear House,Inveralmond Road, Inveralmond Industrial Estate, Perth, PH1 3TW",500 to 999,2.4,5,-241.5,-27.9,42
2020-2021,1925,"Garscube Estate, Switchback Road, Bearsden, Glasgow, G61 1BD",250 to 499,13.2,11.1,NA,NA,72
2020-2021,1954,"Bell Business Park, Rochsolloch Road, Airdrie, ML6 9BG",1000 to 4999,3.1,7.5,40.8,39.1,"43,43,43"
2020-2021,2067,"4 Greenhole Place, Bridge Of Don Industrial Estate, Aberdeen, AB23 8EU",1000 to 4999,28,32,53,-23,39
2020-2021,2078,"13 Queens Road, Aberdeen, AB15 4YL",250 to 499,16,15,25,25,74
2020-2021,2159,"10 Dunkeld Road, Perth, Perthshire, United Kingdom, PH1 5TW",500 to 999,6.2,2.4,-6.5,8.3,49
2020-2021,4871,"6th Floor, Quartermile 4 7a Nightingale Way, Edinburgh, Scotland, EH3 9EG",500 to 999,31.2,29.9,72.5,57,82
2020-2021,2214,"Marischal College Marischal College, Broad Street, Aberdeen, Scotland, AB10 1AB",250 to 499,-4.3,-1,NA,NA,88
2020-2021,18699,"Excel House Europoint Office Park 1 Renshaw Place, Holytown, Motherwell, Scotland, ML1 4UF",Less than 250,20.3,24.9,53.8,40.9,43
2020-2021,2359,"Clyde Offices, 2nd Floor, 48 West George Street, Glasgow, G2 1BP",250 to 499,9.2,-5.6,0.6,17,11
2020-2021,2360,"Clyde Offices, 2nd Floor, 48 West George Street, Glasgow, G2 1BP",500 to 999,4.6,3.6,14.4,17.3,56
2020-2021,2386,"Seaforth House, Seaforth Place, Burntisland, Fife, KY3 9AX",500 to 999,20.9,14.8,73.9,-141,"32,33,42"
2020-2021,15096,"18 Blythswood Square, Glasgow, Scotland, G2 4BG",500 to 999,11.8,20.3,69.4,74.6,78
2020-2021,18095,"Triest House, Bridge Street, Galashiels, Selkirkshire, Scotland, TD1 1SW",250 to 499,-3,0,NA,NA,"86,88"
2020-2021,2504,"Unit1 Greystone Avenue, Kelloholm, Sanquhar, Dumfriesshire, DG4 6RB",1000 to 4999,5,0,15,0,10
2020-2021,2527,"Unit 7, Halbeath Interchange Business Park Kingseat Road, Halbeath, Dunfermline, Fife, Scotland, KY11 8RY",500 to 999,18.7,24.1,18.7,24.1,32
2020-2021,20691,"1-3 Lochside Crescent, Edinburgh, United Kingdom, EH12 9SE",250 to 499,2.5,4.2,6.2,19.4,74
2020-2021,15496,"1 Lochside Place, Edinburgh, EH12 9DF",500 to 999,-2,0,NA,NA,85
2020-2021,2613,"Grange House, 34 Grange Street, Kilmarnock, Ayrshire, Scotland, KA1 2DD",250 to 499,5,0,-32,-88,82
2020-2021,2635,"Gardeners Street, Dunfermline, KY12 0RN",Not Provided,-6.7,-10,62.6,59.9,41
2020-2021,2648,"78 Longtown Road, Dundee, Tayside, DD4 8JU",1000 to 4999,18.6,4.7,28.7,-48.8,"46,47"
2020-2021,2674,"Adam House, 5 Mid New Cultins, Edinburgh, EH11 4DU",1000 to 4999,24.5,23.1,16.9,27.4,"41,68"
2020-2021,2687,"1 North Charlotte Street, Edinburgh, Scotland, EH2 4HR",250 to 499,10.9,8.4,NA,NA,56
2020-2021,14487,"6th Floor, Sugar Bond, 2 Anderson Place, Edinburgh, Scotland, EH6 5NP",250 to 499,0.1,0,0,0,96
2020-2021,2696,"The Ferry Terminal, Gourock, PA19 1QP",500 to 999,10.5,0,17.5,0,50
2020-2021,2738,"Caledonian Exchange, 19a Canning Street, Edinburgh, Scotland, EH3 8HE",250 to 499,-8.3,-12.5,100,100,"10,10"
2020-2021,265,"Vantage Point, 24 St Johns Road, Edinburgh, Scotland, EH12 6NZ",500 to 999,3.9,0,NA,NA,"85,85,87,88"
2020-2021,2790,"Atria One, 144 Morrison Street, Edinburgh, EH3 8EX",250 to 499,30.5,30.9,54.2,31.9,62
2020-2021,2844,"Unit 9, Ramsay House Callendar Business Park, Callendar Road, Falkirk, United Kingdom, FK1 1XR",250 to 499,4.3,1.1,NA,NA,87
2020-2021,2879,"23/25 Huntly Street, Inverness, Scotland, IV3 5PR",250 to 499,32,35,67,57,"92,93"
2020-2021,2894,"Craigmillar Social Enterprise And Arts Centre, 11 Harewood Road, Edinburgh, EH16 4NT",1000 to 4999,-2.8,0,NA,NA,"87,88,88"
2020-2021,18655,"1 Boat Brae, Rattray, Blairgowrie, Scotland, PH10 7BH",250 to 499,22,8,33.5,40,36
2020-2021,2943,"1 George Square, Glasgow, Scotland, G2 1AL",500 to 999,13,11.2,31,11.5,21
2020-2021,2976,"Caledonia House, 2 Lawmoor Street, Glasgow, Strathclyde, G5 0US",500 to 999,28,30.2,79.6,0,"43,43,43,71"
2020-2021,2989,"1 Cambuslang Road, Glasgow, G32 8NB",250 to 499,0.5,2.1,31.6,25,"41,41,41"
2020-2021,20638,"1 Huly Hill Road, Newbridge, Edinburgh, Scotland, EH28 8PH",250 to 499,36.5,10.1,31.7,-17.8,47
2020-2021,3018,"Celtic Park, Glasgow, G40 3RE",500 to 999,29.7,1.8,33.4,9.2,"93,93"
2020-2021,20379,"W. Sam White Building, Peterseat Drive, Altens, Aberdeen, AB12 3HT",250 to 499,23.2,15.7,43.7,16.1,46
2020-2021,3108,"Elphinstone Research Centre, Tranent, EH33 2NE",1000 to 4999,14,0,89,0,72
2020-2021,3130,"Sugar Bond Anderson Place, Leith, Edinburgh, Scotland, EH6 5NP",250 to 499,12.5,11.1,-0.3,14.1,78
2020-2021,3153,"Troon House, Ardeer Site, Stevenston, Ayrshire,, KA20 3LN",250 to 499,24.8,25,45.7,0,82
2020-2021,19073,"Second Floor, Hobart House, 80 Hanover Street, Edinburgh, Scotland, EH2 1EL",250 to 499,18,19.7,NA,NA,86
2020-2021,17156,"Canal Court, 42 Craiglockhart Avenue, Edinburgh, EH14 1LT",250 to 499,19.1,0.2,NA,NA,86
2020-2021,211,"Kilmalid, Stirling Road, Dumbarton, Scotland, G82 2SS",1000 to 4999,11.1,10.1,60.9,1.4,11
2020-2021,3264,"7 B Nightingale Way, Quartermile, Edinburgh, Scotland, EH3 9EG",250 to 499,21.5,23.6,63.9,56.4,62
2020-2021,3280,"Caledonia House, 2 Lawmoor Street, Glasgow, G5 0US",500 to 999,13.5,7.6,82.1,0,81
2020-2021,3281,"Caledonia House, Lawmoor Street, Glasgow, G5 0US","5000 to 19,999",13.8,1.2,47.9,0,81
2020-2021,18455,"Caledonia House, 2 Lawmoor Street, Glasgow, Strathclyde, G5 0US",500 to 999,25.3,39.1,-31.2,0,81
2020-2021,17630,"23 Mcfarlane Street, Paisley, PA3 1RY",250 to 499,24.7,7,63.6,13.9,"41,43,43"
2020-2021,3333,"First Floor, 9 Haymarket Square, Edinburgh, Scotland, EH3 8RY",250 to 499,15.2,3.1,NA,NA,55
2020-2021,11199,"2nd Floor Saltire Court, 20 Castle Terrace, Edinburgh, United Kingdom, EH1 2EN",1000 to 4999,11.9,15.2,-33.9,-9.5,69
2020-2021,19605,"Fifth Floor, St Vincent Plaza, 319 St Vincent Street, Glasgow, Scotland, G2 5RZ",250 to 499,43,30,NA,NA,86
2020-2021,85,"177 Bothwell Street, Glasgow, Scotland, G2 7ER","5000 to 19,999",30.6,34.7,51.3,36,64
2020-2021,18719,"C/O Alvarez & Marsal Europe Llp, Sutherland House, 149 St Vincent Street, Glasgow, Scotland, G2 5NW",250 to 499,39.2,43.5,73.2,9.6,43
2020-2021,3480,"70 Renton Street, Glasgow, G4 0HT",500 to 999,2.5,0,NA,NA,"87,88"
2020-2021,17923,"6 Muriel Street, Barrhead, Glasgow, G78 1QB",500 to 999,2.7,0,81.1,60,81
2020-2021,19105,"14 City Quay, Camperdown Street, Dundee, Scotland, DD1 3JA",500 to 999,2.6,0.8,NA,NA,86
2020-2021,16252,"C/O Frp Advisory Trading Ltd, Suite B, 4th Floor, Meridian, Union Row, Aberdeen, AB10 1SA",250 to 499,1.6,0,NA,NA,82
2020-2021,3544,"C/O Brodies Llp, 110 Queen Street, Glasgow, United Kingdom, G1 3BX",250 to 499,2.8,4.2,23,23,32
2020-2021,3577,"The Doges Studios Templeton Business Centre, 62 Templeton Street, Glasgow, Scotland, G40 1DA",1000 to 4999,-0.5,-1.8,NA,NA,"87,88,88,88"
2020-2021,16944,"2 Queens Road, Aberdeen, Scotland, AB15 4ZT",250 to 499,0.9,1.2,31,22.6,56
2020-2021,3730,"Crieff Hydro Hotel, Ferntower Road, Crieff, Perthshire, PH7 3LQ",500 to 999,11.4,11.4,57.6,7.1,55
2020-2021,3748,"C/O Enable Scotland Unit 3, Melisa House,, 3 Brand Place, Glasgow, Scotland, G51 1DR",250 to 499,-1.9,0,NA,NA,88
2020-2021,3774,"16 Walker Street, Edinburgh, Scotland, EH3 7LP",250 to 499,25.4,10.8,56,51.3,"41,41,41"
2020-2021,3828,"Heathhall, Dumfries, DG1 3NX",250 to 499,4.5,-0.2,-92.8,-602.5,49
2020-2021,3857,"10 Keppochhill Drive, M8 Food Park, Glasgow, G21 1HX",250 to 499,1.1,-2.5,-48,0,10
2020-2021,3858,"Courier Buildings, 2 Albert Square, Dundee, Scotland, DD1 9QJ",500 to 999,32.2,18.2,41.9,27.1,58
2020-2021,3863,"C/O T C Young Merchants House, 7 West George Street, Glasgow, Scotland, G2 1BA",1000 to 4999,3,0,-1,0,56
2020-2021,3883,"8 Belgowan Street, Bellshill North Industrial Est, Bellshill, Lanarkshire, ML4 3NS",250 to 499,7.5,2.8,33.1,-61.9,"46,46"
2020-2021,3903,"C/O Brodies Llp Capital Square, 58 Morrison Street, Edinburgh, United Kingdom, EH3 8BP",500 to 999,7.1,4.2,44.9,0,"25,25"
2020-2021,3934,"Caulfield House, Cradlehall Business Park, Inverness, IV2 5GH",500 to 999,0.6,6.6,NA,NA,86
2020-2021,3938,"C/O Frp Advisory Trading Ltd Apex 3, 95 Haymarket Terrace, Edinburgh, Eh12 5hd, EH12 5HD",500 to 999,1.5,-2.5,NA,NA,10
2020-2021,3985,"Collins House, Rutland Square, Edinburgh, Midlothian, EH1 2AA",1000 to 4999,26.2,6.7,100,100,82
2020-2021,4076,"Moodiesburn, Chryston, G69 0JE",250 to 499,4.4,9.7,27.4,25.1,10
2020-2021,103,"11 Lochside Place, Edinburgh, Scotland, EH12 9HA",1000 to 4999,8.5,16.8,12.1,20.6,11
2020-2021,4123,"C/O Brodies Llp, Capital Square, 58 Morrison Street, Edinburgh, Scotland, EH3 8BP",250 to 499,24.2,30,31.7,73.1,73
2020-2021,4134,"Unit 7/8 Whitemyres Avenue, Mastrick Industrial Estate, Aberdeen, Aberdeenshire, AB16 6HQ",1000 to 4999,6.8,13.4,-73.7,-114.7,45
2020-2021,4148,"8 Milton Road, College Milton North, East Kilbride, G74 5BU",250 to 499,12.7,-0.1,29.3,-6,"11,46,82"
2020-2021,4175,"Melville Nurseries, Lasswade, Midlothian, Scotland, EH18 1AZ",1000 to 4999,18,30,42,-25,82
2020-2021,4187,"Newfordpark House, Glamis Road, Forfar, Angus, DD8 1FR",250 to 499,13,11,-12,-9,13
2020-2021,4191,"Donaldson House Saltire Centre, Pentland Park, Glenrothes, Fife, Scotland, KY6 2AG",250 to 499,-4.9,-14.2,-57,-499,16
2020-2021,14700,"Park House, 14 Bothwell Road, Hamilton, Lanarkshire, ML3 0AY",250 to 499,-16.3,-1.9,38.8,16.8,45
2020-2021,4225,"Building D2003, Dounreay, Thurso, Caithness, KW14 7TZ",1000 to 4999,10.1,10.2,16.3,9.8,"38,39,43"
2020-2021,12780,"C/O Addleshaw Goddard, 24, St. Andrew Square, Edinburgh, Scotland, EH2 1AF",500 to 999,-2.7,-5.4,-294,0,"24,28"
2020-2021,4264,"Stoneywood Park, Stoneywood Road, Dyce, Aberdeen, AB21 7DZ",250 to 499,19,17,-104,-171,25
2020-2021,4310,"Unit 4 Kirkhill Commercial Park Dyce Avenue, Dyce, Aberdeen, Scotland, AB21 0LQ",250 to 499,-16,-62.7,67.1,-1.1,70
2020-2021,20674,"King James The Vi Business Centre, Friarton Road, Perth, Scotland, PH2 8DY",250 to 499,22.9,-9.2,NA,NA,86
2020-2021,4354,"11 First Road, Blantyre Industrial Estate, Blantyre, Glasgow, G72 0ND",250 to 499,19.4,18.9,46.2,37.7,41
2020-2021,18958,"1 Burnfield Avenue, Thornliebank, Glasgow, Scotland, G46 7TL",250 to 499,6.3,6,NA,NA,"90,91,93,93"
2020-2021,28,"8 Westerton Road, East Mains Industrial Estate, Broxburn, West Lothian, Scotland, EH52 5AU",1000 to 4999,21.8,23.9,62.6,50.9,70
2020-2021,17396,"30 Miller Road, Ayr, KA7 2AY",250 to 499,-0.5,0,23.5,-53.8,78
2020-2021,389,"Edinburgh Airport, Edinburgh, EH12 9DN",500 to 999,15,8,-61,0,52
2020-2021,531,"Meadowbank Sports Centre, 139 London Road, Edinburgh, Scotland, EH7 6AE",500 to 999,-0.4,0.7,NA,NA,"93,93"
2020-2021,4484,"The Potterrow, 5/2 Bristo Square, Edinburgh, EH8 9AL",500 to 999,6.7,-2.7,NA,NA,85
2020-2021,4489,"100 Queen Street, Glasgow, Scotland, G1 3DN",500 to 999,11.2,12.1,75.7,1.1,11
2020-2021,4526,"Hercules House Eskmills,, Station Road, Musselburgh, Scotland, EH21 7PQ",250 to 499,-0.2,0,NA,NA,88
2020-2021,17480,"Haughhead, Hawick, Roxburghshire, TD9 8LF",250 to 499,11,0,43,0,"20,25"
2020-2021,4606,"Inspire House 3 Renshaw Place, Eurocentral, Lanarkshire, ML1 4UF",Less than 250,-12.2,-22,NA,NA,88
2020-2021,4607,"Inspire House 3 Renshaw Place, Eurocentral, Lanarkshire, ML1 4UF",1000 to 4999,-0.4,0,NA,NA,88
2020-2021,4640,"Musselburgh Sports Centre, Newbigging, Musselburgh, East Lothian, EH21 7AS",250 to 499,0.7,0.9,NA,NA,93
2020-2021,4654,"The Olive House Endeavour Drive, Arnhall Business Park, Westhill, Aberdeenshire, Scotland, AB32 6UF",250 to 499,20.5,15.6,35.1,18.8,56
2020-2021,13798,"49 Burnbrae Road, Linwood, Paisley, Renfrewshire, PA3 3BD",250 to 499,-6.4,-20.3,-49.8,-179,"38,38,38,38"
2020-2021,4706,"The Erskine Home, Erskine Veterans Village, Bishopton, Renfrewshire, Scotland, PA7 5PU",500 to 999,0,0,NA,NA,"86,87"
2020-2021,4714,"Suite 1/14 Falkirk Business Hub, 45 Vicar Street, Falkirk, Stirlingshire, Scotland, FK1 1LL",500 to 999,0.6,0.3,-1.9,33,56
2020-2021,4752,"10 /16, 10 Colvilles Place, East Kilbride, G75 0SN",250 to 499,-20.9,-0.5,-53,5.5,46
2020-2021,3469,"10 Empress Court, St Andrew Street, Greenock, Inverclyde, PA15 4RW",250 to 499,30,17,NA,NA,81
2020-2021,4800,"3 Inchcorse Place, Whitehill Industrial Estate, Bathgate, Scotland, EH48 2EE",250 to 499,1.6,-6.9,47.3,0,96
2020-2021,15729,"Kirkton House, Kirkton Of Cults, Pitlessie, Fife, KY15 7TE",500 to 999,8.9,20.1,13.3,-4.7,56
2020-2021,4904,"Suite 1a The Falkirk Stadium, 4 Stadium Way, Falkirk, FK2 9EE",250 to 499,4.9,9.1,-41.7,0,"90,91,91,93"
2020-2021,4915,"7 Greens Road, Cumbernauld, Glasgow, G67 2TU",1000 to 4999,9.2,10,-1,13.3,52
2020-2021,4916,"7 Greens Road, Blairlinn, Cumbernauld, G67 2TU",1000 to 4999,3.5,0,31.3,12.2,47
2020-2021,4919,"Station Road, Duns, Berwickshire, TD11 3HS",500 to 999,0.7,0.3,-120,-42.4,10
2020-2021,20013,"Newark Works, Castle Road, Port Glasgow, Scotland, PA14 5NG",250 to 499,-21,-1,NA,NA,30
2020-2021,4974,"Iona House John Smith Business Park, Grantsmuir Road, Kirkcaldy, Fife, Scotland, KY2 6NA",250 to 499,-3.2,-2,NA,NA,"90,91,91,91"
2020-2021,4975,"10 Dunkeld Road, Perth, Perthshire, United Kingdom, PH1 5TW",1000 to 4999,7.7,8,-21.5,0,49
2020-2021,4976,"Music Institute, Carnegie Hall, East Port, Dunfermline, Fife, KY12 7JA",500 to 999,-2,0,NA,NA,93
2020-2021,5000,"395 King Street, Aberdeen, AB24 5RP",250 to 499,0.7,0,90.7,60,49
2020-2021,5012,"100 Cathcart Road, Glasgow, G42 7BH",1000 to 4999,12.7,7.9,0.6,25,49
2020-2021,5013,"100 Cathcart Road, Glasgow, G42 7BH",500 to 999,2.5,9.9,62.5,33.3,49
2020-2021,18815,"Carmuirs House, 300 Stirling Road, Larbert, Stirlingshire, FK5 3NJ",250 to 499,1.9,0.4,36.8,18.4,49
2020-2021,5050,"Edenfields, Cupar Trading Estate, Cupar, United Kingdom, KY15 4SX",Less than 250,21.6,5.9,52.7,52.7,96
2020-2021,5067,"The Cross, Uddingston, Glasgow, G71 7ES",250 to 499,34.9,19.6,75.5,26.6,93
2020-2021,20304,"Scotia House, The Castle Business Park, Stirling, Scotland, FK9 4TZ",500 to 999,25,24,100,100,41
2020-2021,5152,"Forth House, Pirnhall Business Park, Stirling, FK7 8HW",1000 to 4999,43,43,90,47,41
2020-2021,5155,"1 Prince Of Wales Dock, Edinburgh, Midlothian, EH6 7DX",500 to 999,-10.2,4.5,0,-63.5,52
2020-2021,5179,"C/O Brodies Llp Capital Square, 58 Morrison Street, Edinburgh, United Kingdom, EH3 8BP",Not Provided,-5.7,-3.7,NA,NA,86
2020-2021,5269,"28 Albyn Place, Aberdeen, United Kingdom, AB10 1YL",500 to 999,23.1,24.8,64.4,0,71
2020-2021,17680,"16 Carsegate Road South, Inverness, IV3 8LL",250 to 499,10.3,24.3,NA,NA,43
2020-2021,5327,"Abbeymill Business Centre 12 Seedhill Road, Suite 5004, Paisley, Scotland, PA1 1JS",1000 to 4999,4.3,0,NA,NA,81
2020-2021,5380,"Citypoint 2, 25 Tyndrum Street, Glasgow, Scotland, G4 0JY",1000 to 4999,4,-3,36,-53,77
2020-2021,15873,"Ibrox Stadium, 150 Edmiston Drive, Glasgow, G51 2XD",Less than 250,13,0,NA,NA,80
2020-2021,5398,"Tinwald Downs Road, Heathhall, Dumfries & Galloway, Scotland, DG1 1TS",250 to 499,14.8,23,-34.9,15.7,"15,22,70"
2020-2021,660,"Monument Crescent, Shawfarm Industrial Estate, Prestwick, KA9 2RX",500 to 999,1.6,8.1,-63.1,-3.6,52
2020-2021,5452,"43 Inchmuir Road, Bathgate, Scotland, EH48 2EP",250 to 499,-12,-3.1,4,0,10
2020-2021,14168,"Commonwealth House, 38 Albion Street, Glasgow, Scotland, G1 1LH",1000 to 4999,-9.6,-7.2,NA,NA,91
2020-2021,5524,"Glasgow Prestwick Airport, Aviation House, Prestwick, Ayrshire, KA9 2PL",250 to 499,-0.4,13.5,NA,NA,"51,51,51"
2020-2021,5548,"Gleneagles Hotel, Auchterarder, Perthshire, PH3 1NF",Less than 250,33.7,-11.1,70.3,85,55
2020-2021,5558,"Port Of Nigg, Ross-Shire, Scotland, IV19 1QU",500 to 999,32,33.3,34.5,0,25
2020-2021,14275,"41 Commercial Street, Leith, Edinburgh, EH6 6JD",500 to 999,26.8,6.7,100,100,47
2020-2021,5650,"Airthrey Kerse Farm, Henderson Street, Bridge Of Allan, Stirlingshire, FK9 4RW",500 to 999,3,3,61,30,70
2020-2021,5679,"South Road, South Road, Fraserburgh, Aberdeenshire, Scotland, AB43 9HU",500 to 999,16.3,11.2,44.7,0,29
2020-2021,5680,"Gray & Adams, South Road, Fraserburgh, Scotland, AB43 9HU",250 to 499,21.1,11.5,61.5,0,29
2020-2021,5755,"300 Bath Street, Floor 5, Glasgow, United Kingdom, G2 4JR",1000 to 4999,-7,-2.8,NA,NA,82
2020-2021,13134,"2 Craignethan Drive, Gartcosh, Glasgow, Scotland, G69 8GQ",250 to 499,11.5,14.4,NA,NA,"22,25"
2020-2021,13994,"Building 1 9 Haymarket Square, Edinburgh, Scotland, EH3 8RY","5000 to 19,999",16.2,13.3,54.7,11.5,"49,52"
2020-2021,5812,"100 Albert Drive, Glasgow, G41 2SJ",250 to 499,29.1,29,9.3,80.4,43
2020-2021,17561,"C/O Quantuma Advisory Limited, 86a George Street, Edinburgh, EH2 3BU",250 to 499,0.1,0.1,0.1,0.1,86
2020-2021,17576,"Halliburton House Howe Moss Crescent, Dyce, Aberdeen, AB21 0GN",1000 to 4999,12,1,40,52,82
2020-2021,5924,"Broadmeadows, Symington, Ayrshire, KA1 5PU",250 to 499,4.7,0,NA,NA,"87,88"
2020-2021,9987,"4th Floor, Saltire Court, 20 Castle Terrace, Edinburgh, EH1 2EN",250 to 499,45.8,41.6,60.7,66.6,70
2020-2021,12392,"Markethill Road, Turriff, Aberdeenshire, AB53 4PA",250 to 499,22.9,15.7,33.7,0,"10,81"
2020-2021,5949,"1 Robroyston Gate, Robroyston, Glasgow, Scotland, G33 1JN",500 to 999,15.3,8.8,49.4,26.7,"58,82"
2020-2021,5968,"454 Hillington Road, Glasgow, Scotland, G52 4FH",250 to 499,1,-1,47.1,42.2,99
2020-2021,6025,"The Mound, Edinburgh, EH1 1YZ","20,000 or more",26.3,27.6,55.3,72.4,64
2020-2021,17320,"Collins House, Rutland Square, Edinburgh, Midlothian, EH1 2AA",250 to 499,45.9,0,100,100,93
2020-2021,6068,"6 St. Andrew Square, Edinburgh, Scotland, EH2 2BD",1000 to 4999,8.2,0.8,33.2,17.8,11
2020-2021,19716,"13 Queen's Road, Aberdeen, AB15 4YL",500 to 999,21.1,15.9,NA,NA,78
2020-2021,618,"High Life Highland Highland Archive Centre, Bught Road, Inverness, Scotland, IV3 5SS",500 to 999,9,12.5,NA,NA,"85,85,91,93"
2020-2021,6178,"10 Dunkeld Road, Perth, Perthshire, United Kingdom, PH1 5TW",250 to 499,7.1,7.7,17,0,49
2020-2021,15472,"100 Queen Street, Glasgow, Scotland, G1 3DN",250 to 499,24.6,15.5,65,35.6,"11,46"
2020-2021,503,"1 Highlander Way, Inverness Business & Retail Park, Inverness, Scotland, IV2 7GE",250 to 499,7.8,0,16,15,82
2020-2021,6179,"Stirling Street, Blackford, Perthshire, PH4 1QA",250 to 499,-3.2,-6.1,62.7,0,11
2020-2021,6180,"Head Office, Inverness Airport, Inverness, IV2 7JB",500 to 999,18.9,16.8,NA,NA,52
2020-2021,20059,"1 Explorer Road, Dundee Technology Park, Dundee, United Kingdom, DD2 1EG",Less than 250,53.7,25.8,NA,NA,68
2020-2021,5632,"1 Explorer Road, Dundee, Tayside, DD2 1EG",500 to 999,0.7,0.1,3.6,7,"87,88"
2020-2021,20058,"1 Explorer Road, Dundee, Tayside, DD2 1EG",Less than 250,6.5,1.2,30,27.9,96
2020-2021,6347,"Fountain House 2nd Floor, 1-3 Woodside Crescent, Glasgow, G3 7UL",500 to 999,1.2,7.5,7.5,0,24
2020-2021,6429,"Gateway Business Park, Moss Road, Aberdeen, AB12 3GQ",250 to 499,13,6.4,-68.7,-237.5,32
2020-2021,6569,"Quay House, Quay Road North, Rutherglen, Glasgow, G73 1LD",250 to 499,-92.4,-71.1,-158.7,-150,"23,46"
2020-2021,20716,"Terra Nova, 3 Explorer Road, Dundee, Angus, DD2 1EG",250 to 499,21.6,28.1,30.8,35.4,70
2020-2021,6647,"Unit 2000 Academy Park Gower Street, Glasgow, Scotland, G51 1PR",250 to 499,3.9,0,-3.7,0,"87,88"
2020-2021,6686,"5 South Charlotte Street, Edinburgh, Scotland, EH2 4AN",500 to 999,-6.7,-10.8,-79.2,25,"63,70,82,82"
2020-2021,16317,"Kinnaird Head Works, Bath Street, Fraserburgh, United Kingdom, AB43 9DY",250 to 499,27.6,10.4,NA,NA,10
2020-2021,16960,"Waterfront Leisure Complex, Customhouse Way, Greenock, Inverclyde, PA15 1EW",250 to 499,-0.3,-4.7,NA,NA,"93,93,93"
2020-2021,20488,"6 Atlantic Quay, 55 Robertson Street, Glasgow, Scotland, G2 8JD",250 to 499,27.8,3.1,97.9,82.5,63
2020-2021,6775,"Level 5, 9 Haymarket Square, Edinburgh, Scotland, EH3 8RY",250 to 499,28,29,90,75,"43,43,43,43"
2020-2021,19927,"13 Queen's Road, Aberdeen, AB15 4YL",250 to 499,19.6,19.4,24.3,3.1,61
2020-2021,6886,"Vermont House, 149 Vermont Street, Kinning Park, Glasgow, G41 1LU",1000 to 4999,4,0,100,100,"46,47"
2020-2021,6908,"Wizu Workspace, 2 West Regent Street, Glasgow, G2 1RW",Not Provided,26.7,21.6,100,100,62
2020-2021,6909,"83 New Street, Stevenston, KA20 3HD",250 to 499,32.5,31.9,74.1,92,"33,43,43"
2020-2021,16730,"Howden Group Limited, Old Govan Road, Renfrew, Scotland, PA4 8XJ",Less than 250,8.3,18.2,-63.5,-76.8,28
2020-2021,6914,"Newmill, Elgin, IV30 4AF",Not Provided,23.4,16.9,71.6,60,"13,14,46,47"
2020-2021,18558,"Broomage Avenue, Larbert, United Kingdom, FK5 4NQ",250 to 499,-13,-2,-13,-2,16
2020-2021,6915,"Broomage Avenue, Larbert, FK5 4NQ",250 to 499,7,-11,81,47,"16,16"
2020-2021,6935,"Rsm Restructuring Advisory Llp Third Floor, 2 Semple Street, Edinburgh, EH3 8BL",250 to 499,13.3,4.8,NA,NA,49
2020-2021,6951,"Forvis Mazars Capital Square, 58 Morrison Street, Edinburgh, United Kingdom, EH3 8BP",250 to 499,17.5,7,45.9,0,"70,82"
2020-2021,14118,"Jfd Westhill Industrial Estate, Enterprise Drive, Westhill, Aberdeen, AB32 6TQ",250 to 499,28.6,21.6,100,100,32
2020-2021,6992,"Alliance Centre Greenwell Road, East Tullos Industrial Estate, Aberdeen, AB12 3AX",1000 to 4999,21.3,17,54.8,26,"45,45,45,45"
2020-2021,6998,"Deanside Road, Hillington, Glasgow, G52 4XB",500 to 999,-0.5,7.6,NA,NA,"49,49,52,52"
2020-2021,7022,"Baird House, 4, Lower Gilmore Bank, Edinburgh, Scotland, EH3 9QP",1000 to 4999,11.4,11.2,26.1,36.3,32
2020-2021,7033,"Bishop's Court, 29 Albyn Place, Aberdeen, Scotland, AB10 1YL",500 to 999,21.4,28.7,36,6.5,82
2020-2021,17585,"Block 5 Dunsinane Avenue, Dunsinane Industrial Estate, Dundee, Scotland, DD2 3QN",250 to 499,1.6,-26,62,39.7,"31,31"
2020-2021,7057,"14 City Quay, Dundee, Scotland, DD1 3JA",Less than 250,-7,0,NA,NA,82
2020-2021,7118,"13 Queens Road, Aberdeen, AB15 4YL",1000 to 4999,14,9,50,0,10
2020-2021,7136,"H&P Bankhead Drive, City South Office Park, Portlethen, Aberdeen, Scotland, AB12 4XX",250 to 499,25.8,30,45.4,48.1,82
2020-2021,147,"Kepak Group Limited Cookston Road, Portlethen, Aberdeen, Scotland, AB12 4QB",500 to 999,20.6,18.5,NA,NA,10
2020-2021,7218,"Balmalcolm Farm, Cupar, Fife, KY15 7TJ",1000 to 4999,5,6,NA,NA,10
2020-2021,7228,"50 Mauchline Street, Glasgow, United Kingdom, G5 8HQ",500 to 999,-2.9,-14.1,35.7,14.8,46
2020-2021,16624,"133 Finnieston Street, Floor 7, Glasgow, Scotland, G3 8HB",500 to 999,3,0,NA,NA,"85,87"
2020-2021,7277,"C/O Restructuring, S&W Partners Llp, Q Court, 3 Quality Street, Edinburgh, EH4 5BP",500 to 999,7.9,0,-21,-10,87
2020-2021,17109,"Saltire Centre, Pentland Court, Glenrothes, Fife, KY6 2DA",250 to 499,-0.6,-0.1,NA,NA,"87,88,88"
2020-2021,7329,"Caledonian Exchange, 19a Canning Street, Edinburgh, Scotland, EH3 8HE",250 to 499,11.9,16.9,100,0,25
2020-2021,14805,"Unit 3, Kpp Chartered Accountants Morris Park, 37 Rosyth Road, Glasgow, Scotland, G5 0YE",1000 to 4999,17,9,NA,NA,82
2020-2021,7539,"North Caldeen Road, Coatbridge, Lanarkshire, ML5 4EF",250 to 499,28.3,9.2,65.8,0,"10,10"
2020-2021,7560,"Skypark 1 8 Elliot Place, Glasgow, Scotland, G3 8EP",1000 to 4999,17.4,21.8,1.4,-74,62
2020-2021,7566,"Rigifa, Cove, Aberdeen, AB12 3LR",250 to 499,16.1,-12.9,51.2,37.7,"81,42,42"
2020-2021,19869,"5 Carden Place, Aberdeen, Scotland, AB10 1UT",250 to 499,-30,-53.9,27.8,-76.5,70
2020-2021,7586,"169 West George Street, Glasgow, G2 2LB",500 to 999,2,1,40,77,56
2020-2021,7628,"3 Fountain Drive, Inchinnan Business Park, Paisley, PA4 9RF",1000 to 4999,7.3,3.9,23,4,32
2020-2021,7645,"73 Bothwell Road, Hamilton, ML3 0DW",500 to 999,8.2,1.1,NA,NA,10
2020-2021,7710,"Dewars Centre, Glover Street, Perth, Scotland, PH2 0TH",250 to 499,2.2,5.9,NA,NA,93
2020-2021,17326,"Live Borders Council Headquarters, Newtown St Boswells, Melrose, Scotland, TD6 0SA",250 to 499,0.8,-2.1,NA,NA,"91,91,91,93"
2020-2021,7728,"The Mound, Edinburgh, EH1 1YZ","20,000 or more",30.5,33.6,62.5,69.2,64
2020-2021,7753,"Lightyear Building 9 Marchburn Drive, Glasgow Airport, Paisley, Renfrewshire, Scotland, PA3 2SJ",500 to 999,36.3,42.8,38.9,44.4,"51,51,51"
2020-2021,7766,"520 Hillington Road, Braehead, Glasgow, United Kingdom, G52 4UB",250 to 499,9.8,15.2,39.1,-14.4,"45,45,45,45"
2020-2021,20554,"520 Hillington Road, Braehead, Glasgow, G52 4UB",Less than 250,-7,12.1,-9.9,59.9,45
2020-2021,7855,"Willow House Kestrel View, Strathclyde Business Park, Bellshill, Scotland, ML4 3PB",500 to 999,-4.2,0,0,0,"87,87,88,88"
2020-2021,7856,"Sanctuary House, 7 Freeland Drive, Glasgow, Scotland, G53 6PG",250 to 499,-0.4,0,NA,NA,87
2020-2021,7858,"55 Annandale Street, Edinburgh, Midlothian, EH7 4AZ",1000 to 4999,4,9,77,27,49
2020-2021,7963,"Whiteside House, Whiteside Industrial Estate, Bathgate, West Lothian, United Kingdom, EH48 2RX",1000 to 4999,17,0,31,4,55
2020-2021,7965,"Whiteside House, Whiteside Industrial Estate, Bathgate, West Lothian, United Kingdom, EH48 2RX",250 to 499,17,0,18,19,55
2020-2021,7966,"Brodies House, 31-33 Union Grove, Aberdeen, United Kingdom, AB10 6SD",250 to 499,29.8,2.8,68.4,26.1,10
2020-2021,7971,"Wheatfield Road, Edinburgh, EH11 2QA",250 to 499,17.5,18.3,31.9,10.4,21
2020-2021,14389,"15-17 Henderson Road, Inverness, IV1 1SN",250 to 499,26.3,-2.8,62.8,-24.9,"46,46,46,77"
2020-2021,7985,"Main Office, Glenbervie, Stonehaven, Scotland, AB39 3YG",250 to 499,12,3.6,17,-0.3,10
2020-2021,7991,". Hunter Avenue, Loanhead, Scotland, EH20 9SL",250 to 499,22,18,78,7,"28,28,28,28"
2020-2021,8012,"1 Tweedside Park, Tweedbank, Galashiels, Scotland, TD1 3TE",250 to 499,0.9,0,92.2,82.6,20
2020-2021,8068,"The Office Bowfield Road, Howwood, Johnstone, Renfrewshire, PA9 1DZ",250 to 499,-43,-14,NA,NA,55
2020-2021,8195,"Elliott House, Kilwinning Road, Irvine, KA12 8TG",250 to 499,10,-1,75,79,49
2020-2021,8220,"Kelvin Avenue, Hillington, Glasgow, G52 4LF",Not Provided,39.6,31,NA,NA,22
2020-2021,8232,"C/O Harper Macleod Llp The Ca'D'Oro, 45 Gordon Street, Glasgow, Scotland, G1 3PE",250 to 499,2.1,4.4,27.4,-54.2,"45,45,45,45"
2020-2021,8234,"Exchange Tower 3rd Floor, 19 Canning Street, Edinburgh, Scotland, EH3 8EG",Not Provided,6.9,9.1,7.1,24.9,82
2020-2021,8241,"10 Keppochhill Drive, Glasgow, G21 1HX",250 to 499,1.1,-2.5,-48,0,70
2020-2021,8243,"99 Earnhill Road, Larkfield Industrial Estate, Greenock, Renfrewshir, PA16 0EQ",500 to 999,20.5,1.2,NA,NA,49
2020-2021,8254,"Heathfield House Phoenix Crescent, Strathclyde Business Park, Bellshill, North Lanarkshire, Scotland, ML4 3NJ",250 to 499,38.6,50.9,41.3,53.6,41
2020-2021,8262,"Third Floor, The Capitol, 431 Union Street, Aberdeen, United Kingdom, AB11 6DA",250 to 499,-12.7,0,53.5,48.9,49
2020-2021,8269,"Lydiafield, Standalane, Annan, Scotland, DG12 5JR",250 to 499,-3.4,0,NA,NA,"86,86"
2020-2021,15681,"Verdant 2 Redheughs Rigg, South Gyle, Edinburgh, Scotland, EH12 9DQ",250 to 499,0.8,-5.3,100,100,53
2020-2021,8442,"Carmuirs House, 300 Stirling Road, Larbert, Stirlingshire, FK5 3NJ",250 to 499,14.3,12.4,100,100,49
2020-2021,8475,"Miller House, 2 Lochside View, Edinburgh Park, Edinburgh, EH12 9DH",1000 to 4999,26.3,24.7,23.7,3.8,41
2020-2021,8546,"Mitsubishi Electric Air Conditioning, Nettlehill Road, Houstoun Industrial Estate, Livingston, EH54 5EQ",1000 to 4999,8.5,6.5,5.5,1.7,"27,28"
2020-2021,8610,"5 Charlotte Lane, 5 Charlotte Lane, Edinburgh, Scotland, EH2 4QZ",250 to 499,9.6,7.2,NA,NA,56
2020-2021,8640,"3 Gateway Court, Glasgow, Scotland, G40 4DS",250 to 499,30.2,42,NA,NA,43
2020-2021,8645,"Apleona House, Crosshill Street, Motherwell, Scotland, ML1 1RU",250 to 499,27.3,35,36.8,-13,"43,43,43,43"
2020-2021,17383,"C/O Brodies Llp Capital Square, 58 Morrison Street, Edinburgh, United Kingdom, EH3 8BP",500 to 999,-1.3,0,8.2,0,10
2020-2021,8092,"1st Floor Admiralty Park, Admiralty Road, Rosyth, Fife, KY11 2YW",500 to 999,-3.2,0,14.8,3.6,32
2020-2021,8711,"Polbeth Industrial Estate, West Calder, EH55 8TJ",250 to 499,8.6,1.4,-43.1,-303.1,"37,41,42,42"
2020-2021,8729,"Sir Ian Wood House Hareness Road, Altens Industrial Estate, Aberdeen, Scotland, AB12 3LE",Less than 250,30.2,33.5,36.9,74.6,82
2020-2021,17761,"13 Winchester Avenue, Denny, Scotland, FK6 6QE",250 to 499,16,0,19,8,38
2020-2021,20616,"C/O Alvarez & Marsal Europe Llp, Sutherland House, 149 St. Vincent Street, Glasgow, G2 5NW",250 to 499,-12.9,-29,62.5,73.5,46
2020-2021,19307,"36 St Andrew Square, Edinburgh, EH2 2YB",1000 to 4999,33.4,26,55.7,47.8,66
2020-2021,9062,"Portal And Townhouse, 66 High Street, Irvine, United Kingdom, KA12 0AZ",250 to 499,-35,0,NA,NA,"93,93,93,96"
2020-2021,9119,"Lindsayfield Lodge, Rosaburn Avenue, East Kilbride, Glasgow,, G75 9DE",500 to 999,28.2,18.2,-25.1,0,87
2020-2021,9146,"Maxim 3 2nd Floor, Suite 2b 2 Parklands Avenue, Eurocentral, Holytown, Motherwell, Scotland, ML1 4WQ",250 to 499,14.5,18.5,74.5,52,"45,45"
2020-2021,19729,"Redwood House 5 Redwood Crescent, Peel Park, East Kilbride, Scotland, G74 5PP",500 to 999,13.7,0,45.6,26.6,93
2020-2021,9259,"Head Office, 40 Lambhill Street, Kining Park, Glasgow, G41 1AU",250 to 499,-2.9,0,NA,NA,87
2020-2021,19038,"Lower Ground Floor Prime View, Prime Four Business Park, Kingswells, Aberdeen, Scotland, AB15 8PU",250 to 499,22.7,24.5,63.6,66.7,82
2020-2021,9382,"Minerva House, Bruntland Road, Portlethen, Aberdeen, Aberdeenshire, AB12 4QL",250 to 499,10,38.2,100,100,82
2020-2021,9389,"200 St. Vincent Street, Glasgow, Scotland, G2 5SG",Not Provided,32.3,50,54.5,50,86
2020-2021,17316,"Mill Dene Beanburn, Ayton, Eyemouth, Scotland, TD14 5QY",250 to 499,11.7,3.5,86.4,86.5,78
2020-2021,9405,"Springfield, Linlithgow, Midlothian, EH49 7LR",1000 to 4999,12.2,12.9,41.6,35.3,"62,62,62,63"
2020-2021,9430,"Orion House, Castleheather, Inverness, IV2 6AA",500 to 999,43,50,71,74,78
2020-2021,474,"Cadworks, 41 West Campbell Street, Glasgow, Scotland, G2 6SE",250 to 499,33.2,39.1,67.7,98.9,43
2020-2021,470,"Cadworks, 41 West Campbell Street, Glasgow, Scotland, G2 6SE",1000 to 4999,-6.5,-3.4,-18.7,1,82
2020-2021,9513,"59 Charles Street, Glasgow, Scotland, G21 2PR",250 to 499,9.8,-1,NA,NA,86
2020-2021,9520,"Studio 3002 Mile End Mill, 12 Seedhill Road, Paisley, Scotland, PA1 1JS",250 to 499,-8.6,-11,-100,-50,78
2020-2021,9530,"Paterson Building, Gartsherrie Road, Coatbridge, Lanarkshire, ML5 2EU",250 to 499,0,1.6,25,27.7,81
2020-2021,9595,"Park House, 14 Bothwell Road, Hamilton, Lanarkshire, ML3 0AY",1000 to 4999,8.4,11.4,9.3,30.1,"45,45,45,45"
2020-2021,9592,"Rosehall, The Square, Grantown-On-Spey, Scotland, PH26 3HG",250 to 499,15,0,NA,NA,87
2020-2021,9593,"Park House, 14 Bothwell Road, Hamilton, Lanarkshire, ML3 0AY",250 to 499,17.8,7.3,31.2,65.6,49
2020-2021,9607,"West Kirk, 84a Portland Street, Kilmarnock, Ayrshire, KA3 1AA",250 to 499,1.4,0,NA,NA,88
2020-2021,19331,"1 Blair Court North Avenue, Clydebank Business Park, Clydebank, Glasgow, G81 2LA",250 to 499,43,31,18,-16,82
2020-2021,9721,"Orchard Brae House, 30 Queensferry Road, Edinburgh, Scotland, EH4 2HS",250 to 499,-0.7,0,NA,NA,"86,87,88,94"
2020-2021,16193,"Thistle House, 21/23 Thistle Street, Edinburgh, EH2 1DF",500 to 999,-9.8,0,-112.7,-93.6,78
2020-2021,9772,"Clyde Offices 2nd Floor, 48 West George Street, Glasgow, Scotland, G2 1BP",500 to 999,18.2,16.5,56.7,44.4,"45,45"
2020-2021,9780,"Thorntons Solicitors Whitehall House, 33 Yeaman Shore, Dundee, Scotland, DD1 4BJ","5000 to 19,999",49.6,32,87.2,73.2,86
2020-2021,16377,"Bridge View, 1 North Esplanade West, Aberdeen, AB11 5QF",1000 to 4999,35.7,43.5,20,-15.3,91
2020-2021,9786,"Bo'Ness Road, Grangemouth, Stirlingshire, FK3 9XH",500 to 999,25,23,23,16,19
2020-2021,14376,"R A Clement Associates, 5 Argyll Square, Oban, Argyll, Scotland, PA34 4AZ",Less than 250,22.1,29.6,25.3,63.7,"23,23,70"
2020-2021,9884,"Pinnacle Hill, Kelso, Roxburghshire, TD5 8XX",500 to 999,30,18,57,91,27
2020-2021,4555,"Rolland House Unit 10 Newbridge Industrial Estate, Cliftonhall Road, Newbridge, Scotland, EH28 8PJ",250 to 499,-2.9,-1.2,47,69.8,"78,86"
2020-2021,10009,"Building 620, Orangefield, Prestwick Airport, Ayrshire, KA9 2PQ",250 to 499,14.9,8.6,NA,NA,52
2020-2021,10100,"Blackwood House, Union Grove Lane, Aberdeen, AB10 6XU",250 to 499,24,17.6,37.9,37.9,"28,71,77"
2020-2021,10111,"5 Central Way, Kildean Business Park, Stirling, United Kingdom, FK8 1FT",1000 to 4999,29.6,27.9,56.9,45,64
2020-2021,10117,"5 Central Way, Kildean Business Park, Stirling, United Kingdom, FK8 1FT",500 to 999,16.8,26.3,45.3,36.7,66
2020-2021,10167,"Rench Farm, Drumclog, Strathaven, South Lanarkshire, ML10 6QJ",250 to 499,32.4,31.7,65.4,0,"42,64,82"
2020-2021,10180,"Quarriers Head Office, 20 St. Kenneth Drive, Glasgow, Scotland, G51 4QD",1000 to 4999,2.4,0,NA,NA,"87,87,88,88"
2020-2021,10218,"2411 London Road, Glasgow, G32 8XT",250 to 499,7,-7,51,-409,"42,42,42,42"
2020-2021,10230,"27 Barony Road, Auchinleck, Ayrshire, KA18 2LL",250 to 499,4,0,NA,NA,55
2020-2021,19093,"Heritage House Ladykirk Business Park, 11 Skye Road, Prestwick, Scotland, KA9 2TA",250 to 499,0.9,0,NA,NA,"86,88"
2020-2021,10260,"6 Redheughs Rigg, South Gyle, Edinburgh, Scotland, EH12 9DQ",500 to 999,1.6,0,35,-44.3,87
2020-2021,19083,"9 Watt Place, Hamilton Intnl Technology Park, Blantyre, Glasgow, G72 0AH",250 to 499,14.1,23,50,41,43
2020-2021,14430,"Archibald Hope House, Station Road, Musselburgh, Scotland, EH21 7PQ",500 to 999,0.7,0,0,0,87
2020-2021,10403,"The Lagoon Centre, Christie Street, Paisley, PA1 1NB",250 to 499,-4.4,-9.2,NA,NA,"90,91,93"
2020-2021,10421,"8 Nelson Mandela Place, Glasgow, Scotland, G2 1BT",1000 to 4999,-3,1.4,15.8,10.4,82
2020-2021,15725,"Cargill Centre Business Park, Aberdeen Road, Laurencekirk, Aberdeenshire, AB30 1EY",250 to 499,3.6,3.3,-192.1,0,78
2020-2021,15286,"Clyde View, 22 Pottery Street, Greenock, Inverclyde, Scotland, PA15 2UZ",250 to 499,5.4,-2.5,NA,NA,68
2020-2021,10544,"C/O Bosch Rexroth, Viewfield Industrial Estate, Glenrothes, KY6 2RD",500 to 999,27,29.7,48,40.5,27
2020-2021,203,"Schoolhill, Aberdeen, AB10 1FE",250 to 499,9.3,0.8,NA,NA,NA
2020-2021,10558,"10 Perimeter Road, Pinefield Inustrial Estate, Elgin, Moray,, IV30 6AE",1000 to 4999,22,14,35,37,81
2020-2021,10592,"1 Dow Avenue, Prestwick International, Aerospace Park, South Ayrshire, KA9 2SA",250 to 499,-13.3,-16.3,16.7,-8471.4,30
2020-2021,16945,"Muir Of Ord Industrial Estate, Muir Of Ord, Ross-Shire, IV6 7UA",250 to 499,18.9,17.6,75.4,60,"25,28,33,43"
2020-2021,10617,"BABCOCK INTERNATIONAL, Rosyth Business Park, Rosyth, Dunfermline, Fife, KY11 2YD",1000 to 4999,3,3.7,35.5,6.8,30
2020-2021,310,"65 Sussex Street, Glasgow, Scotland, G41 1DX",500 to 999,9.4,15.9,-8.6,55.7,"39,42,71,74"
2020-2021,10726,"Rwg (Repair & Overhauls) Limited Kirkhill Drive, Kirkhill Industrial Estate, Dyce, Aberdeen, Scotland, AB21 0EU",250 to 499,6.3,8,-6.5,-90.9,28
2020-2021,10770,"Orwell Bakery Loanhead Avenue, Lochore, Fife, KY5 8DD",500 to 999,20,9.9,83.7,38.5,"11,14,10,47"
2020-2021,10753,"1 Wellheads Avenue, Dyce, Aberdeen, AB21 7PB",250 to 499,17.9,28.9,-29.2,-286.5,"46,52"
2020-2021,10776,"112 Commercial Street, Edinburgh, Scotland, EH6 6NF",Less than 250,-5,-19,NA,NA,"87,88"
2020-2021,10838,"Carnbroe House Finch Way, Strathclyde Business Park, Bellshill, Scotland, ML4 3PE",250 to 499,25.8,31.6,54.2,50,43
2020-2021,10909,"1 Neilson  Square, Deans Industrial Estate, Livingston, EH54 8RQ",1000 to 4999,8.2,1.1,-24,-38,47
2020-2021,10920,"Glenugie Engineering Works, Peterhead, AB42 0YX",500 to 999,35.4,41.8,39,5.9,96
2020-2021,19103,"400 Townmill Road, Glasgow, G31 3AR",250 to 499,26.5,32.9,70.8,71.4,"46,46"
2020-2021,15944,"Townmill Road, Glasgow, G31 3AR",250 to 499,26.5,32.9,70.8,71.4,46
2020-2021,10925,"The Abattoir, Dornock, Annan, Dumfries & Galloway, Scotland, DG12 6SU",500 to 999,6.2,12.7,NA,NA,10
2020-2021,10930,"Axis House 5 Lonehead Drive, Newbridge, Edinburgh, Scotland, EH28 8TG",1000 to 4999,9.2,8,-61.4,0,35
2020-2021,5329,"Hamilton House, 70 Hamilton Drive, Glasgow, G12 8DR",1000 to 4999,10,3,28,9,56
2020-2021,5328,"Hamilton House, 70 Hamilton Drive, Glasgow, G12 8DR",1000 to 4999,10,3,28,9,64
2020-2021,10937,"Unit 7, Halbeath Interchange Business Park Kingseat Road, Halbeath, Dunfermline, Fife, KY11 8RY",500 to 999,-45.2,-71,-122.7,-510.5,16
2020-2021,19250,"Inveralmond House, 200 Dunkeld Road, Perth, PH1 3AQ",500 to 999,1,17.6,72.1,11.2,35
2020-2021,10938,"Brunswick House, 51 Wilson Street, Glasgow, G1 1UZ",500 to 999,3.6,-2.1,NA,NA,"87,87,88"
2020-2021,17348,"Bradbury Hub, 100 Smithfield Loan, Alloa, Clackmannanshire, Scotland, FK10 1NP",500 to 999,-1.8,-0.7,NA,NA,"85,87,88"
2020-2021,476,"Inveralmond House, 200 Dunkeld Road, Perth, PH1 3AQ",1000 to 4999,15.5,16.4,56,23.6,35
2020-2021,477,"Inveralmond House, 200 Dunkeld Road, Perth, PH1 3AQ",250 to 499,23.2,29.8,64.3,34.4,35
2020-2021,2367,"Baltic Works, Kilbarchan Road, Bridge Of Weir, Renfrewshire, PA11 3RH",250 to 499,22.7,13.7,NA,NA,15
2020-2021,15342,"39 Elmbank Crescent, Glasgow, G2 4PT",Less than 250,9.9,9.1,NA,NA,90
2020-2021,412,"320 St. Vincent Street, Glasgow, Scotland, G2 5AD",500 to 999,27.8,22.1,46.3,21,70
2020-2021,10944,"Murrayfield, Edinburgh, EH12 5PJ",250 to 499,44,34,81,63,"93,93"
2020-2021,10946,"Kingseat Road, Halbeath, Dunfermline, Fife, KY11 8RY",250 to 499,22.3,21.3,NA,NA,94
2020-2021,10947,"1-3 Lochside Crescent, Edinburgh, United Kingdom, EH12 9SE",250 to 499,2.5,4.2,-6.2,19.4,"36,46,82"
2020-2021,10949,"The Mound, Edinburgh, United Kingdom, EH1 1YZ",1000 to 4999,17.4,15,45.5,58.1,66
2020-2021,10951,"320 St. Vincent Street, Glasgow, Scotland, G2 5AD",1000 to 4999,20,19.5,54.9,57.8,"35,35"
2020-2021,19133,"14 City Quay, Camperdown Street, Dundee, Scotland, DD1 3JA",500 to 999,-6,-0.3,NA,NA,86
2020-2021,10975,"Turnberry House, 6th Floor, 175 West George Street, Glasgow, Scotland, G2 2LB","5000 to 19,999",-2.4,-2.5,-40.4,-18.6,"78,78"
2020-2021,10986,"300 Bath Street, Floor 5, Glasgow, United Kingdom, G2 4JR",1000 to 4999,-7,-2.8,NA,NA,80
2020-2021,82,"43 Middlesex Street, Glasgow, G41 1EE",500 to 999,0.9,0,NA,NA,"87,88,88"
2020-2021,11034,"16 Airfield Road, Evanton, Ross-Shire, IV16 9XJ",250 to 499,19.1,21.5,45.3,41.7,43
2020-2021,11074,"Muir Of Ord Industrial Estate, Great North Road, Muir Of Ord, Ross-Shire, IV6 7UA",250 to 499,18.4,3,18.9,36,"20,20"
2020-2021,11120,"C/O Johnston Carmichael, 227 West George Street, Glasgow, G2 2ND",250 to 499,17.9,28.6,26.2,46.3,82
2020-2021,253,"Shin-Etsu Handotai Europe Ltd Wilson Road, Toll Roundabout, Eliburn, Livingston, West Lothian, Scotland, EH54 7DA",250 to 499,12.9,9.7,16.8,0,26
2020-2021,16183,"Blenheim House, Fountainhall Road, Aberdeen, AB15 4DT",500 to 999,5.8,7.3,-30.1,-54.7,55
2020-2021,11245,"165 Howard Street, Glasgow, G1 4HF",500 to 999,29.1,9.9,NA,NA,47
2020-2021,11246,"Turnberry Hotel, Ayrshire, KA26 9LT",250 to 499,12.3,-3.3,42.1,81.8,"55,93,96,96"
2020-2021,11306,"Neo Space, Riverside Drive, Aberdeen, Scotland, AB11 7LH",1000 to 4999,21.4,24.2,-23.7,-44.6,56
2020-2021,11380,"Council Offices, Almada Street, Hamilton, Scotland, ML3 0EW",1000 to 4999,5.3,0.5,NA,NA,"90,91,91,93"
2020-2021,18600,"320 St. Vincent Street, Glasgow, Scotland, G2   5AD",500 to 999,6.6,8.1,-14.9,0,35
2020-2021,11434,"320 St. Vincent Street, Glasgow, Scotland, G2   5AD",1000 to 4999,24.2,23.4,76.8,0,96
2020-2021,18599,"320 St. Vincent Street, Glasgow, Scotland, G2   5AD",250 to 499,20.5,19,66.7,0,35
2020-2021,11440,"Grampian House, 200 Dunkeld Road, Perth, Scotland, PH1 3GH",250 to 499,29,16,59,52,"70,82"
2020-2021,17296,"Trojan House Pegasus Avenue, Phoenix Business Park, Paisley, PA1 2BH",250 to 499,10.8,9.3,93.4,39.7,87
2020-2021,11449,"Alliance Centre Greenwell Road, East Tullos Industrial Estate, Aberdeen, AB12 3AX",500 to 999,18.2,11.5,47.8,-17.5,"45,45,45,45"
2020-2021,297,"1 Marchfield Drive, Westpoint Business Park, Paisley, Renfrewshire, Scotland, PA3 2RB",250 to 499,1.9,0.2,25,25,81
2020-2021,19152,"7 Kirkshaws Road, Coatbridge, ML5 5EY",Less than 250,21.4,23.3,27.3,36.5,43
2020-2021,11490,"28 Albyn Place, Aberdeen, United Kingdom, AB10 1YL",500 to 999,12.3,3,NA,NA,82
2020-2021,11499,"Stuart House Eskmills, Station Road, Musselburgh, East Lothian, Scotland, EH21 7PB",1000 to 4999,-2.6,-2.2,NA,NA,81
2020-2021,11506,"Alexander Fleming House, 8 Southfield Drive, Elgin, Morayshire, IV30 6GR",500 to 999,-17.9,-126.1,-180.6,-288.4,"41,41"
2020-2021,11525,"Peter Wilson Building, King's Buildings, West Mains Road, Edinburgh, EH9 3JG",1000 to 4999,16.4,20.1,NA,NA,"72,75,85"
2020-2021,393,"Inveralmond House, 200 Dunkeld Road, Perth, Perthshire, PH1 3AQ","5000 to 19,999",17.1,18.4,40.2,15.1,70
2020-2021,18318,"Inveralmond House, 200 Dunkeld Road, Perth, PH1 3AQ",250 to 499,27.5,28.4,27.5,28.4,64
2020-2021,18319,"Level 2.1 Wellington Place, 107 West Regent Street, Glasgow, Scotland, G2 2BA",250 to 499,22.9,28.9,64.8,30.6,61
2020-2021,16683,"Sycamore House, 72 Carnethie Street, Rosewell, Midlothian, EH24 9AW",250 to 499,11.9,13.2,NA,NA,"87,88"
2020-2021,16096,"St Andrews Bay Golf Resort & Spa, St. Andrews, Fife, KY16 8PN",250 to 499,32.8,-2.5,16.3,87.7,55
2020-2021,11651,"1 George Street, Edinburgh, United Kingdom, EH2 2LL",1000 to 4999,34.5,30,65.9,58.2,70
2020-2021,19458,"Standard Life House, 30 Lothian Road, Edinburgh, United Kingdom, EH1 2DH",1000 to 4999,20.4,24.4,37.4,32.6,82
2020-2021,11648,"1 George Street, Edinburgh, United Kingdom, EH2 2LL",1000 to 4999,28.6,29.8,53.8,51.1,82
2020-2021,11650,"1 George Street, Edinburgh, EH2 2LL",1000 to 4999,34.8,30.9,60.1,55.9,66
2020-2021,11665,"Block 3, Units 1,2,3 & 4, Thornliebank Industrial Estate, Glasgow, G46 8JW",250 to 499,41,45.7,NA,NA,28
2020-2021,11705,"76 Moss Road, Tillicoultry, Scotland, FK13 6NS",500 to 999,5,3,35,60,47
2020-2021,11713,"C/O Teneo Financial Advisory Limited, 66 Hanover Street, Edinburgh, EH2 1EL",1000 to 4999,48.1,37,23.9,34.1,"41,70"
2020-2021,19482,"3rd Floor, Sterling House 20 Renfield Street, Glasgow, G2 5AP",250 to 499,37.4,15.9,40.5,32.9,79
2020-2021,11715,"Tofthill, Glencarse, Perth, PH2 7LS",250 to 499,14.7,0,37.9,-30.2,"11,11"
2020-2021,11744,"Altrad Howe Moss Crescent, Dyce, Aberdeen, Scotland, AB21 0GN",1000 to 4999,27.1,28.1,58.3,27.7,91
2020-2021,11744,"Altrad Howe Moss Crescent, Dyce, Aberdeen, Scotland, AB21 0GN",1000 to 4999,27.1,28.1,58.3,27.7,91
2020-2021,14967,"Randolph Hill, Fankerton, Denny, FK6 5HJ",250 to 499,8.5,-5.3,NA,NA,86
2020-2021,11757,"C/O Interpath Ltd, 5th Floor, 130 St. Vincent Street, Glasgow, G2 5HF",250 to 499,23.3,2.3,NA,NA,55
2020-2021,16191,"Pacific Quay, Glasgow, G51 1PQ",250 to 499,15.6,14.6,44.6,46.4,64
2020-2021,11780,"East Campus Prospect Road, Arnhall Business Park, Westhill, Aberdeenshire, AB32 6FE","5000 to 19,999",33.6,35,52.6,75.1,82
2020-2021,11827,"96 Kirk Road, Wishaw, Scotland, ML2 7BL",250 to 499,-5.2,0,NA,NA,88
2020-2021,11908,"Nether Road, Galashiels, Selkirkshire, TD1 3HE",1000 to 4999,5.4,-8,35,67.5,82
2020-2021,12001,"61 Hydepark Street, Glasgow, Strathclyde, G3 8BW",500 to 999,5.1,0,-7.6,-43.3,47
2020-2021,12040,"44/48 East Dock Street, Dundee, DD1 3JS",250 to 499,-17.9,0,-1167,-348,49
2020-2021,12086,"1 Central Park Avenue,, Central Business Park, Larbert, Falkirk, FK5 4RX","5000 to 19,999",9.7,4,18.4,13.6,61
2020-2021,12123,"Wellpark Brewery, 161 Duke Street, Glasgow, G31 1JD",250 to 499,5.8,20.7,-34.3,-159.9,46
2020-2021,12139,"2 South Gyle Crescent, Edinburgh, United Kingdom, EH12 9FQ",1000 to 4999,27.8,18.4,53.5,27.5,64
2020-2021,12180,"The Prentice Centre, 1 Granton Mains Avenue, Edinburgh, Scotland, EH4 4GA",500 to 999,-3.7,-1.3,NA,NA,"87,88"
2020-2021,12188,"Maxim 3, 2nd Floor, Suite 2b 2 Parklands Avenue, Eurocentral, Holytown, Motherwell, Scotland, ML1 4WQ",250 to 499,21.2,23.1,80.7,23.1,70
2020-2021,12339,"100 Queen Street, Glasgow, Scotland, G1 3DN",500 to 999,15.2,13.9,72.1,26,11
2020-2021,17342,"Glasgow Academy, Colebrooke Street, Glasgow, G12 8HE",250 to 499,23.7,25.5,NA,NA,"85,85,85"
2020-2021,12417,"The James Hutton Institute, Invergowrie, Dundee, DD2 5DA",250 to 499,15,8.1,100,100,72
2020-2021,19066,"1 George Square, Glasgow, G2 1AL",250 to 499,44,36,16,6.3,59
2020-2021,12471,"Inspire House 3 Renshaw Place, Eurocentral, Lanarkshire, ML1 4UF",500 to 999,-9.5,0,NA,NA,82
2020-2021,14264,"The Green House Forrest Estate, Dalry, Castle Douglas, Kirkcudbrightshire, United Kingdom, DG7 3XS",250 to 499,23,23,37,0,74
2020-2021,12495,"Old Course Hotel, Golf Resort And Spa, St Andrews, Fife,, KY16 9SP",250 to 499,-10.8,-22.2,-91.3,-118.3,55
2020-2021,19366,"Dumfries House, Dumfries House Estate, Cumnock, Ayrshire, KA18 2NJ",250 to 499,9.5,10.6,100,100,91
2020-2021,15715,"Ibrox Stadium, 150 Edmiston Drive, Glasgow, G51 2XD",250 to 499,51,17,100,0,93
2020-2021,17645,"28 Drumsheugh Gardens, Edinburgh, Scotland, EH3 7RN",500 to 999,-10,-8,-87,-299,32
2020-2021,12667,"Thistle Centre Of Wellbeing, 13 Queen's Walk, Edinburgh, Scotland, EH16 4EA",250 to 499,-0.7,0,NA,NA,"88,88,96"
2020-2021,12668,"3a Scholars Gate, East Kilbride, Glasgow, Scotland, G75 9JL",Not Provided,0,0,NA,NA,86
2020-2021,12670,"Thistle Seafoods Limited Harbour Street, Boddam, Peterhead, Scotland, AB42 3AU",250 to 499,11.9,3.1,NA,NA,"10,46"
2020-2021,12690,"34 Old Mill Road, Uddingston, G71 7HH",500 to 999,25.3,29.1,87.2,62.2,32
2020-2021,2002,"Newfield House, 1 New Street, Musselburgh, East Lothian, EH21 6HY",500 to 999,6.7,1.3,NA,NA,88
2020-2021,12836,"100 Dalsetter Avenue, Glasgow, Scotland, G15 8TE",500 to 999,-12.2,-2.5,11.6,0,42
2020-2021,19067,"9th Floor Aurora Building, 120 Bothwell Street, Glasgow, United Kingdom, G2 7JS",250 to 499,29.6,34.4,53,71,91
2020-2021,355,"Henry Duncan House, 120 George Street, Edinburgh, EH2 4LH","5000 to 19,999",32.9,24,43.5,32.4,64
2020-2021,13028,"Merchants House, 7 West George Street, Glasgow, G2 1BA",1000 to 4999,0.9,0,NA,NA,"86,87"
2020-2021,13032,"Napier Building Reynolds Avenue, East Kilbride, Glasgow, Scotland, G75 0AF",500 to 999,25.7,33.9,44.5,24.7,74
2020-2021,18587,"2 Bothwell Street, Glasgow, G2 6LU",250 to 499,0,0,NA,NA,70
2020-2021,13147,"110 Easter Queenslie Road, Glasgow, Lanarkshire, G33 4UL",250 to 499,-9,-1,-79,-1,46
2020-2021,13200,"1 Meadowhead Road, Irvine, Ayrshire, KA11 5AT",500 to 999,11.8,13,-4.7,14.4,17
2020-2021,13250,"Newmains Avenue, Inchinnan, Renfrewshire, PA4 9RR",500 to 999,13.1,12.6,31,3.8,32
2020-2021,15097,"Woodside Way, Glenrothes East, Fife, KY7 4ND",250 to 499,19,29,22,28,46
2020-2021,13298,"Penguin House, Castle Riggs, Dunfermline, Fife, Scotland, KY11 8SG",1000 to 4999,33.4,47.4,48.7,20.9,75
2020-2021,9203,"Penguin House, Castle Riggs, Dunfermline, Fife, Scotland, KY11 8SG",1000 to 4999,33.4,47.3,48.6,20.9,70
2020-2021,13299,"C/O Brodies Llp Capital Square, 58 Morrison Street, Edinburgh, EH3 8BP",250 to 499,25,11.8,26,55,46
2020-2021,13300,"C/O Brodies Llp Capital Square, 58 Morrison Street, Edinburgh, EH3 8BP",1000 to 4999,5,6,30,18,47
2020-2021,16590,"4 South Oswald, Edinburgh, EH9 2HG",250 to 499,5.4,8.8,1.8,0,87
2020-2021,13316,"1st Floor Left, 161 Brooms Road, Dumfries, Scotland, DG1 2SH",500 to 999,0.3,1.2,-69.1,-78,80
2020-2021,12129,"Newhouse Industrial Estate, Newhouse, Motherwell, Lanarkshire, ML1 5RY",250 to 499,4.8,-27.2,24.3,9.7,28
2020-2021,13423,"Brookfield House, Burnbrae Drive, Linwood Industrial Estate, Linwood, PA3 3BU",1000 to 4999,-25.8,-2.2,NA,NA,49
2020-2021,20230,"65 Sussex Street, Glasgow, Scotland, G41 1DX",250 to 499,29,18,NA,NA,"25,28,33,43"
2020-2021,566,"Aberlour House, Aberlour-On-Spey, Banffshire, AB38 9LD",1000 to 4999,13.7,1,22.1,2.3,10
2020-2021,13478,"21-24 Wellmeadow, Blairgowrie, PH10 6AT",250 to 499,6.4,0,NA,NA,86
2020-2021,301,"Kyleshill House, Glencairn Street, Saltcoats, Ayrshire, KA21 5JT",1000 to 4999,9.7,1.8,47,30.3,82
2020-2021,15616,"Xcite Bathgate Balbardie Park, Torphichen Road, Bathgate, West Lothian, EH48 4LA",250 to 499,6.5,0,NA,NA,93
2020-2021,20242,"Wheatley House, 25 Cochrane Street, Glasgow, Scotland, G1 1HL",250 to 499,-6.5,-8.4,NA,NA,68
2020-2021,17374,"C/O Brodies Llp Capital Square, 58 Morrison Street, Edinburgh, United Kingdom, EH3 8BP",250 to 499,-10.3,-0.6,NA,NA,86
2020-2021,13753,"4th Floor St. Vincent Plaza, 319 St. Vincent Street, Glasgow, Scotland, G2 5RG",250 to 499,18.1,14.2,59.8,19.9,11
2020-2021,13784,"The Glenfiddich Distillery, Dufftown, Keith, Scotland, AB55 4DH",1000 to 4999,11.8,9,39,0,11
2020-2021,9872,"7 West Adam Street, Edinburgh, Scotland, EH8 9SX",250 to 499,0,0,NA,NA,"88,88"
2020-2021,13887,"Sir Ian Wood House Hareness Road, Altens Industrial Estate, Aberdeen, Scotland, AB12 3LE",1000 to 4999,28.3,36.2,-3.5,-54.4,91
2020-2021,13888,"Level 3, 6 St Andrew Square, Edinburgh, EH2 2BD",1000 to 4999,31.4,20.5,74.3,38.4,91
2020-2021,18299,"16 North Esplanade West, Aberdeen, Scotland, AB11 5RJ",1000 to 4999,25.5,33.6,35.7,45,91
2020-2021,13991,"5th Floor Capitol Building, 429-431 Union Street, Aberdeen, AB11 6DA",250 to 499,28.4,42.5,34.1,0,71
2020-2021,14072,"1 Tanfield, Edinburgh, EH3 5DA",250 to 499,6,20,28,8,26
2021-2022,16879,"19 Smith's Place, Leith Walk, Edinburgh, EH6 8NU",250 to 499,0.6,-4.4,14.1,-2,47
2021-2022,17484,"Suite 1, Ground Floor Academy House, 1346 Shettleston Road, Glasgow, Scotland, G32 9AT",Less than 250,-3,0,NA,NA,"86,88"
2021-2022,14399,"Fairview Mill, Ingliston, Newbridge, Midlothian, EH28 8NB",250 to 499,12,16.9,-20.5,-69.3,"14,10"
2021-2022,1838,"Westfield House, 4 Mollins Road, Cumbernauld, G68 9HD",500 to 999,3,2.7,42.2,0,11
2021-2022,777,"72 Milton Road, Kirkcaldy, Fife, Scotland, KY1 1TP",500 to 999,6.8,-25.5,NA,NA,86
2021-2022,787,"58 Robertson Street, Glasgow, Scotland, G2 8DU","5000 to 19,999",17.3,26.1,NA,NA,49
2021-2022,789,"1 George Street, Edinburgh, United Kingdom, EH2 2LL",1000 to 4999,16.7,10.8,72.3,34.9,64
2021-2022,790,"1 George Street, Edinburgh, United Kingdom, EH2 2LL",500 to 999,38.1,35.7,53.1,37.2,64
2021-2022,17554,"38 Castle Street, Aberdeen, AB11 5YU",500 to 999,12,0.2,NA,NA,"85,87,87,87"
2021-2022,11648,"1 George Street, Edinburgh, United Kingdom, EH2 2LL",1000 to 4999,29.6,26.6,40,26,82
2021-2022,17218,"Pittodrie Stadium, Pittodrie Street, Aberdeen, AB24 5QH",Less than 250,54.6,11.3,70.2,62.1,"93,93"
2021-2022,793,"Aberdeen Sports Village, Linksfield Road, Aberdeen, Scotland, AB24 5RU",Less than 250,-7.9,0,NA,NA,93
2021-2022,794,"Kintail House, Forthside Way, Stirling, Stirlingshire, Scotland, FK8 1QZ",500 to 999,5.5,-1.8,NA,NA,96
2021-2022,11650,"1 George Street, Edinburgh, EH2 2LL",500 to 999,34.6,28.4,52.3,58,66
2021-2022,11651,"1 George Street, Edinburgh, United Kingdom, EH2 2LL","5000 to 19,999",33.3,25.1,57.3,56.3,70
2021-2022,16687,"The Peak, Forthside Way, Stirling, Scotland, FK8 1QZ",Less than 250,10.2,23.9,NA,NA,"93,93"
2021-2022,18552,"Gateside, 6 Back Road, Dollar, FK14 7EA",250 to 499,2.6,16.7,30.4,-6.1,56
2021-2022,19419,"C/O Interpath Ltd, 5th Floor, 130 St. Vincent Street, Glasgow, G2 5HF",250 to 499,7.5,-5.3,8.4,0,62
2021-2022,915,"C/O Brodies Llp Capital Square, 58 Morrison Street, Edinburgh, United Kingdom, EH3 8BP",500 to 999,19.6,9.5,18.8,32.9,82
2021-2022,922,"Caldergrove House 4 Linnet Way, Strathclyde Business Park, Bellshill, Lanarkshire, Scotland, ML4 3RA",1000 to 4999,11,20,25,33,41
2021-2022,20051,"3 Lochside Crescent, Edinburgh, Scotland, EH12 9SA",250 to 499,18.4,31.4,49.5,55.7,64
2021-2022,950,"Aegon Lochside Crescent, Edinburgh Park, Edinburgh, Scotland, EH12 9SE",1000 to 4999,26.2,27,51.6,30.8,82
2021-2022,977,"The Wright Business Centre, Lonmay Road, Glasgow, Scotland, G33 4EL",1000 to 4999,0.6,9.9,7.9,12.5,56
2021-2022,308,"Lomondgate, Stirling Road, Dumbarton, Scotland, G82 3RG",500 to 999,13.1,16.1,21.4,0,77
2021-2022,19084,"5 James Hamilton Way, Milton Bridge, Penicuik, Scotland, EH26 0BF",Less than 250,14.8,9.4,66.1,5,21
2021-2022,1075,"New Monkland, 251 Stirling Road, Airdrie, Lanarkshire, ML6 7SP",1000 to 4999,22.7,5.7,41.4,0,46
2021-2022,1095,"9 Central Boulevard, Larbert, United Kingdom, FK5 4RU",500 to 999,14,17,79,4,29
2021-2022,1145,"230 Balmore Road, Glasgow, Lanarkshire, G22 6LJ",500 to 999,13.8,7.6,27.2,-102.5,"29,45,45,45"
2021-2022,1186,"Badentoy Crescent, Portlethen, Aberdeen, AB12 4YD",250 to 499,32.9,33.7,94.7,5.7,91
2021-2022,1194,"69 North Gyle Terrace, Edinburgh, Scotland, EH12 8JY",250 to 499,3.8,-25.2,NA,NA,86
2021-2022,20184,"Waverley Gate, 2 - 4 Waterloo Place, Edinburgh, EH1 3EG",250 to 499,3.3,3,32.3,39.3,62
2021-2022,1275,"28 Albyn Place, Aberdeen, United Kingdom, AB10 1YL",1000 to 4999,5.6,2.7,4,-26,81
2021-2022,18132,"Angus House, Orchardbank Business Park, Forfar, Angus, DD8 1AN",Less than 250,16.7,28.7,NA,NA,"90,91,91,93"
2021-2022,1325,"Apex Hotels House, 1 Mid New Cultins, Edinburgh, Scotland, EH11 4DH",500 to 999,-11.7,-5.9,NA,NA,55
2021-2022,1343,"Block 2 Units C And D, West Mains Industrial Estate, Grangemouth, Stirlingshire, FK3 8YE",250 to 499,50.6,56,26.8,0,71
2021-2022,1377,"2 Marischal Square, Broad Street, Aberdeen, Scotland, AB10 1DQ",250 to 499,25.7,52.3,34.5,38.5,91
2021-2022,19995,"C/O Interpath Ltd 5th Floor, 130 St. Vincent Street, Glasgow, G2 5HF",250 to 499,2,-4,-366,-1097,17
2021-2022,1417,"454 Hillington Road, Glasgow, Scotland, G52 4FH","5000 to 19,999",11.7,6,45.5,78.6,"45,45,45"
2021-2022,1418,"454 Hillington Road, Glasgow, Scotland, G52 4FH",500 to 999,-6.1,-18,2.2,-83.5,77
2021-2022,1427,"Arr Craib Transport Ltd Howe Moss Drive, Kirkhill Industrial Estate, Dyce, Aberdeen, AB21 0GL",250 to 499,-14.8,-24.4,100,100,49
2021-2022,1465,"9 George Square, Glasgow, United Kingdom, G2 1DY",250 to 499,14.7,9.3,62.5,71.9,82
2021-2022,17341,"6 Coates Crescent, Edinburgh, Midlothian, EH3 7AL",1000 to 4999,7.7,8.1,18.7,13.9,78
2021-2022,1474,"Asco Group Headquarters Unit A, 11 Harvest Avenue, D2 Business Park, Dyce, Aberdeen, AB21 0BQ",500 to 999,9,-3.9,21.5,33.9,96
2021-2022,1455,"42 Dryden Road, Bilston Ind Estate, Loanhead, Midlothian, EH20 9LZ",1000 to 4999,33.7,39.2,NA,NA,"43,43,43,61"
2021-2022,8371,"42 Dryden Road, Bilston Ind Estate, Loanhead, Midlothian, Scotland, EH20 9LZ",500 to 999,13.7,21.6,NA,NA,"70,82"
2021-2022,17345,"AVENUE SCOTLAND LTD, 18a Dickson Street, Dunfermline, Fife, Scotland, KY12 7SL",250 to 499,-3.9,-6.4,NA,NA,88
2021-2022,1639,"AVIAGEN LTD, 11 Lochend Road, Ratho Station, Newbridge, Midlothian, EH28 8SZ",250 to 499,14.5,5.1,34.5,8.4,14
2021-2022,1718,"C/O Dwf Llp Sentinel, 103 Waterloo Street, Glasgow, Scotland, Scotland, G2 7BW",500 to 999,-6,8.2,-90.2,-10.8,77
2021-2022,1724,"Rosyth Business Park, Rosyth, Dunfermline, Fife, KY11 2YD",1000 to 4999,16.2,18.6,29.2,37.5,84
2021-2022,1759,"BALHOUSIE CARE GROUP, Earn House, Lamberkine Drive, Perth, PH1 1RA",1000 to 4999,1.7,0,NA,NA,86
2021-2022,1764,"Balmoral Park, Loirston, Aberdeen, AB12 3GY",250 to 499,17.2,-2.8,65.1,7.2,22
2021-2022,19915,"180 Hardgate Road, Glasgow, Scotland, G51 4TB",250 to 499,16.9,-8,52.2,9.5,"25,25,46"
2021-2022,1843,"Libertas House, 5th Floor, 39 St. Vincent Place, Glasgow, United Kingdom, G1 2ER",250 to 499,15.2,17,44.8,17.3,79
2021-2022,1875,"12 Charlotte Square, Edinburgh, Scotland, EH2 4DJ",1000 to 4999,-1.4,-7.8,-39.8,0.8,"10,10,10,10"
2021-2022,1877,"8 Fairways Business Park, Deer Park Avenue, Livingston, Scotland, EH54 8AF",250 to 499,16.8,17.5,33.3,25.2,56
2021-2022,1922,"Bear House,Inveralmond Road, Inveralmond Industrial Estate, Perth, PH1 3TW",500 to 999,5.5,8,-232.3,-225.6,42
2021-2022,1925,"Garscube Estate, Switchback Road, Bearsden, Glasgow, G61 1BD",250 to 499,10.2,10.1,NA,NA,72
2021-2022,1954,"Bell Business Park, Rochsolloch Road, Airdrie, ML6 9BG",1000 to 4999,13.6,5.9,36.5,20.6,"43,43,43,43"
2021-2022,2067,"4 Greenhole Place, Bridge Of Don Industrial Estate, Aberdeen, AB23 8EU",1000 to 4999,20,32,-111,-269,39
2021-2022,2078,"13 Queens Road, Aberdeen, AB15 4YL",500 to 999,13.7,9.4,32.3,16.8,74
2021-2022,2159,"10 Dunkeld Road, Perth, Perthshire, United Kingdom, PH1 5TW",500 to 999,6.8,2,1.8,7.6,49
2021-2022,4871,"6th Floor, Quartermile 4 7a Nightingale Way, Edinburgh, Scotland, EH3 9EG",500 to 999,28,28.1,70.3,54.2,82
2021-2022,2214,"Marischal College Marischal College, Broad Street, Aberdeen, Scotland, AB10 1AB",500 to 999,-5.2,-3,NA,NA,88
2021-2022,18699,"Excel House Europoint Office Park 1 Renshaw Place, Holytown, Motherwell, Scotland, ML1 4UF",250 to 499,22,22.6,28.4,33.3,43
2021-2022,2359,"Clyde Offices, 2nd Floor, 48 West George Street, Glasgow, G2 1BP",250 to 499,8.6,-6.7,33,-0.4,11
2021-2022,2360,"Clyde Offices, 2nd Floor, 48 West George Street, Glasgow, G2 1BP",500 to 999,16.4,6.9,3.2,5.2,56
2021-2022,2386,"Seaforth House, Seaforth Place, Burntisland, Fife, KY3 9AX",500 to 999,14.8,12.2,62.5,23.6,"32,33,42"
2021-2022,15096,"18 Blythswood Square, Glasgow, Scotland, G2 4BG",1000 to 4999,5.1,6.6,64.7,83.2,78
2021-2022,18095,"Triest House, Bridge Street, Galashiels, Selkirkshire, Scotland, TD1 1SW",250 to 499,-3,0,NA,NA,"86,88"
2021-2022,2504,"Unit1 Greystone Avenue, Kelloholm, Sanquhar, Dumfriesshire, DG4 6RB",500 to 999,7.5,0,10.7,-50,10
2021-2022,2527,"Unit 7, Halbeath Interchange Business Park Kingseat Road, Halbeath, Dunfermline, Fife, Scotland, KY11 8RY",500 to 999,1.9,4.9,-98.2,-113.4,32
2021-2022,20691,"1-3 Lochside Crescent, Edinburgh, United Kingdom, EH12 9SE",250 to 499,5.1,6.2,-0.9,6.6,74
2021-2022,15496,"1 Lochside Place, Edinburgh, EH12 9DF",250 to 499,-1.9,0,NA,NA,85
2021-2022,2613,"Grange House, 34 Grange Street, Kilmarnock, Ayrshire, Scotland, KA1 2DD",250 to 499,10,2,-51,-131,82
2021-2022,2648,"78 Longtown Road, Dundee, Tayside, DD4 8JU",1000 to 4999,16.1,2.9,32.9,-17.3,"46,47"
2021-2022,2674,"Adam House, 5 Mid New Cultins, Edinburgh, EH11 4DU",1000 to 4999,19.4,18.7,4.8,3.4,"41,68"
2021-2022,2687,"1 North Charlotte Street, Edinburgh, Scotland, EH2 4HR",250 to 499,10,8,NA,NA,56
2021-2022,21194,"40 Torphichen Street, Fourth Floor, Edinburgh, Scotland, EH3 8JB",250 to 499,21.7,37.9,35.5,56.3,74
2021-2022,14487,"6th Floor, Sugar Bond, 2 Anderson Place, Edinburgh, Scotland, EH6 5NP",250 to 499,0.1,0,0,0,96
2021-2022,2696,"The Ferry Terminal, Gourock, PA19 1QP",500 to 999,9.9,-4.9,11.2,-9,50
2021-2022,265,"Vantage Point, 24 St Johns Road, Edinburgh, Scotland, EH12 6NZ",500 to 999,2.6,0,NA,NA,"85,85,87,88"
2021-2022,2790,"Atria One, 144 Morrison Street, Edinburgh, EH3 8EX",250 to 499,27.8,26.4,-19.1,-97.3,62
2021-2022,2844,"Unit 9, Ramsay House Callendar Business Park, Callendar Road, Falkirk, United Kingdom, FK1 1XR",250 to 499,2.6,2.1,NA,NA,87
2021-2022,2894,"Craigmillar Social Enterprise And Arts Centre, 11 Harewood Road, Edinburgh, EH16 4NT",1000 to 4999,-4.9,0,NA,NA,"87,88,88"
2021-2022,18655,"1 Boat Brae, Rattray, Blairgowrie, Scotland, PH10 7BH",250 to 499,21.8,8.2,27.4,14.9,36
2021-2022,2943,"1 George Square, Glasgow, Scotland, G2 1AL",Not Provided,13.3,12.7,27.2,10.7,21
2021-2022,2976,"Caledonia House, 2 Lawmoor Street, Glasgow, Strathclyde, G5 0US",500 to 999,33.5,33.3,75.9,0,"43,43,43,71"
2021-2022,2989,"1 Cambuslang Road, Glasgow, G32 8NB",250 to 499,14.3,20,49.5,40.7,"41,41,41"
2021-2022,20638,"1 Huly Hill Road, Newbridge, Edinburgh, Scotland, EH28 8PH",250 to 499,26.3,15.8,13.2,3.4,47
2021-2022,3018,"Celtic Park, Glasgow, G40 3RE",250 to 499,28.9,9.2,100,100,"93,93"
2021-2022,8274,"Lime Tree House, North Castle Street, Alloa, United Kingdom, FK10 1EX",500 to 999,0.2,-1.6,NA,NA,86
2021-2022,20379,"W. Sam White Building, Peterseat Drive, Altens, Aberdeen, AB12 3HT",250 to 499,20,16.1,19.8,9.5,46
2021-2022,3108,"Elphinstone Research Centre, Tranent, EH33 2NE",1000 to 4999,13,2,87,3,72
2021-2022,3130,"Sugar Bond Anderson Place, Leith, Edinburgh, Scotland, EH6 5NP",250 to 499,15.8,12.3,12.7,13.7,78
2021-2022,3153,"Troon House, Ardeer Site, Stevenston, Ayrshire,, KA20 3LN",250 to 499,24,23.6,39.3,0,82
2021-2022,19073,"Second Floor, Hobart House, 80 Hanover Street, Edinburgh, Scotland, EH2 1EL",Less than 250,16.2,17.5,NA,NA,86
2021-2022,17156,"Canal Court, 42 Craiglockhart Avenue, Edinburgh, EH14 1LT",250 to 499,16.5,3.1,NA,NA,"86,86"
2021-2022,211,"Kilmalid, Stirling Road, Dumbarton, Scotland, G82 2SS",1000 to 4999,9.5,6.7,52.2,23.2,11
2021-2022,3264,"7 B Nightingale Way, Quartermile, Edinburgh, Scotland, EH3 9EG",250 to 499,21.8,16.7,42,46.2,62
2021-2022,3280,"Caledonia House, 2 Lawmoor Street, Glasgow, G5 0US",500 to 999,12.4,7.9,81.2,0,81
2021-2022,3281,"Caledonia House, Lawmoor Street, Glasgow, G5 0US","5000 to 19,999",14.2,2.1,50.9,0,81
2021-2022,18455,"Caledonia House, 2 Lawmoor Street, Glasgow, Strathclyde, G5 0US",500 to 999,26.3,41.1,-26.2,0,81
2021-2022,11199,"2nd Floor Saltire Court, 20 Castle Terrace, Edinburgh, United Kingdom, EH1 2EN",Less than 250,2.8,11.7,16,10.8,69
2021-2022,19605,"Fifth Floor, St Vincent Plaza, 319 St Vincent Street, Glasgow, Scotland, G2 5RZ",250 to 499,48.4,32.9,2.7,-100,86
2021-2022,3391,"149 Newlands Road, Cathcart, Glasgow, G44 4EX",250 to 499,10.9,7.6,60.2,22.7,28
2021-2022,85,"177 Bothwell Street, Glasgow, Scotland, G2 7ER","5000 to 19,999",29.7,34.9,25.3,0,64
2021-2022,3480,"70 Renton Street, Glasgow, G4 0HT",500 to 999,2.5,0,NA,NA,"87,88"
2021-2022,17923,"6 Muriel Street, Barrhead, Glasgow, G78 1QB",250 to 499,2.7,0,81.9,81.9,81
2021-2022,19105,"14 City Quay, Camperdown Street, Dundee, Scotland, DD1 3JA",500 to 999,2.5,0.7,NA,NA,86
2021-2022,16252,"C/O Frp Advisory Trading Ltd, Suite B, 4th Floor, Meridian, Union Row, Aberdeen, AB10 1SA",250 to 499,-5,0,NA,NA,82
2021-2022,3544,"C/O Brodies Llp, 110 Queen Street, Glasgow, United Kingdom, G1 3BX",250 to 499,1.5,2.8,23.4,33.2,32
2021-2022,3577,"The Doges Studios Templeton Business Centre, 62 Templeton Street, Glasgow, Scotland, G40 1DA",1000 to 4999,-0.1,-4.1,NA,NA,"87,88,88,88"
2021-2022,16944,"2 Queens Road, Aberdeen, Scotland, AB15 4ZT",500 to 999,2,0,29,0,56
2021-2022,3730,"Crieff Hydro Hotel, Ferntower Road, Crieff, Perthshire, PH7 3LQ",500 to 999,3,24.5,71.8,29.7,55
2021-2022,3748,"C/O Enable Scotland Unit 3, Melisa House,, 3 Brand Place, Glasgow, Scotland, G51 1DR",250 to 499,-1.8,0,NA,NA,88
2021-2022,3774,"16 Walker Street, Edinburgh, Scotland, EH3 7LP",250 to 499,31.4,29,57.6,67.5,"41,41,41"
2021-2022,3828,"Heathhall, Dumfries, DG1 3NX",Less than 250,3.3,2.1,71.1,50,49
2021-2022,19110,"Empire House 1/1 131 West Nile Street, Glasgow, Scotland, G1 2RX",500 to 999,-4,-2,-5,-4,82
2021-2022,3857,"10 Keppochhill Drive, M8 Food Park, Glasgow, G21 1HX",250 to 499,-5.8,-3.4,-128,0,10
2021-2022,3858,"Courier Buildings, 2 Albert Square, Dundee, Scotland, DD1 9QJ",500 to 999,26.2,17,-29,-162.9,58
2021-2022,3863,"C/O T C Young Merchants House, 7 West George Street, Glasgow, Scotland, G2 1BA",1000 to 4999,5,0,3,0,56
2021-2022,3883,"8 Belgowan Street, Bellshill North Industrial Est, Bellshill, Lanarkshire, ML4 3NS",250 to 499,1.5,1.2,38.5,-61.4,"46,46"
2021-2022,3903,"C/O Brodies Llp Capital Square, 58 Morrison Street, Edinburgh, United Kingdom, EH3 8BP",500 to 999,13.9,13.8,95.1,96.4,"25,25"
2021-2022,3934,"Caulfield House, Cradlehall Business Park, Inverness, IV2 5GH",500 to 999,0.3,0.5,NA,NA,86
2021-2022,3985,"Collins House, Rutland Square, Edinburgh, Midlothian, EH1 2AA",1000 to 4999,21.7,8,71.3,58.6,82
2021-2022,4076,"Moodiesburn, Chryston, G69 0JE",250 to 499,6.8,9.3,6.8,3.7,10
2021-2022,103,"11 Lochside Place, Edinburgh, Scotland, EH12 9HA",1000 to 4999,6.7,15,-5.2,12.9,11
2021-2022,4123,"C/O Brodies Llp, Capital Square, 58 Morrison Street, Edinburgh, Scotland, EH3 8BP",250 to 499,19.2,28.2,-44.7,50,73
2021-2022,4134,"Unit 7/8 Whitemyres Avenue, Mastrick Industrial Estate, Aberdeen, Aberdeenshire, AB16 6HQ",1000 to 4999,6.5,9.3,-165.4,-414.7,45
2021-2022,4148,"8 Milton Road, College Milton North, East Kilbride, G74 5BU",Less than 250,8.7,3.9,NA,NA,"11,46,82"
2021-2022,4175,"Melville Nurseries, Lasswade, Midlothian, Scotland, EH18 1AZ",1000 to 4999,11,0,-525,-525,82
2021-2022,20278,"North Suite Lomond Court, Castle Business Park, Stirling, Scotland, FK9 4TU",250 to 499,13,18,52,-100,86
2021-2022,4187,"Newfordpark House, Glamis Road, Forfar, Angus, DD8 1FR",250 to 499,13,10,30,0,13
2021-2022,4191,"Donaldson House Saltire Centre, Pentland Park, Glenrothes, Fife, Scotland, KY6 2AG",250 to 499,-4.9,-13.9,-73,-831,16
2021-2022,14700,"Park House, 14 Bothwell Road, Hamilton, Lanarkshire, ML3 0AY",250 to 499,17.3,16.3,36.4,-30.2,45
2021-2022,4225,"Building D2003, Dounreay, Thurso, Caithness, KW14 7TZ",1000 to 4999,10.1,9.7,14.6,10.8,"38,39,43"
2021-2022,12780,"C/O Addleshaw Goddard, 24, St. Andrew Square, Edinburgh, Scotland, EH2 1AF",500 to 999,3.5,-7.2,64.5,0,"24,28"
2021-2022,4310,"Unit 4 Kirkhill Commercial Park Dyce Avenue, Dyce, Aberdeen, Scotland, AB21 0LQ",250 to 499,18.2,26.6,41.1,-14.1,70
2021-2022,20674,"King James The Vi Business Centre, Friarton Road, Perth, Scotland, PH2 8DY",250 to 499,22.9,-9.2,NA,NA,86
2021-2022,4354,"11 First Road, Blantyre Industrial Estate, Blantyre, Glasgow, G72 0ND",250 to 499,20.2,23.1,50,12.5,41
2021-2022,18958,"1 Burnfield Avenue, Thornliebank, Glasgow, Scotland, G46 7TL",250 to 499,5.6,5.5,NA,NA,"90,91,93,93"
2021-2022,28,"8 Westerton Road, East Mains Industrial Estate, Broxburn, West Lothian, Scotland, EH52 5AU",1000 to 4999,31.1,25.1,68.8,54.2,70
2021-2022,4447,"11 First Road, Blantyre, Glasgow, Scotland, G72 0ND",250 to 499,20.2,23.1,50,12.5,41
2021-2022,389,"Edinburgh Airport, Edinburgh, EH12 9DN",250 to 499,23.3,26.7,-9,0,52
2021-2022,531,"Meadowbank Sports Centre, 139 London Road, Edinburgh, Scotland, EH7 6AE",500 to 999,-3.7,0,NA,NA,"93,93"
2021-2022,4484,"The Potterrow, 5/2 Bristo Square, Edinburgh, EH8 9AL",250 to 499,8.2,-3.6,NA,NA,85
2021-2022,4489,"100 Queen Street, Glasgow, Scotland, G1 3DN",500 to 999,9.6,9.5,57.7,-1.8,11
2021-2022,4526,"Hercules House Eskmills,, Station Road, Musselburgh, Scotland, EH21 7PQ",250 to 499,0,0,NA,NA,88
2021-2022,17480,"Haughhead, Hawick, Roxburghshire, TD9 8LF",250 to 499,14.8,0,79,38.8,"20,25"
2021-2022,4606,"Inspire House 3 Renshaw Place, Eurocentral, Lanarkshire, ML1 4UF",Less than 250,-36.3,-15.1,NA,NA,88
2021-2022,4607,"Inspire House 3 Renshaw Place, Eurocentral, Lanarkshire, ML1 4UF",1000 to 4999,-1.6,0,NA,NA,88
2021-2022,4621,"Enermech House, Howes Road, Aberdeen, Scotland, AB16 7AG",500 to 999,19.2,13.8,39.7,45.4,82
2021-2022,4640,"Musselburgh Sports Centre, Newbigging, Musselburgh, East Lothian, EH21 7AS",250 to 499,0.6,0.9,NA,NA,93
2021-2022,4654,"The Olive House Endeavour Drive, Arnhall Business Park, Westhill, Aberdeenshire, Scotland, AB32 6UF",250 to 499,11.9,14.6,22.4,80,56
2021-2022,13798,"49 Burnbrae Road, Linwood, Paisley, Renfrewshire, PA3 3BD",250 to 499,-10.1,-11,-11.6,-33.3,"38,38,38,38"
2021-2022,4706,"The Erskine Home, Erskine Veterans Village, Bishopton, Renfrewshire, Scotland, PA7 5PU",500 to 999,0.8,0,NA,NA,"86,87"
2021-2022,21279,"O'Haras Accountants Limited Radleigh House, 1 Golf Road, Clarkston, Glasgow, Scotland, G76 7HU",250 to 499,-0.4,4.2,6.5,6.8,78
2021-2022,4714,"Suite 1/14 Falkirk Business Hub, 45 Vicar Street, Falkirk, Stirlingshire, Scotland, FK1 1LL",Not Provided,2.8,0.3,10.3,62.5,56
2021-2022,4752,"10 /16, 10 Colvilles Place, East Kilbride, G75 0SN",250 to 499,-7.4,-9.5,6.2,22.7,46
2021-2022,3469,"10 Empress Court, St Andrew Street, Greenock, Inverclyde, PA15 4RW",500 to 999,24,13,NA,NA,81
2021-2022,4800,"3 Inchcorse Place, Whitehill Industrial Estate, Bathgate, Scotland, EH48 2EE",250 to 499,27,28.4,-42.5,-50,96
2021-2022,15729,"Kirkton House, Kirkton Of Cults, Pitlessie, Fife, KY15 7TE",500 to 999,1.3,0,32.4,33.3,56
2021-2022,4904,"Suite 1a The Falkirk Stadium, 4 Stadium Way, Falkirk, FK2 9EE",250 to 499,7.6,5.1,35.7,0,"90,91,91,93"
2021-2022,21153,"9th Floor Aurora Building, 120 Bothwell Street, Glasgow, United Kingdom, G2 7JS",250 to 499,12.1,10.5,18.5,7.6,62
2021-2022,4915,"7 Greens Road, Cumbernauld, Glasgow, G67 2TU",1000 to 4999,11.3,2.2,-18,12.6,52
2021-2022,4916,"7 Greens Road, Blairlinn, Cumbernauld, G67 2TU",1000 to 4999,6.5,1.6,37.9,19.3,47
2021-2022,4919,"Station Road, Duns, Berwickshire, TD11 3HS",500 to 999,0.3,3.4,-48,-25,10
2021-2022,20013,"Newark Works, Castle Road, Port Glasgow, Scotland, PA14 5NG",250 to 499,-21,-3,NA,NA,30
2021-2022,4974,"Iona House John Smith Business Park, Grantsmuir Road, Kirkcaldy, Fife, Scotland, KY2 6NA",250 to 499,-1.7,0,NA,NA,"90,91,91,91"
2021-2022,4975,"10 Dunkeld Road, Perth, Perthshire, United Kingdom, PH1 5TW",1000 to 4999,6.1,3.4,0.6,0,49
2021-2022,4976,"Music Institute, Carnegie Hall, East Port, Dunfermline, Fife, KY12 7JA",500 to 999,-3,0,NA,NA,93
2021-2022,5000,"395 King Street, Aberdeen, AB24 5RP",250 to 499,4,0.6,78.2,72.2,49
2021-2022,5012,"100 Cathcart Road, Glasgow, G42 7BH",1000 to 4999,11.1,9.8,-29,0,49
2021-2022,5013,"100 Cathcart Road, Glasgow, G42 7BH",250 to 499,-0.3,1.2,-64.5,66.7,49
2021-2022,18815,"Carmuirs House, 300 Stirling Road, Larbert, Stirlingshire, FK5 3NJ",250 to 499,2.2,0,51.1,30,49
2021-2022,5050,"Edenfields, Cupar Trading Estate, Cupar, United Kingdom, KY15 4SX",Less than 250,31.3,28.7,3.6,3.6,96
2021-2022,20304,"Scotia House, The Castle Business Park, Stirling, Scotland, FK9 4TZ",500 to 999,23,21,100,100,41
2021-2022,5152,"Forth House, Pirnhall Business Park, Stirling, FK7 8HW",1000 to 4999,39,40,88,45,41
2021-2022,5155,"1 Prince Of Wales Dock, Edinburgh, Midlothian, EH6 7DX",250 to 499,-7.7,-3.2,39.8,0,52
2021-2022,5179,"C/O Brodies Llp Capital Square, 58 Morrison Street, Edinburgh, United Kingdom, EH3 8BP",250 to 499,-11.9,-4.7,NA,NA,86
2021-2022,21175,"One Edinburgh Quay, 133 Fountainbridge, Edinburgh, Scotland, EH3 9QG",250 to 499,25,26,40.9,23.3,62
2021-2022,5269,"28 Albyn Place, Aberdeen, United Kingdom, AB10 1YL",500 to 999,23.6,22.4,71,0,71
2021-2022,17680,"16 Carsegate Road South, Inverness, IV3 8LL",250 to 499,-6.8,15.5,NA,NA,43
2021-2022,21302,"3 Fountain Drive, Inchinnan Business Park, Paisley, Renfrewshire, PA4 9RF",250 to 499,7.9,8.5,0.3,-25,21
2021-2022,5327,"Abbeymill Business Centre 12 Seedhill Road, Suite 5004, Paisley, Scotland, PA1 1JS",Not Provided,4,0,NA,NA,81
2021-2022,5380,"Citypoint 2, 25 Tyndrum Street, Glasgow, Scotland, G4 0JY",1000 to 4999,0,-4.5,22,-41,77
2021-2022,15873,"Ibrox Stadium, 150 Edmiston Drive, Glasgow, G51 2XD",Less than 250,10,0,NA,NA,80
2021-2022,5398,"Tinwald Downs Road, Heathhall, Dumfries & Galloway, Scotland, DG1 1TS",250 to 499,2.2,12.7,26.9,14.7,"15,22,70"
2021-2022,660,"Monument Crescent, Shawfarm Industrial Estate, Prestwick, KA9 2RX",500 to 999,-4.2,-1.9,-2,12.5,52
2021-2022,5452,"43 Inchmuir Road, Bathgate, Scotland, EH48 2EP",250 to 499,-1.2,0,42.9,-16.7,10
2021-2022,14168,"Commonwealth House, 38 Albion Street, Glasgow, Scotland, G1 1LH",1000 to 4999,-9.6,-4.8,NA,NA,91
2021-2022,5524,"Glasgow Prestwick Airport, Aviation House, Prestwick, Ayrshire, KA9 2PL",250 to 499,-0.6,12.7,NA,NA,"51,51,51"
2021-2022,5548,"Gleneagles Hotel, Auchterarder, Perthshire, PH3 1NF",Less than 250,19.3,-6.5,69.1,-159.8,55
2021-2022,5558,"Port Of Nigg, Ross-Shire, Scotland, IV19 1QU",500 to 999,27.9,25.8,66.7,40,25
2021-2022,14275,"41 Commercial Street, Leith, Edinburgh, EH6 6JD",500 to 999,-6.3,6,54.1,0,47
2021-2022,5650,"Airthrey Kerse Farm, Henderson Street, Bridge Of Allan, Stirlingshire, FK9 4RW",500 to 999,2.3,5.7,54,32,70
2021-2022,5679,"South Road, South Road, Fraserburgh, Aberdeenshire, Scotland, AB43 9HU",Not Provided,18.6,15.1,63.2,0,29
2021-2022,5680,"Gray & Adams, South Road, Fraserburgh, Scotland, AB43 9HU",250 to 499,22.1,18.7,69.3,20,29
2021-2022,5755,"300 Bath Street, Floor 5, Glasgow, United Kingdom, G2 4JR",1000 to 4999,-4.1,-5.2,NA,NA,82
2021-2022,13994,"Building 1 9 Haymarket Square, Edinburgh, Scotland, EH3 8RY","20,000 or more",11.9,12.4,51.5,46.7,"49,52"
2021-2022,5812,"100 Albert Drive, Glasgow, G41 2SJ",Less than 250,2.6,23.3,48.1,80.6,43
2021-2022,17561,"C/O Quantuma Advisory Limited, 86a George Street, Edinburgh, EH2 3BU",250 to 499,0.1,0.1,0.1,0.1,86
2021-2022,22381,"Halliburton House Howe Moss Crescent, Dyce, Aberdeen, AB21 0GN",1000 to 4999,8,4,57,50,70
2021-2022,17576,"Halliburton House Howe Moss Crescent, Dyce, Aberdeen, AB21 0GN",1000 to 4999,5,4,57,50,82
2021-2022,5924,"Broadmeadows, Symington, Ayrshire, KA1 5PU",250 to 499,12.3,0,NA,NA,"87,88"
2021-2022,9987,"4th Floor, Saltire Court, 20 Castle Terrace, Edinburgh, EH1 2EN",250 to 499,32.1,40.4,52.1,48.9,70
2021-2022,12392,"Markethill Road, Turriff, Aberdeenshire, AB53 4PA",250 to 499,22.9,14.9,76,55.6,"10,81"
2021-2022,5949,"1 Robroyston Gate, Robroyston, Glasgow, Scotland, G33 1JN",500 to 999,11.1,4.4,43.5,11.2,"58,82"
2021-2022,6025,"The Mound, Edinburgh, EH1 1YZ","20,000 or more",26,27.8,33.2,18.3,64
2021-2022,17320,"Collins House, Rutland Square, Edinburgh, Midlothian, EH1 2AA",Less than 250,41.7,24,100,100,93
2021-2022,6068,"6 St. Andrew Square, Edinburgh, Scotland, EH2 2BD",1000 to 4999,5.8,-1.3,1.7,-3.4,11
2021-2022,19716,"13 Queen's Road, Aberdeen, AB15 4YL",250 to 499,23.3,17.7,NA,NA,78
2021-2022,618,"High Life Highland Highland Archive Centre, Bught Road, Inverness, Scotland, IV3 5SS",500 to 999,9.1,20.9,NA,NA,"85,85,91,93"
2021-2022,6178,"10 Dunkeld Road, Perth, Perthshire, United Kingdom, PH1 5TW",250 to 499,2.3,-0.2,26.1,0,49
2021-2022,15472,"100 Queen Street, Glasgow, Scotland, G1 3DN",Less than 250,21.2,7.8,84.3,-110.1,"11,46"
2021-2022,503,"1 Highlander Way, Inverness Business & Retail Park, Inverness, Scotland, IV2 7GE",250 to 499,6.1,0,7.9,0,82
2021-2022,6179,"Stirling Street, Blackford, Perthshire, PH4 1QA",250 to 499,-17.3,-13.1,63.1,0,11
2021-2022,6180,"Head Office, Inverness Airport, Inverness, IV2 7JB",500 to 999,17.7,16.2,NA,NA,52
2021-2022,20059,"1 Explorer Road, Dundee Technology Park, Dundee, United Kingdom, DD2 1EG",Less than 250,50.7,46.6,NA,NA,68
2021-2022,5632,"1 Explorer Road, Dundee, Tayside, DD2 1EG",500 to 999,2.1,-0.2,-2.2,0,"87,88"
2021-2022,20058,"1 Explorer Road, Dundee, Tayside, DD2 1EG",Less than 250,5.9,3.1,36.4,26.2,96
2021-2022,21425,"C/O Dla Piper, Collins House, Rutland Square, Edinburgh, United Kingdom, EH1 2AA",1000 to 4999,-0.8,0,NA,NA,"87,87"
2021-2022,6347,"Fountain House 2nd Floor, 1-3 Woodside Crescent, Glasgow, G3 7UL",250 to 499,-8.7,2.5,14.6,-184.4,24
2021-2022,6429,"Gateway Business Park, Moss Road, Aberdeen, AB12 3GQ",250 to 499,14.5,4.9,NA,NA,32
2021-2022,20716,"Terra Nova, 3 Explorer Road, Dundee, Angus, DD2 1EG",250 to 499,28.9,33,0.7,10.7,70
2021-2022,6647,"Unit 2000 Academy Park Gower Street, Glasgow, Scotland, G51 1PR",250 to 499,1.9,-8.6,-140.2,0,"87,88"
2021-2022,6686,"5 South Charlotte Street, Edinburgh, Scotland, EH2 4AN",500 to 999,-14.2,-8.2,-41,-92.3,"63,70,82,82"
2021-2022,16317,"Kinnaird Head Works, Bath Street, Fraserburgh, United Kingdom, AB43 9DY",250 to 499,24.5,5.9,NA,NA,10
2021-2022,16960,"Waterfront Leisure Complex, Customhouse Way, Greenock, Inverclyde, PA15 1EW",Less than 250,2.4,-0.1,NA,NA,"93,93,93"
2021-2022,20488,"6 Atlantic Quay, 55 Robertson Street, Glasgow, Scotland, G2 8JD",250 to 499,15,7,81,75,63
2021-2022,6775,"Level 5, 9 Haymarket Square, Edinburgh, Scotland, EH3 8RY",250 to 499,30,32,69,-50,"43,43,43,43"
2021-2022,19927,"13 Queen's Road, Aberdeen, AB15 4YL",250 to 499,16.1,20.1,19.8,-25,61
2021-2022,6886,"Vermont House, 149 Vermont Street, Kinning Park, Glasgow, G41 1LU",1000 to 4999,14,2,100,100,"46,47"
2021-2022,6908,"Wizu Workspace, 2 West Regent Street, Glasgow, G2 1RW",250 to 499,34.3,29.7,45.6,45.6,62
2021-2022,6909,"83 New Street, Stevenston, KA20 3HD",250 to 499,31,35,30,56,"33,43,43"
2021-2022,6914,"Newmill, Elgin, IV30 4AF",500 to 999,23.1,13.6,99.4,99.8,"13,14,46,47"
2021-2022,18558,"Broomage Avenue, Larbert, United Kingdom, FK5 4NQ",250 to 499,-9,0,-11,-110,16
2021-2022,6915,"Broomage Avenue, Larbert, FK5 4NQ",250 to 499,-1,-1,59,53,"16,16"
2021-2022,6935,"Rsm Restructuring Advisory Llp Third Floor, 2 Semple Street, Edinburgh, EH3 8BL",250 to 499,12.9,1.8,NA,NA,49
2021-2022,6951,"Forvis Mazars Capital Square, 58 Morrison Street, Edinburgh, United Kingdom, EH3 8BP",250 to 499,14.7,9.5,49.8,42.8,"70,82"
2021-2022,21088,"The Ca'D'Oro, 45 Gordon Street, Glasgow, Scotland, G1 3PE",250 to 499,3.5,0,78.6,20,47
2021-2022,14118,"Jfd Westhill Industrial Estate, Enterprise Drive, Westhill, Aberdeen, AB32 6TQ",250 to 499,30.4,34.8,28.9,48.5,32
2021-2022,6992,"Alliance Centre Greenwell Road, East Tullos Industrial Estate, Aberdeen, AB12 3AX",Less than 250,35.6,10.7,63,9.4,"45,45,45,45"
2021-2022,17183,"Registered Office, Kintore, Inverurie, Aberdeenshire, Scotland, AB51 0YQ",Less than 250,-1.7,-5.2,10.1,-4.7,46
2021-2022,6998,"Deanside Road, Hillington, Glasgow, G52 4XB",500 to 999,7.5,8.2,NA,NA,"49,49,52,52"
2021-2022,7022,"Baird House, 4, Lower Gilmore Bank, Edinburgh, Scotland, EH3 9QP",1000 to 4999,10,10.7,17.2,30.2,32
2021-2022,7033,"Bishop's Court, 29 Albyn Place, Aberdeen, Scotland, AB10 1YL",500 to 999,20,24.3,13,0,82
2021-2022,17585,"Block 5 Dunsinane Avenue, Dunsinane Industrial Estate, Dundee, Scotland, DD2 3QN",Less than 250,4.9,-26.3,82.2,-5.1,"31,31"
2021-2022,21113,"45 Sinclair Rd, Aberdeen, Uk, United Kingdom, AB11 9BG",250 to 499,16.3,5.2,100,100,"10,10"
2021-2022,7118,"13 Queens Road, Aberdeen, AB15 4YL",Not Provided,13,9,-15,20,10
2021-2022,7136,"H&P Bankhead Drive, City South Office Park, Portlethen, Aberdeen, Scotland, AB12 4XX",250 to 499,32.2,39,36.3,21.9,82
2021-2022,147,"Kepak Group Limited Cookston Road, Portlethen, Aberdeen, Scotland, AB12 4QB",1000 to 4999,11.4,14.7,NA,NA,10
2021-2022,7218,"Balmalcolm Farm, Cupar, Fife, KY15 7TJ",500 to 999,4.7,8.4,NA,NA,10
2021-2022,7228,"50 Mauchline Street, Glasgow, United Kingdom, G5 8HQ",500 to 999,-3.5,-12.5,37.3,0,46
2021-2022,16624,"133 Finnieston Street, Floor 7, Glasgow, Scotland, G3 8HB",500 to 999,3.8,0,NA,NA,"85,87"
2021-2022,7277,"C/O Restructuring, S&W Partners Llp, Q Court, 3 Quality Street, Edinburgh, EH4 5BP",500 to 999,4,0,NA,NA,87
2021-2022,17109,"Saltire Centre, Pentland Court, Glenrothes, Fife, KY6 2DA",250 to 499,-5.1,2.6,NA,NA,"87,88,88"
2021-2022,7329,"Caledonian Exchange, 19a Canning Street, Edinburgh, Scotland, EH3 8HE",250 to 499,-4.9,5,9.7,0,25
2021-2022,14805,"Unit 3, Kpp Chartered Accountants Morris Park, 37 Rosyth Road, Glasgow, Scotland, G5 0YE",1000 to 4999,19,9,NA,NA,82
2021-2022,7560,"Skypark 1 8 Elliot Place, Glasgow, Scotland, G3 8EP",1000 to 4999,15.2,18.2,15.6,-7.8,62
2021-2022,7566,"Rigifa, Cove, Aberdeen, AB12 3LR",250 to 499,-1,3,NA,NA,"81,42,42"
2021-2022,7586,"169 West George Street, Glasgow, G2 2LB",500 to 999,1,0,11,4,56
2021-2022,7628,"3 Fountain Drive, Inchinnan Business Park, Paisley, PA4 9RF",1000 to 4999,9.3,7.1,23.3,-2,32
2021-2022,7632,"Beechwood Park North, Inverness, IV2 3ED",500 to 999,5.4,6.8,3.7,6.5,86
2021-2022,7645,"73 Bothwell Road, Hamilton, ML3 0DW",1000 to 4999,4.2,0,NA,NA,10
2021-2022,7710,"Dewars Centre, Glover Street, Perth, Scotland, PH2 0TH",250 to 499,3.6,5.3,NA,NA,93
2021-2022,17326,"Live Borders Council Headquarters, Newtown St Boswells, Melrose, Scotland, TD6 0SA",250 to 499,2.1,-0.1,NA,NA,"91,91,91,93"
2021-2022,7728,"The Mound, Edinburgh, EH1 1YZ","20,000 or more",29.9,34.2,41,22.7,64
2021-2022,7753,"Lightyear Building 9 Marchburn Drive, Glasgow Airport, Paisley, Renfrewshire, Scotland, PA3 2SJ",500 to 999,14.9,26.2,43.3,50,"51,51,51"
2021-2022,7766,"520 Hillington Road, Braehead, Glasgow, United Kingdom, G52 4UB",250 to 499,32.5,17.2,46.9,40.8,"45,45,45,45"
2021-2022,20554,"520 Hillington Road, Braehead, Glasgow, G52 4UB",Less than 250,-17.7,-8.8,-7.8,44.1,45
2021-2022,7858,"55 Annandale Street, Edinburgh, Midlothian, EH7 4AZ",1000 to 4999,3,4,15,-72,49
2021-2022,7963,"Whiteside House, Whiteside Industrial Estate, Bathgate, West Lothian, United Kingdom, EH48 2RX",1000 to 4999,17,0,78,86,55
2021-2022,7965,"Whiteside House, Whiteside Industrial Estate, Bathgate, West Lothian, United Kingdom, EH48 2RX",Less than 250,20,0,100,100,55
2021-2022,7966,"Brodies House, 31-33 Union Grove, Aberdeen, United Kingdom, AB10 6SD",250 to 499,18.4,8.6,64.7,70.1,10
2021-2022,7971,"Wheatfield Road, Edinburgh, EH11 2QA",250 to 499,16.1,16.1,4,-6.7,21
2021-2022,14389,"15-17 Henderson Road, Inverness, IV1 1SN",250 to 499,9,-9,26,0,"46,46,46,77"
2021-2022,7991,". Hunter Avenue, Loanhead, Scotland, EH20 9SL",250 to 499,23,24,79,25,"28,28,28,28"
2021-2022,8068,"The Office Bowfield Road, Howwood, Johnstone, Renfrewshire, PA9 1DZ",250 to 499,5.9,0.9,NA,NA,55
2021-2022,8195,"Elliott House, Kilwinning Road, Irvine, KA12 8TG",250 to 499,14,18,5,0,49
2021-2022,8220,"Kelvin Avenue, Hillington, Glasgow, G52 4LF",500 to 999,20.3,16.6,NA,NA,22
2021-2022,8232,"C/O Harper Macleod Llp The Ca'D'Oro, 45 Gordon Street, Glasgow, Scotland, G1 3PE",250 to 499,4.9,11,37.8,4.5,"45,45,45,45"
2021-2022,8234,"Exchange Tower 3rd Floor, 19 Canning Street, Edinburgh, Scotland, EH3 8EG",1000 to 4999,2.7,3.4,-13.6,28.1,82
2021-2022,8241,"10 Keppochhill Drive, Glasgow, G21 1HX",Not Provided,-5.8,-3.4,-128,0,70
2021-2022,8243,"99 Earnhill Road, Larkfield Industrial Estate, Greenock, Renfrewshir, PA16 0EQ",500 to 999,23.9,-4.7,NA,NA,49
2021-2022,8254,"Heathfield House Phoenix Crescent, Strathclyde Business Park, Bellshill, North Lanarkshire, Scotland, ML4 3NJ",250 to 499,30,42,31.2,51.1,41
2021-2022,8262,"Third Floor, The Capitol, 431 Union Street, Aberdeen, United Kingdom, AB11 6DA",250 to 499,-9,-0.7,-4.5,-11.1,49
2021-2022,8269,"Lydiafield, Standalane, Annan, Scotland, DG12 5JR",250 to 499,0,1.5,NA,NA,"86,86"
2021-2022,20305,"Dumyat Technology Centre, Alva Industrial Estate, Alva, Scotland, FK12 5DW",250 to 499,-6.9,0,NA,NA,86
2021-2022,15681,"Verdant 2 Redheughs Rigg, South Gyle, Edinburgh, Scotland, EH12 9DQ",250 to 499,-4.4,-3.5,21.8,40,53
2021-2022,8442,"Carmuirs House, 300 Stirling Road, Larbert, Stirlingshire, FK5 3NJ",250 to 499,9.7,0.7,19.6,-209.9,49
2021-2022,8475,"Miller House, 2 Lochside View, Edinburgh Park, Edinburgh, EH12 9DH",1000 to 4999,7.1,-2.9,18,-12.7,41
2021-2022,8546,"Mitsubishi Electric Air Conditioning, Nettlehill Road, Houstoun Industrial Estate, Livingston, EH54 5EQ",1000 to 4999,6.3,3.4,15.1,9.2,"27,28"
2021-2022,8645,"Apleona House, Crosshill Street, Motherwell, Scotland, ML1 1RU",250 to 499,24.1,30.8,90.2,87.4,"43,43,43,43"
2021-2022,17383,"C/O Brodies Llp Capital Square, 58 Morrison Street, Edinburgh, United Kingdom, EH3 8BP",500 to 999,1.2,-3.4,6.1,0,10
2021-2022,8092,"1st Floor Admiralty Park, Admiralty Road, Rosyth, Fife, KY11 2YW",500 to 999,-0.7,4.1,15.2,13.3,32
2021-2022,21171,"C/O T C Young Merchants House, 7 West George Street, Glasgow, Scotland, G2 1BA",250 to 499,-8,0,64,67,56
2021-2022,8711,"Polbeth Industrial Estate, West Calder, EH55 8TJ",250 to 499,37,4,-51,-252,"37,41,42,42"
2021-2022,8729,"Sir Ian Wood House Hareness Road, Altens Industrial Estate, Aberdeen, Scotland, AB12 3LE",Less than 250,25.8,26.9,100,100,"71,71"
2021-2022,17761,"13 Winchester Avenue, Denny, Scotland, FK6 6QE",250 to 499,16,0,19,8,38
2021-2022,20616,"C/O Alvarez & Marsal Europe Llp, Sutherland House, 149 St. Vincent Street, Glasgow, G2 5NW",250 to 499,-3.6,1.2,13.9,5.3,46
2021-2022,19307,"36 St Andrew Square, Edinburgh, EH2 2YB",500 to 999,38.3,28.4,59.1,50,66
2021-2022,18319,"Level 2.1 Wellington Place, 107 West Regent Street, Glasgow, Scotland, G2 2BA",500 to 999,20.3,26.8,27.8,27.3,61
2021-2022,9062,"Portal And Townhouse, 66 High Street, Irvine, United Kingdom, KA12 0AZ",250 to 499,-4.4,0,NA,NA,"93,93,93,96"
2021-2022,9119,"Lindsayfield Lodge, Rosaburn Avenue, East Kilbride, Glasgow,, G75 9DE",500 to 999,44.4,16.6,8.9,0,87
2021-2022,9146,"Maxim 3 2nd Floor, Suite 2b 2 Parklands Avenue, Eurocentral, Holytown, Motherwell, Scotland, ML1 4WQ",250 to 499,14,18,74,52,"45,45"
2021-2022,19729,"Redwood House 5 Redwood Crescent, Peel Park, East Kilbride, Scotland, G74 5PP",500 to 999,13.3,0,63.2,25,93
2021-2022,9259,"Head Office, 40 Lambhill Street, Kining Park, Glasgow, G41 1AU",250 to 499,-5.1,0,NA,NA,87
2021-2022,19038,"Lower Ground Floor Prime View, Prime Four Business Park, Kingswells, Aberdeen, Scotland, AB15 8PU",250 to 499,16,15.9,-51.5,0,82
2021-2022,5330,"Hamilton House, 70 Hamilton Drive, Glasgow, United Kingdom, G12 8DR",250 to 499,-10,-3,28,9,47
2021-2022,9382,"Minerva House, Bruntland Road, Portlethen, Aberdeen, Aberdeenshire, AB12 4QL",250 to 499,2.3,0,46.3,23.3,82
2021-2022,9389,"200 St. Vincent Street, Glasgow, Scotland, G2 5SG",500 to 999,41.8,26.7,84.1,62.6,86
2021-2022,17316,"Mill Dene Beanburn, Ayton, Eyemouth, Scotland, TD14 5QY",250 to 499,8.8,7.5,81,-4.5,78
2021-2022,9405,"Springfield, Linlithgow, Midlothian, EH49 7LR",1000 to 4999,15.3,14.4,48,32.9,"62,62,62,63"
2021-2022,9430,"Orion House, Castleheather, Inverness, IV2 6AA",500 to 999,43,50,71,74,78
2021-2022,470,"Cadworks, 41 West Campbell Street, Glasgow, Scotland, G2 6SE",1000 to 4999,-1.8,4.1,10.8,14.3,82
2021-2022,9513,"59 Charles Street, Glasgow, Scotland, G21 2PR",250 to 499,9.5,2,NA,NA,86
2021-2022,9520,"Studio 3002 Mile End Mill, 12 Seedhill Road, Paisley, Scotland, PA1 1JS",500 to 999,1.3,2.3,-66.5,0.9,78
2021-2022,9530,"Paterson Building, Gartsherrie Road, Coatbridge, Lanarkshire, ML5 2EU",250 to 499,-2,0.9,29.8,4.4,81
2021-2022,9595,"Park House, 14 Bothwell Road, Hamilton, Lanarkshire, ML3 0AY",500 to 999,19.7,17.5,24.4,37.4,"45,45,45,45"
2021-2022,9592,"Rosehall, The Square, Grantown-On-Spey, Scotland, PH26 3HG",250 to 499,33,0,NA,NA,87
2021-2022,9593,"Park House, 14 Bothwell Road, Hamilton, Lanarkshire, ML3 0AY",250 to 499,-4.2,-8,96.3,-73.1,49
2021-2022,9607,"West Kirk, 84a Portland Street, Kilmarnock, Ayrshire, KA3 1AA",250 to 499,-5,0,NA,NA,88
2021-2022,19331,"1 Blair Court North Avenue, Clydebank Business Park, Clydebank, Glasgow, G81 2LA",250 to 499,18,1,24,-109,82
2021-2022,21399,"11 Fountain Crescent, Inchinnan Business Park, Inchinnan, Renfrew, PA4 9RE",250 to 499,3.8,10,-14.5,0,27
2021-2022,9721,"Orchard Brae House, 30 Queensferry Road, Edinburgh, Scotland, EH4 2HS",250 to 499,0.9,-0.2,7,0,"86,87,88,94"
2021-2022,16193,"Thistle House, 21/23 Thistle Street, Edinburgh, EH2 1DF",1000 to 4999,-12.8,0.3,-518.2,0,78
2021-2022,9772,"Clyde Offices 2nd Floor, 48 West George Street, Glasgow, Scotland, G2 1BP",1000 to 4999,14,16.1,46.8,22.5,"45,45"
2021-2022,9780,"Thorntons Solicitors Whitehall House, 33 Yeaman Shore, Dundee, Scotland, DD1 4BJ","5000 to 19,999",49.7,30.2,90.7,62.1,86
2021-2022,16377,"Bridge View, 1 North Esplanade West, Aberdeen, AB11 5QF",1000 to 4999,32.2,37.4,36.2,67.4,91
2021-2022,9786,"Bo'Ness Road, Grangemouth, Stirlingshire, FK3 9XH",500 to 999,23,32,-18,15,19
2021-2022,21181,"17 Stenhouse Grove, Edinburgh, Scotland, EH11 3ED","5000 to 19,999",29.8,28.8,57.7,33.7,NA
2021-2022,14376,"R A Clement Associates, 5 Argyll Square, Oban, Argyll, Scotland, PA34 4AZ",Less than 250,17.5,24.1,NA,NA,"23,23,70"
2021-2022,9884,"Pinnacle Hill, Kelso, Roxburghshire, TD5 8XX",500 to 999,32,20,78,92,27
2021-2022,21187,"Brodies House, 31-33 Union Grove, Aberdeen, United Kingdom, AB10 6SD",250 to 499,32,35.9,-17.6,-67.5,71
2021-2022,4555,"Rolland House Unit 10 Newbridge Industrial Estate, Cliftonhall Road, Newbridge, Scotland, EH28 8PJ",250 to 499,-1.4,-5.2,-7.2,28.2,"78,86"
2021-2022,10009,"Building 620, Orangefield, Prestwick Airport, Ayrshire, KA9 2PQ",250 to 499,11.6,15.1,NA,NA,52
2021-2022,10100,"Blackwood House, Union Grove Lane, Aberdeen, AB10 6XU",250 to 499,26.5,17.1,48.2,50.2,"28,71,77"
2021-2022,10111,"5 Central Way, Kildean Business Park, Stirling, United Kingdom, FK8 1FT",1000 to 4999,26.7,26.5,53.2,52.5,64
2021-2022,10117,"5 Central Way, Kildean Business Park, Stirling, United Kingdom, FK8 1FT",500 to 999,22.2,14.9,50.8,30,66
2021-2022,10167,"Rench Farm, Drumclog, Strathaven, South Lanarkshire, ML10 6QJ",250 to 499,30.6,30.6,73.9,0,"42,64,82"
2021-2022,10180,"Quarriers Head Office, 20 St. Kenneth Drive, Glasgow, Scotland, G51 4QD",1000 to 4999,2.2,0,NA,NA,"87,87,88,88"
2021-2022,10218,"2411 London Road, Glasgow, G32 8XT",250 to 499,12,-4,37,-351,"42,42,42,42"
2021-2022,10230,"27 Barony Road, Auchinleck, Ayrshire, KA18 2LL",500 to 999,-7.7,-3.7,NA,NA,55
2021-2022,19093,"Heritage House Ladykirk Business Park, 11 Skye Road, Prestwick, Scotland, KA9 2TA",250 to 499,0.3,0,NA,NA,"86,88"
2021-2022,10260,"6 Redheughs Rigg, South Gyle, Edinburgh, Scotland, EH12 9DQ",500 to 999,2.1,0,41.4,-14.9,87
2021-2022,19083,"9 Watt Place, Hamilton Intnl Technology Park, Blantyre, Glasgow, G72 0AH",Less than 250,11.8,15.1,40,10,43
2021-2022,14430,"Archibald Hope House, Station Road, Musselburgh, Scotland, EH21 7PQ",500 to 999,-4.6,0,3.8,-18.6,87
2021-2022,10403,"The Lagoon Centre, Christie Street, Paisley, PA1 1NB",250 to 499,-2.6,-8.8,NA,NA,"90,91,93"
2021-2022,10421,"8 Nelson Mandela Place, Glasgow, Scotland, G2 1BT",1000 to 4999,4.5,0.6,-2.3,-2.5,82
2021-2022,15725,"Cargill Centre Business Park, Aberdeen Road, Laurencekirk, Aberdeenshire, AB30 1EY",250 to 499,-1.1,1.8,-153.7,0,78
2021-2022,15286,"Clyde View, 22 Pottery Street, Greenock, Inverclyde, Scotland, PA15 2UZ",Less than 250,5.2,-0.6,NA,NA,68
2021-2022,10544,"C/O Bosch Rexroth, Viewfield Industrial Estate, Glenrothes, KY6 2RD",250 to 499,26.6,26.1,74.1,25.9,27
2021-2022,203,"Schoolhill, Aberdeen, AB10 1FE",250 to 499,6.2,0.8,NA,NA,NA
2021-2022,10558,"10 Perimeter Road, Pinefield Inustrial Estate, Elgin, Moray,, IV30 6AE",1000 to 4999,22.7,16.3,46.2,58,81
2021-2022,10592,"1 Dow Avenue, Prestwick International, Aerospace Park, South Ayrshire, KA9 2SA",250 to 499,-3.1,-16.3,15.6,0,30
2021-2022,16945,"Muir Of Ord Industrial Estate, Muir Of Ord, Ross-Shire, IV6 7UA",500 to 999,28,25,70,34,"25,28,33,43"
2021-2022,10617,"BABCOCK INTERNATIONAL, Rosyth Business Park, Rosyth, Dunfermline, Fife, KY11 2YD",1000 to 4999,2.1,2.4,10.3,0,30
2021-2022,310,"65 Sussex Street, Glasgow, Scotland, G41 1DX",250 to 499,13.9,17.7,-45.1,-34.7,"39,42,71,74"
2021-2022,10726,"Rwg (Repair & Overhauls) Limited Kirkhill Drive, Kirkhill Industrial Estate, Dyce, Aberdeen, Scotland, AB21 0EU",250 to 499,5.9,5.2,3.9,-48.3,28
2021-2022,10770,"Orwell Bakery Loanhead Avenue, Lochore, Fife, KY5 8DD",500 to 999,21.6,9.5,64.8,22.7,"11,14,10,47"
2021-2022,10753,"1 Wellheads Avenue, Dyce, Aberdeen, AB21 7PB",250 to 499,-2.8,-14,-73.7,0.9,"46,52"
2021-2022,10776,"112 Commercial Street, Edinburgh, Scotland, EH6 6NF",Less than 250,1,-18,-17,-100,"87,88"
2021-2022,10838,"Carnbroe House Finch Way, Strathclyde Business Park, Bellshill, Scotland, ML4 3PE",250 to 499,28.6,35,55.9,63.3,43
2021-2022,10909,"1 Neilson  Square, Deans Industrial Estate, Livingston, EH54 8RQ",1000 to 4999,5,7,-8,-8,47
2021-2022,10920,"Glenugie Engineering Works, Peterhead, AB42 0YX",500 to 999,39.9,40.9,31.4,-0.1,96
2021-2022,19103,"400 Townmill Road, Glasgow, G31 3AR",250 to 499,27,21.8,69.5,60,"46,46"
2021-2022,15944,"Townmill Road, Glasgow, G31 3AR",250 to 499,27,21.8,69.5,60,46
2021-2022,10925,"The Abattoir, Dornock, Annan, Dumfries & Galloway, Scotland, DG12 6SU",1000 to 4999,8.6,10.2,NA,NA,10
2021-2022,10930,"Axis House 5 Lonehead Drive, Newbridge, Edinburgh, Scotland, EH28 8TG",250 to 499,7.8,11.2,-300.2,-2.4,35
2021-2022,5329,"Hamilton House, 70 Hamilton Drive, Glasgow, G12 8DR",1000 to 4999,10,3,28,9,56
2021-2022,5328,"Hamilton House, 70 Hamilton Drive, Glasgow, G12 8DR",1000 to 4999,10,3,28,9,64
2021-2022,10937,"Unit 7, Halbeath Interchange Business Park Kingseat Road, Halbeath, Dunfermline, Fife, KY11 8RY",500 to 999,-25.6,-32.4,-15.7,0,16
2021-2022,19250,"Inveralmond House, 200 Dunkeld Road, Perth, PH1 3AQ",500 to 999,14.7,19.7,85.1,58,35
2021-2022,10938,"Brunswick House, 51 Wilson Street, Glasgow, G1 1UZ",500 to 999,-1.4,-0.5,NA,NA,"87,87,88"
2021-2022,17348,"Bradbury Hub, 100 Smithfield Loan, Alloa, Clackmannanshire, Scotland, FK10 1NP",500 to 999,-3.5,0,27.6,25,"85,87,88"
2021-2022,476,"Inveralmond House, 200 Dunkeld Road, Perth, PH1 3AQ",1000 to 4999,8.3,14.4,62.9,27.6,35
2021-2022,477,"Inveralmond House, 200 Dunkeld Road, Perth, PH1 3AQ",500 to 999,22.5,24.4,57.4,4.5,35
2021-2022,2367,"Baltic Works, Kilbarchan Road, Bridge Of Weir, Renfrewshire, PA11 3RH",500 to 999,15.5,3.2,NA,NA,15
2021-2022,15342,"39 Elmbank Crescent, Glasgow, G2 4PT",Less than 250,-3.1,-6.3,NA,NA,90
2021-2022,412,"320 St. Vincent Street, Glasgow, Scotland, G2 5AD",500 to 999,21.6,20.7,56.1,31.3,70
2021-2022,10944,"Murrayfield, Edinburgh, EH12 5PJ",250 to 499,46,31,49,-10,"93,93"
2021-2022,10946,"Kingseat Road, Halbeath, Dunfermline, Fife, KY11 8RY",250 to 499,3.2,1.7,NA,NA,94
2021-2022,10947,"1-3 Lochside Crescent, Edinburgh, United Kingdom, EH12 9SE",250 to 499,5.1,6.2,-0.9,6.6,"36,46,82"
2021-2022,10949,"The Mound, Edinburgh, United Kingdom, EH1 1YZ",1000 to 4999,16.3,14.1,26.1,14.8,66
2021-2022,10951,"320 St. Vincent Street, Glasgow, Scotland, G2 5AD",1000 to 4999,18,15.6,48.1,40.5,"35,35"
2021-2022,19133,"14 City Quay, Camperdown Street, Dundee, Scotland, DD1 3JA",250 to 499,0.5,0.2,NA,NA,86
2021-2022,10975,"Turnberry House, 6th Floor, 175 West George Street, Glasgow, Scotland, G2 2LB",1000 to 4999,-5.1,-1.5,-135.7,-22.4,"78,78"
2021-2022,10986,"300 Bath Street, Floor 5, Glasgow, United Kingdom, G2 4JR",1000 to 4999,-4.1,-5.2,NA,NA,80
2021-2022,21189,"37 Abercrombie Court Prospect Road, Arnhall Business Park, Westhill, Scotland, AB32 6FE",250 to 499,16.4,19.7,16.6,58.2,27
2021-2022,82,"43 Middlesex Street, Glasgow, G41 1EE",500 to 999,0.3,0,NA,NA,"87,88,88"
2021-2022,11074,"Muir Of Ord Industrial Estate, Great North Road, Muir Of Ord, Ross-Shire, IV6 7UA",250 to 499,18.3,3,18.9,36,"20,20"
2021-2022,11120,"C/O Johnston Carmichael, 227 West George Street, Glasgow, G2 2ND",250 to 499,23.1,25.4,32.8,14.4,82
2021-2022,253,"Shin-Etsu Handotai Europe Ltd Wilson Road, Toll Roundabout, Eliburn, Livingston, West Lothian, Scotland, EH54 7DA",250 to 499,14.5,11.6,18.4,0,26
2021-2022,20779,"Edinburgh Airport, Turnhouse Road, Edinburgh, Scotland, EH12 9DN",Less than 250,15.9,9.4,99.7,99.1,82
2021-2022,16183,"Blenheim House, Fountainhall Road, Aberdeen, AB15 4DT",250 to 499,-13.3,0,-440.7,-233.3,55
2021-2022,11245,"165 Howard Street, Glasgow, G1 4HF",500 to 999,29.1,9.9,NA,NA,47
2021-2022,11246,"Turnberry Hotel, Ayrshire, KA26 9LT",250 to 499,-16.9,0,NA,NA,"55,93,96,96"
2021-2022,11306,"Neo Space, Riverside Drive, Aberdeen, Scotland, AB11 7LH",1000 to 4999,13.9,19.6,30.1,54.2,56
2021-2022,11380,"Council Offices, Almada Street, Hamilton, Scotland, ML3 0EW",1000 to 4999,5.8,0,NA,NA,"90,91,91,93"
2021-2022,18600,"320 St. Vincent Street, Glasgow, Scotland, G2   5AD",500 to 999,6.6,10.5,-36.9,0,35
2021-2022,11434,"320 St. Vincent Street, Glasgow, Scotland, G2   5AD",1000 to 4999,17.6,20.7,66.6,0,96
2021-2022,18599,"320 St. Vincent Street, Glasgow, Scotland, G2   5AD",250 to 499,16.3,13.4,74.9,0,35
2021-2022,17296,"Trojan House Pegasus Avenue, Phoenix Business Park, Paisley, PA1 2BH",250 to 499,-0.8,14,0,0,87
2021-2022,11449,"Alliance Centre Greenwell Road, East Tullos Industrial Estate, Aberdeen, AB12 3AX",250 to 499,19,15,50,31,"45,45,45,45"
2021-2022,297,"1 Marchfield Drive, Westpoint Business Park, Paisley, Renfrewshire, Scotland, PA3 2RB",250 to 499,2.7,3.4,-74.7,-74.7,81
2021-2022,19152,"7 Kirkshaws Road, Coatbridge, ML5 5EY",250 to 499,24,22.8,24.5,13,43
2021-2022,11490,"28 Albyn Place, Aberdeen, United Kingdom, AB10 1YL",500 to 999,-3.7,0,NA,NA,82
2021-2022,11499,"Stuart House Eskmills, Station Road, Musselburgh, East Lothian, Scotland, EH21 7PB",1000 to 4999,2.8,0.1,NA,NA,81
2021-2022,11506,"Alexander Fleming House, 8 Southfield Drive, Elgin, Morayshire, IV30 6GR",500 to 999,0.5,2.6,-116.1,-288.3,"41,41"
2021-2022,11525,"Peter Wilson Building, King's Buildings, West Mains Road, Edinburgh, EH9 3JG",1000 to 4999,16.3,20.2,NA,NA,"72,75,85"
2021-2022,393,"Inveralmond House, 200 Dunkeld Road, Perth, Perthshire, PH1 3AQ","5000 to 19,999",16.5,18.3,45,14.5,70
2021-2022,18318,"Inveralmond House, 200 Dunkeld Road, Perth, PH1 3AQ",500 to 999,13.4,17.7,27.1,9.5,64
2021-2022,16683,"Sycamore House, 72 Carnethie Street, Rosewell, Midlothian, EH24 9AW",Less than 250,10.3,10,NA,NA,"87,88"
2021-2022,16096,"St Andrews Bay Golf Resort & Spa, St. Andrews, Fife, KY16 8PN",Not Provided,28.2,50.2,4.3,34.9,55
2021-2022,19458,"Standard Life House, 30 Lothian Road, Edinburgh, United Kingdom, EH1 2DH",1000 to 4999,18.4,25.8,34.8,33.6,82
2021-2022,11665,"Block 3, Units 1,2,3 & 4, Thornliebank Industrial Estate, Glasgow, G46 8JW",250 to 499,39.4,45.7,36.1,42.8,28
2021-2022,11705,"76 Moss Road, Tillicoultry, Scotland, FK13 6NS",500 to 999,9.7,6,-7.4,13.2,47
2021-2022,11713,"C/O Teneo Financial Advisory Limited, 66 Hanover Street, Edinburgh, EH2 1EL",500 to 999,18.6,14.3,44.5,46.9,"41,70"
2021-2022,19482,"3rd Floor, Sterling House 20 Renfield Street, Glasgow, G2 5AP",250 to 499,-8.1,7.4,40.3,45.7,79
2021-2022,11715,"Tofthill, Glencarse, Perth, PH2 7LS",250 to 499,13,0,21.1,-28.9,"11,11"
2021-2022,11744,"Altrad Howe Moss Crescent, Dyce, Aberdeen, Scotland, AB21 0GN",1000 to 4999,30.8,32.4,40.9,54.3,91
2021-2022,21333,"Norfolk House Pitmedden Road, Dyce, Aberdeen, AB21 0DP",1000 to 4999,30.8,32.4,40.9,54.3,70
2021-2022,14967,"Randolph Hill, Fankerton, Denny, FK6 5HJ",250 to 499,10.9,0,NA,NA,86
2021-2022,16191,"Pacific Quay, Glasgow, G51 1PQ",250 to 499,15.3,8.3,65.9,80,64
2021-2022,11780,"East Campus Prospect Road, Arnhall Business Park, Westhill, Aberdeenshire, AB32 6FE",1000 to 4999,29.9,35.2,49.6,84.1,82
2021-2022,11827,"96 Kirk Road, Wishaw, Scotland, ML2 7BL",250 to 499,-7,0,NA,NA,88
2021-2022,11908,"Nether Road, Galashiels, Selkirkshire, TD1 3HE",500 to 999,8.1,0.8,31.4,13.3,82
2021-2022,12040,"44/48 East Dock Street, Dundee, DD1 3JS",250 to 499,-3.4,0,NA,NA,49
2021-2022,12086,"1 Central Park Avenue,, Central Business Park, Larbert, Falkirk, FK5 4RX","5000 to 19,999",9.4,4.6,24.8,17.9,61
2021-2022,12123,"Wellpark Brewery, 161 Duke Street, Glasgow, G31 1JD",250 to 499,13.1,16.6,-62.8,-85.5,46
2021-2022,12139,"2 South Gyle Crescent, Edinburgh, United Kingdom, EH12 9FQ",1000 to 4999,20.3,12.4,50.2,17.4,64
2021-2022,12180,"The Prentice Centre, 1 Granton Mains Avenue, Edinburgh, Scotland, EH4 4GA",500 to 999,-5,0,0,0,"87,88"
2021-2022,12188,"Maxim 3, 2nd Floor, Suite 2b 2 Parklands Avenue, Eurocentral, Holytown, Motherwell, Scotland, ML1 4WQ",500 to 999,15.4,13.9,73.3,42,70
2021-2022,12339,"100 Queen Street, Glasgow, Scotland, G1 3DN",500 to 999,12.9,9.7,64.8,-2.1,11
2021-2022,17342,"Glasgow Academy, Colebrooke Street, Glasgow, G12 8HE",250 to 499,19.2,20.3,NA,NA,"85,85,85"
2021-2022,12417,"The James Hutton Institute, Invergowrie, Dundee, DD2 5DA",250 to 499,15.8,7.8,50,50,72
2021-2022,19066,"1 George Square, Glasgow, G2 1AL",Less than 250,33,-5,NA,NA,59
2021-2022,12471,"Inspire House 3 Renshaw Place, Eurocentral, Lanarkshire, ML1 4UF",500 to 999,-1.3,0,NA,NA,82
2021-2022,14264,"The Green House Forrest Estate, Dalry, Castle Douglas, Kirkcudbrightshire, United Kingdom, DG7 3XS",250 to 499,22,23,34,0,74
2021-2022,12495,"Old Course Hotel, Golf Resort And Spa, St Andrews, Fife,, KY16 9SP",250 to 499,-17.8,-4.1,16.9,29.9,55
2021-2022,19366,"Dumfries House, Dumfries House Estate, Cumnock, Ayrshire, KA18 2NJ",250 to 499,17.2,10.7,100,100,91
2021-2022,15715,"Ibrox Stadium, 150 Edmiston Drive, Glasgow, G51 2XD",250 to 499,80,14,96,88,93
2021-2022,17645,"28 Drumsheugh Gardens, Edinburgh, Scotland, EH3 7RN",500 to 999,-7,-6,9,-9,32
2021-2022,12641,"Doges Templeton Business Centre, 62 Templeton Street, Glasgow, Glasgow, Scotland, G40 1DA",250 to 499,4.5,0,NA,NA,78
2021-2022,12667,"Thistle Centre Of Wellbeing, 13 Queen's Walk, Edinburgh, Scotland, EH16 4EA",250 to 499,0.4,1.5,NA,NA,"88,88,96"
2021-2022,12668,"3a Scholars Gate, East Kilbride, Glasgow, Scotland, G75 9JL",500 to 999,-2.9,-2.9,NA,NA,86
2021-2022,12670,"Thistle Seafoods Limited Harbour Street, Boddam, Peterhead, Scotland, AB42 3AU",250 to 499,14.2,5.6,0,0,"10,46"
2021-2022,12690,"34 Old Mill Road, Uddingston, G71 7HH",500 to 999,14.9,0,80.4,82.7,32
2021-2022,2002,"Newfield House, 1 New Street, Musselburgh, East Lothian, EH21 6HY",500 to 999,2.6,0.4,NA,NA,88
2021-2022,12836,"100 Dalsetter Avenue, Glasgow, Scotland, G15 8TE",250 to 499,-2.4,1.6,32.5,25,42
2021-2022,355,"Henry Duncan House, 120 George Street, Edinburgh, EH2 4LH","5000 to 19,999",31.8,25.6,46.3,24.6,64
2021-2022,13028,"Merchants House, 7 West George Street, Glasgow, G2 1BA",1000 to 4999,0,0,NA,NA,"86,87"
2021-2022,13032,"Napier Building Reynolds Avenue, East Kilbride, Glasgow, Scotland, G75 0AF",250 to 499,20.1,25.5,-391.1,-29.5,74
2021-2022,21078,"Office 2.20 83 Princes Street, Edinburgh, Lothian Region, Scotland, EH2 2ER",500 to 999,-1.2,-0.3,NA,NA,82
2021-2022,18587,"2 Bothwell Street, Glasgow, G2 6LU",250 to 499,5.6,0,NA,NA,70
2021-2022,13147,"110 Easter Queenslie Road, Glasgow, Lanarkshire, G33 4UL",250 to 499,8,1,22,22,46
2021-2022,13200,"1 Meadowhead Road, Irvine, Ayrshire, KA11 5AT",500 to 999,8.4,10.8,-14.4,15.6,17
2021-2022,13250,"Newmains Avenue, Inchinnan, Renfrewshire, PA4 9RR",500 to 999,14.4,18.1,32.4,-4.3,32
2021-2022,15097,"Woodside Way, Glenrothes East, Fife, KY7 4ND",Less than 250,21,32,-3,3.8,46
2021-2022,9203,"Penguin House, Castle Riggs, Dunfermline, Fife, Scotland, KY11 8SG",1000 to 4999,31.5,37.1,40.8,20.9,70
2021-2022,13299,"C/O Brodies Llp Capital Square, 58 Morrison Street, Edinburgh, EH3 8BP",500 to 999,20.8,4.7,53.2,49.9,46
2021-2022,13300,"C/O Brodies Llp Capital Square, 58 Morrison Street, Edinburgh, EH3 8BP",500 to 999,6.6,0,37.5,14.1,47
2021-2022,16590,"4 South Oswald, Edinburgh, EH9 2HG",250 to 499,3.4,-4.9,6.2,0,87
2021-2022,13316,"1st Floor Left, 161 Brooms Road, Dumfries, Scotland, DG1 2SH",500 to 999,0.4,0.9,-61.4,-56.3,80
2021-2022,12129,"Newhouse Industrial Estate, Newhouse, Motherwell, Lanarkshire, ML1 5RY",250 to 499,-1.8,-11.2,-7.4,-15,28
2021-2022,13423,"Brookfield House, Burnbrae Drive, Linwood Industrial Estate, Linwood, PA3 3BU",1000 to 4999,-28.9,-4.4,41.3,35.2,49
2021-2022,20230,"65 Sussex Street, Glasgow, Scotland, G41 1DX",250 to 499,29,32,NA,NA,"25,28,33,43"
2021-2022,566,"Aberlour House, Aberlour-On-Spey, Banffshire, AB38 9LD",1000 to 4999,15.1,0.9,21.8,0,10
2021-2022,13478,"21-24 Wellmeadow, Blairgowrie, PH10 6AT",500 to 999,5.1,0,11.7,43.5,86
2021-2022,301,"Kyleshill House, Glencairn Street, Saltcoats, Ayrshire, KA21 5JT",1000 to 4999,10,0,53,19,82
2021-2022,15616,"Xcite Bathgate Balbardie Park, Torphichen Road, Bathgate, West Lothian, EH48 4LA",250 to 499,6.5,0,NA,NA,93
2021-2022,7855,"Willow House Kestrel View, Strathclyde Business Park, Bellshill, Scotland, ML4 3PB",500 to 999,-4.7,0,7.9,14,"87,87,88,88"
2021-2022,20242,"Wheatley House, 25 Cochrane Street, Glasgow, Scotland, G1 1HL",250 to 499,-15.2,-30.8,33.5,14.8,68
2021-2022,13753,"4th Floor St. Vincent Plaza, 319 St. Vincent Street, Glasgow, Scotland, G2 5RG",500 to 999,13.6,8.5,59.1,22.2,11
2021-2022,13784,"The Glenfiddich Distillery, Dufftown, Keith, Scotland, AB55 4DH",500 to 999,11.6,9,13.6,0,11
2021-2022,9872,"7 West Adam Street, Edinburgh, Scotland, EH8 9SX",Less than 250,-4.2,-4.9,NA,NA,"88,88"
2021-2022,13887,"Sir Ian Wood House Hareness Road, Altens Industrial Estate, Aberdeen, Scotland, AB12 3LE","5000 to 19,999",26.3,34.9,39.9,62.5,"91,71"
2021-2022,13888,"Level 3, 6 St Andrew Square, Edinburgh, EH2 2BD",500 to 999,44,22,85,45,91
2021-2022,18299,"16 North Esplanade West, Aberdeen, Scotland, AB11 5RJ",500 to 999,22.2,36.3,-17.7,-75,91
2021-2022,13991,"5th Floor Capitol Building, 429-431 Union Street, Aberdeen, AB11 6DA",250 to 499,30.1,37.6,9.6,0.4,71
2021-2022,14072,"1 Tanfield, Edinburgh, EH3 5DA",250 to 499,4.5,-16,11.3,0,26
2022-2023,16879,"19 Smith's Place, Leith Walk, Edinburgh, EH6 8NU",250 to 499,2.45,-4.96,5.57,-9.13,47
2022-2023,17484,"Suite 1, Ground Floor Academy House, 1346 Shettleston Road, Glasgow, Scotland, G32 9AT",Less than 250,-3.2,0.01,NA,NA,"86,88"
2022-2023,14399,"Fairview Mill, Ingliston, Newbridge, Midlothian, EH28 8NB",250 to 499,10.5,9.2,1.3,-212.9,"14,10"
2022-2023,1838,"Westfield House, 4 Mollins Road, Cumbernauld, G68 9HD",500 to 999,-5.1,-6,-1.1,-17.6,11
2022-2023,22374,"Kingshill View Kingswells Causeway, Prime Four Business Park, Kingswells, Aberdeen, Scotland, AB15 8PU",250 to 499,26.4,13.3,42.9,26.4,68
2022-2023,777,"72 Milton Road, Kirkcaldy, Fife, Scotland, KY1 1TP",500 to 999,1.7,2.66,NA,NA,86
2022-2023,17554,"38 Castle Street, Aberdeen, AB11 5YU",500 to 999,7.2,2.09,9.47,4.1,"85,87,87,87"
2022-2023,11648,"1 George Street, Edinburgh, United Kingdom, EH2 2LL",1000 to 4999,30,25.9,25.1,3.3,82
2022-2023,17218,"Pittodrie Stadium, Pittodrie Street, Aberdeen, AB24 5QH",250 to 499,56.1,10.9,70.6,51.1,"93,93"
2022-2023,793,"Aberdeen Sports Village, Linksfield Road, Aberdeen, Scotland, AB24 5RU",250 to 499,2.6,0,NA,NA,93
2022-2023,794,"Kintail House, Forthside Way, Stirling, Stirlingshire, Scotland, FK8 1QZ",500 to 999,5.8,0,NA,NA,96
2022-2023,789,"1 George Street, Edinburgh, United Kingdom, EH2 2LL",1000 to 4999,10.6,4.4,37.4,25,64
2022-2023,11650,"1 George Street, Edinburgh, EH2 2LL",1000 to 4999,30.2,31.6,43.1,52.1,66
2022-2023,790,"1 George Street, Edinburgh, United Kingdom, EH2 2LL",1000 to 4999,32.1,30,44.2,71.4,64
2022-2023,11651,"1 George Street, Edinburgh, United Kingdom, EH2 2LL",1000 to 4999,28.7,24.2,46.2,47.4,70
2022-2023,16687,"The Peak, Forthside Way, Stirling, Scotland, FK8 1QZ",Less than 250,1.9,14.2,NA,NA,"93,93"
2022-2023,18552,"Gateside, 6 Back Road, Dollar, FK14 7EA",250 to 499,1.82,0,-16.82,-8.67,56
2022-2023,19419,"C/O Interpath Ltd, 5th Floor, 130 St. Vincent Street, Glasgow, G2 5HF",250 to 499,9.6,12.3,1.4,15.3,62
2022-2023,915,"C/O Brodies Llp Capital Square, 58 Morrison Street, Edinburgh, United Kingdom, EH3 8BP",500 to 999,27.5,20.9,14.4,29.5,82
2022-2023,20051,"3 Lochside Crescent, Edinburgh, Scotland, EH12 9SA",250 to 499,20.7,24.7,45.8,57.7,64
2022-2023,950,"Aegon Lochside Crescent, Edinburgh Park, Edinburgh, Scotland, EH12 9SE",1000 to 4999,25.53,26.51,50.09,31.22,82
2022-2023,977,"The Wright Business Centre, Lonmay Road, Glasgow, Scotland, G33 4EL",1000 to 4999,-1.6,2.5,21.1,11.8,56
2022-2023,308,"Lomondgate, Stirling Road, Dumbarton, Scotland, G82 3RG",500 to 999,8.8,12.2,8.7,31.5,77
2022-2023,19084,"5 James Hamilton Way, Milton Bridge, Penicuik, Scotland, EH26 0BF",Less than 250,5.51,1.33,12.26,0.89,21
2022-2023,1075,"New Monkland, 251 Stirling Road, Airdrie, Lanarkshire, ML6 7SP",1000 to 4999,18.1,5.8,16.6,0,"11,10,10,46"
2022-2023,1095,"9 Central Boulevard, Larbert, United Kingdom, FK5 4RU",1000 to 4999,3.4,2,36.8,67.1,29
2022-2023,1145,"230 Balmore Road, Glasgow, Lanarkshire, G22 6LJ",500 to 999,2.5,-2.1,-4.2,31.3,"29,45,45,45"
2022-2023,22078,"21-25 Reform Street, Dundee, DD1 1SG",500 to 999,0.7,0,25.53,21.43,47
2022-2023,1186,"Badentoy Crescent, Portlethen, Aberdeen, AB12 4YD",500 to 999,34.3,36.3,17.2,78.1,91
2022-2023,1194,"69 North Gyle Terrace, Edinburgh, Scotland, EH12 8JY",250 to 499,9.9,6.79,NA,NA,86
2022-2023,20184,"Waverley Gate, 2 - 4 Waterloo Place, Edinburgh, EH1 3EG",250 to 499,12.2,11.9,36.8,34.6,62
2022-2023,1275,"28 Albyn Place, Aberdeen, United Kingdom, AB10 1YL",1000 to 4999,3.4,0,19.4,-49,81
2022-2023,18132,"Angus House, Orchardbank Business Park, Forfar, Angus, DD8 1AN",500 to 999,-15.2,-15.03,NA,NA,"90,91,91,93"
2022-2023,1325,"Apex Hotels House, 1 Mid New Cultins, Edinburgh, Scotland, EH11 4DH",500 to 999,6.2,2.2,-206.3,0,55
2022-2023,1343,"Block 2 Units C And D, West Mains Industrial Estate, Grangemouth, Stirlingshire, FK3 8YE",250 to 499,42.69,41,29.56,4.96,71
2022-2023,1377,"2 Marischal Square, Broad Street, Aberdeen, Scotland, AB10 1DQ",250 to 499,39.5,50.6,46.3,63.5,91
2022-2023,1417,"454 Hillington Road, Glasgow, Scotland, G52 4FH","5000 to 19,999",13.3,5.8,42.7,-13.7,"45,45,45"
2022-2023,1418,"454 Hillington Road, Glasgow, Scotland, G52 4FH",500 to 999,-4.4,-12.1,3.7,-20.9,77
2022-2023,1427,"Arr Craib Transport Ltd Howe Moss Drive, Kirkhill Industrial Estate, Dyce, Aberdeen, AB21 0GL",250 to 499,-1.12,-3.8,100,100,49
2022-2023,1465,"9 George Square, Glasgow, United Kingdom, G2 1DY",250 to 499,20.6,25.4,61.4,82.6,82
2022-2023,17341,"6 Coates Crescent, Edinburgh, Midlothian, EH3 7AL",500 to 999,-1.1,-3.7,10,-298.6,78
2022-2023,1474,"Asco Group Headquarters Unit A, 11 Harvest Avenue, D2 Business Park, Dyce, Aberdeen, AB21 0BQ",500 to 999,7.4,-2.8,46.5,11.5,96
2022-2023,1455,"42 Dryden Road, Bilston Ind Estate, Loanhead, Midlothian, EH20 9LZ",1000 to 4999,28.8,36,40,42.22,"43,43,43,61"
2022-2023,8371,"42 Dryden Road, Bilston Ind Estate, Loanhead, Midlothian, Scotland, EH20 9LZ",1000 to 4999,15.03,24.37,NA,NA,"70,82"
2022-2023,22359,"Bridge View, 1 North Esplanade West, Aberdeen, Aberdeenshire, AB11 5QF",250 to 499,47.5,31,100,100,78
2022-2023,1639,"AVIAGEN LTD, 11 Lochend Road, Ratho Station, Newbridge, Midlothian, EH28 8SZ",250 to 499,13.4,5.3,32.2,12,14
2022-2023,1718,"C/O Dwf Llp Sentinel, 103 Waterloo Street, Glasgow, Scotland, Scotland, G2 7BW",250 to 499,-0.6,12.7,20.5,0.9,77
2022-2023,1724,"Rosyth Business Park, Rosyth, Dunfermline, Fife, KY11 2YD",1000 to 4999,14.4,11.2,-50,-84.6,84
2022-2023,17645,"28 Drumsheugh Gardens, Edinburgh, Scotland, EH3 7RN",500 to 999,-0.1,-3.3,-5.2,11.1,32
2022-2023,1759,"BALHOUSIE CARE GROUP, Earn House, Lamberkine Drive, Perth, PH1 1RA",1000 to 4999,1.38,0,-39.6,0,86
2022-2023,1764,"Balmoral Park, Loirston, Aberdeen, AB12 3GY",250 to 499,8.1,-11.8,41.7,37.3,22
2022-2023,19915,"180 Hardgate Road, Glasgow, Scotland, G51 4TB",250 to 499,31.9,1.2,80.6,42.9,"25,25,46"
2022-2023,1843,"Libertas House, 5th Floor, 39 St. Vincent Place, Glasgow, United Kingdom, G1 2ER",250 to 499,16.9,21.1,36.6,42.2,79
2022-2023,1875,"12 Charlotte Square, Edinburgh, Scotland, EH2 4DJ",500 to 999,-11,-9.8,-29.2,0,"10,10,10,10"
2022-2023,1877,"8 Fairways Business Park, Deer Park Avenue, Livingston, Scotland, EH54 8AF",250 to 499,6.6,26.61,57.75,29.77,56
2022-2023,1922,"Bear House,Inveralmond Road, Inveralmond Industrial Estate, Perth, PH1 3TW",500 to 999,6.96,10.11,-512.74,-689.73,42
2022-2023,1925,"Garscube Estate, Switchback Road, Bearsden, Glasgow, G61 1BD",250 to 499,11.44,12.24,NA,NA,72
2022-2023,1954,"Bell Business Park, Rochsolloch Road, Airdrie, ML6 9BG",1000 to 4999,19,21,38,26,"43,43,43,43"
2022-2023,2078,"13 Queens Road, Aberdeen, AB15 4YL",500 to 999,4,1,22,9,74
2022-2023,2159,"10 Dunkeld Road, Perth, Perthshire, United Kingdom, PH1 5TW",500 to 999,2.8,4.4,25.6,0,49
2022-2023,2214,"Marischal College Marischal College, Broad Street, Aberdeen, Scotland, AB10 1AB",1000 to 4999,7.6,5.52,NA,NA,88
2022-2023,18699,"Excel House Europoint Office Park 1 Renshaw Place, Holytown, Motherwell, Scotland, ML1 4UF",250 to 499,26.8,27.7,37.1,27.7,43
2022-2023,2359,"Clyde Offices, 2nd Floor, 48 West George Street, Glasgow, G2 1BP",250 to 499,12.32,-4.18,30.47,0,11
2022-2023,2360,"Clyde Offices, 2nd Floor, 48 West George Street, Glasgow, G2 1BP",1000 to 4999,3.72,4.8,-37.3,-11.11,56
2022-2023,2386,"Seaforth House, Seaforth Place, Burntisland, Fife, KY3 9AX",500 to 999,18.8,17,41.1,-81.2,"32,33,42"
2022-2023,15096,"18 Blythswood Square, Glasgow, Scotland, G2 4BG",1000 to 4999,8.5,8.17,60.8,80.7,78
2022-2023,18095,"Triest House, Bridge Street, Galashiels, Selkirkshire, Scotland, TD1 1SW",Less than 250,27,73,NA,NA,"86,88"
2022-2023,2504,"Unit1 Greystone Avenue, Kelloholm, Sanquhar, Dumfriesshire, DG4 6RB",500 to 999,0.01,0,51.63,0,10
2022-2023,2527,"Unit 7, Halbeath Interchange Business Park Kingseat Road, Halbeath, Dunfermline, Fife, Scotland, KY11 8RY",500 to 999,2.3,6.4,43.7,13.6,32
2022-2023,15496,"1 Lochside Place, Edinburgh, EH12 9DF",250 to 499,-1.1,0,NA,NA,85
2022-2023,2613,"Grange House, 34 Grange Street, Kilmarnock, Ayrshire, Scotland, KA1 2DD",250 to 499,12,0,11,28,82
2022-2023,2635,"Gardeners Street, Dunfermline, KY12 0RN",250 to 499,20.29,9.66,86.76,71.11,41
2022-2023,22014,"Link House, 2c New Mart Road, Edinburgh, EH14 1RL",250 to 499,-12.01,-4.37,-25.13,-76.6,"43,43,43,43"
2022-2023,2648,"78 Longtown Road, Dundee, Tayside, DD4 8JU",1000 to 4999,17.8,6.7,53.1,20.9,"46,47"
2022-2023,2674,"Adam House, 5 Mid New Cultins, Edinburgh, EH11 4DU",1000 to 4999,17.4,16.9,46.3,23.2,"41,68"
2022-2023,2687,"1 North Charlotte Street, Edinburgh, Scotland, EH2 4HR",500 to 999,12.2,2.6,0,0,56
2022-2023,21194,"40 Torphichen Street, Fourth Floor, Edinburgh, Scotland, EH3 8JB",250 to 499,23.5,39.2,26.1,24.1,74
2022-2023,14487,"6th Floor, Sugar Bond, 2 Anderson Place, Edinburgh, Scotland, EH6 5NP",250 to 499,-0.6,0,0,0,96
2022-2023,2696,"The Ferry Terminal, Gourock, PA19 1QP",500 to 999,9.3,-4,12.3,-5.3,50
2022-2023,2738,"Caledonian Exchange, 19a Canning Street, Edinburgh, Scotland, EH3 8HE",250 to 499,-7.39,1.91,NA,NA,"10,10"
2022-2023,265,"Vantage Point, 24 St Johns Road, Edinburgh, Scotland, EH12 6NZ",500 to 999,2.21,0,NA,NA,"85,85,87,88"
2022-2023,2844,"Unit 9, Ramsay House Callendar Business Park, Callendar Road, Falkirk, United Kingdom, FK1 1XR",250 to 499,5.4,1.9,NA,NA,87
2022-2023,2894,"Craigmillar Social Enterprise And Arts Centre, 11 Harewood Road, Edinburgh, EH16 4NT",500 to 999,-13.5,5.4,NA,NA,"87,88,88"
2022-2023,18655,"1 Boat Brae, Rattray, Blairgowrie, Scotland, PH10 7BH",250 to 499,17.2,6,10.71,34,36
2022-2023,2943,"1 George Square, Glasgow, Scotland, G2 1AL",500 to 999,16.31,15.17,33.53,10.62,21
2022-2023,2976,"Caledonia House, 2 Lawmoor Street, Glasgow, Strathclyde, G5 0US",500 to 999,31.2,34.08,76.9,0,"43,43,43,71"
2022-2023,2989,"1 Cambuslang Road, Glasgow, G32 8NB",250 to 499,17.3,18.9,66.7,48.4,"41,41,41"
2022-2023,20638,"1 Huly Hill Road, Newbridge, Edinburgh, Scotland, EH28 8PH",250 to 499,6.7,4.8,17.3,18.1,47
2022-2023,3018,"Celtic Park, Glasgow, G40 3RE",250 to 499,29.9,14.2,30.6,-2.8,"93,93"
2022-2023,8274,"Lime Tree House, North Castle Street, Alloa, United Kingdom, FK10 1EX",1000 to 4999,5.5,0,80.6,86.1,86
2022-2023,20379,"W. Sam White Building, Peterseat Drive, Altens, Aberdeen, AB12 3HT",250 to 499,21.59,16.17,31.27,9.08,46
2022-2023,3108,"Elphinstone Research Centre, Tranent, EH33 2NE",1000 to 4999,13.62,3.61,69.22,5.09,72
2022-2023,3130,"Sugar Bond Anderson Place, Leith, Edinburgh, Scotland, EH6 5NP",250 to 499,16,16.2,5.9,-10.4,78
2022-2023,3153,"Troon House, Ardeer Site, Stevenston, Ayrshire,, KA20 3LN",250 to 499,22.19,22.58,70.73,0,82
2022-2023,19073,"Second Floor, Hobart House, 80 Hanover Street, Edinburgh, Scotland, EH2 1EL",Less than 250,11.41,11.38,NA,NA,86
2022-2023,17156,"Canal Court, 42 Craiglockhart Avenue, Edinburgh, EH14 1LT",250 to 499,17.4,8.1,NA,NA,"86,86"
2022-2023,211,"Kilmalid, Stirling Road, Dumbarton, Scotland, G82 2SS",1000 to 4999,9.41,7.97,44.36,-1.16,11
2022-2023,3264,"7 B Nightingale Way, Quartermile, Edinburgh, Scotland, EH3 9EG",250 to 499,19.3,14.5,58.6,57,62
2022-2023,3280,"Caledonia House, 2 Lawmoor Street, Glasgow, G5 0US",500 to 999,9.89,6.65,81.04,0,81
2022-2023,3281,"Caledonia House, Lawmoor Street, Glasgow, G5 0US",1000 to 4999,5.58,25.12,43.09,0,81
2022-2023,18455,"Caledonia House, 2 Lawmoor Street, Glasgow, Strathclyde, G5 0US",500 to 999,19.62,68.52,6.47,0,81
2022-2023,3333,"First Floor, 9 Haymarket Square, Edinburgh, Scotland, EH3 8RY",250 to 499,14.2,5,42.3,0,55
2022-2023,11199,"2nd Floor Saltire Court, 20 Castle Terrace, Edinburgh, United Kingdom, EH1 2EN",Less than 250,-4,-1.5,13.7,7.4,69
2022-2023,19605,"Fifth Floor, St Vincent Plaza, 319 St Vincent Street, Glasgow, Scotland, G2 5RZ",250 to 499,42,22,69,78,86
2022-2023,3391,"149 Newlands Road, Cathcart, Glasgow, G44 4EX",250 to 499,12.3,12.3,40,-22.1,28
2022-2023,85,"177 Bothwell Street, Glasgow, Scotland, G2 7ER","5000 to 19,999",28.5,36.1,47.8,36.7,64
2022-2023,4871,"6th Floor, Quartermile 4 7a Nightingale Way, Edinburgh, Scotland, EH3 9EG",500 to 999,27.1,25.2,74,50,82
2022-2023,3480,"70 Renton Street, Glasgow, G4 0HT",500 to 999,3.22,0,NA,NA,"88,88"
2022-2023,17923,"6 Muriel Street, Barrhead, Glasgow, G78 1QB",250 to 499,10.77,2.23,72.33,91.67,81
2022-2023,19105,"14 City Quay, Camperdown Street, Dundee, Scotland, DD1 3JA",250 to 499,-1.52,-0.19,-1.74,-5.03,86
2022-2023,16252,"C/O Frp Advisory Trading Ltd, Suite B, 4th Floor, Meridian, Union Row, Aberdeen, AB10 1SA",250 to 499,-3,0,NA,NA,82
2022-2023,3544,"C/O Brodies Llp, 110 Queen Street, Glasgow, United Kingdom, G1 3BX",250 to 499,-1.86,-10.25,22.17,26.13,32
2022-2023,3577,"The Doges Studios Templeton Business Centre, 62 Templeton Street, Glasgow, Scotland, G40 1DA",1000 to 4999,-1.9,-0.6,NA,NA,"87,88,88,88"
2022-2023,16944,"2 Queens Road, Aberdeen, Scotland, AB15 4ZT",500 to 999,1.7,0.27,34.14,0,56
2022-2023,3730,"Crieff Hydro Hotel, Ferntower Road, Crieff, Perthshire, PH7 3LQ",250 to 499,5.6,1.2,-58,12.5,55
2022-2023,3748,"C/O Enable Scotland Unit 3, Melisa House,, 3 Brand Place, Glasgow, Scotland, G51 1DR",250 to 499,0.4,-5.8,NA,NA,88
2022-2023,3774,"16 Walker Street, Edinburgh, Scotland, EH3 7LP",250 to 499,29.19,27,63,52,"41,41,41"
2022-2023,3857,"10 Keppochhill Drive, M8 Food Park, Glasgow, G21 1HX",250 to 499,1.8,4.7,-78.2,100,10
2022-2023,3858,"Courier Buildings, 2 Albert Square, Dundee, Scotland, DD1 9QJ",500 to 999,18.44,15.44,20.14,28.65,58
2022-2023,3863,"C/O T C Young Merchants House, 7 West George Street, Glasgow, Scotland, G2 1BA",1000 to 4999,-1,0,35,0,56
2022-2023,3883,"8 Belgowan Street, Bellshill North Industrial Est, Bellshill, Lanarkshire, ML4 3NS",250 to 499,3.3,2.7,43.6,-100,"46,46"
2022-2023,3903,"C/O Brodies Llp Capital Square, 58 Morrison Street, Edinburgh, United Kingdom, EH3 8BP",500 to 999,15.9,18.4,38.12,-65.4,"25,25"
2022-2023,3934,"Caulfield House, Cradlehall Business Park, Inverness, IV2 5GH",500 to 999,1.6,0.94,NA,NA,86
2022-2023,3985,"Collins House, Rutland Square, Edinburgh, Midlothian, EH1 2AA",1000 to 4999,20,5.37,57.26,0,82
2022-2023,4076,"Moodiesburn, Chryston, G69 0JE",250 to 499,6.7,1.9,5.98,-49.24,10
2022-2023,103,"11 Lochside Place, Edinburgh, Scotland, EH12 9HA",1000 to 4999,7.6,10.6,-21.2,-7.6,11
2022-2023,4123,"C/O Brodies Llp, Capital Square, 58 Morrison Street, Edinburgh, Scotland, EH3 8BP",250 to 499,12.9,26.7,-39.7,60,73
2022-2023,4134,"Unit 7/8 Whitemyres Avenue, Mastrick Industrial Estate, Aberdeen, Aberdeenshire, AB16 6HQ",1000 to 4999,5.9,3.4,-97.6,-175,45
2022-2023,4148,"8 Milton Road, College Milton North, East Kilbride, G74 5BU",250 to 499,0.8,5.8,0.7,-22.4,"11,46,82"
2022-2023,4175,"Melville Nurseries, Lasswade, Midlothian, Scotland, EH18 1AZ",1000 to 4999,15.9,3.3,-0.56,0,82
2022-2023,20278,"North Suite Lomond Court, Castle Business Park, Stirling, Scotland, FK9 4TU",250 to 499,1.4,1.42,-6,-100,86
2022-2023,4187,"Newfordpark House, Glamis Road, Forfar, Angus, DD8 1FR",250 to 499,12,8,25,0,13
2022-2023,4191,"Donaldson House Saltire Centre, Pentland Park, Glenrothes, Fife, Scotland, KY6 2AG",250 to 499,6.35,5.6,-95.6,-353,16
2022-2023,14700,"Park House, 14 Bothwell Road, Hamilton, Lanarkshire, ML3 0AY",250 to 499,19,24,52,8.6,45
2022-2023,4225,"Building D2003, Dounreay, Thurso, Caithness, KW14 7TZ",1000 to 4999,10.7,7.5,18.7,9.8,"38,39,43"
2022-2023,12780,"C/O Addleshaw Goddard, 24, St. Andrew Square, Edinburgh, Scotland, EH2 1AF",250 to 499,1,-5.5,23,0,"24,28"
2022-2023,4310,"Unit 4 Kirkhill Commercial Park Dyce Avenue, Dyce, Aberdeen, Scotland, AB21 0LQ",250 to 499,19.47,32.89,54.79,42.86,70
2022-2023,20674,"King James The Vi Business Centre, Friarton Road, Perth, Scotland, PH2 8DY",250 to 499,26,-13.184,NA,NA,86
2022-2023,4354,"11 First Road, Blantyre Industrial Estate, Blantyre, Glasgow, G72 0ND",250 to 499,18.5,24.6,10,-75,41
2022-2023,21503,"1092 Maryhill Road, Glasgow, G20 9TD",250 to 499,3,0,NA,NA,85
2022-2023,18958,"1 Burnfield Avenue, Thornliebank, Glasgow, Scotland, G46 7TL",250 to 499,5.63,7.49,NA,NA,"90,91,93,93"
2022-2023,28,"8 Westerton Road, East Mains Industrial Estate, Broxburn, West Lothian, Scotland, EH52 5AU",1000 to 4999,35,21.5,72,53.1,70
2022-2023,389,"Edinburgh Airport, Edinburgh, EH12 9DN",500 to 999,9.94,17.45,44.3,8.5,52
2022-2023,531,"Meadowbank Sports Centre, 139 London Road, Edinburgh, Scotland, EH7 6AE",500 to 999,-4.3,-1.4,NA,NA,"93,93"
2022-2023,4484,"The Potterrow, 5/2 Bristo Square, Edinburgh, EH8 9AL",250 to 499,10.48,4.88,NA,NA,85
2022-2023,4489,"100 Queen Street, Glasgow, Scotland, G1 3DN",500 to 999,2.6,3.1,34.9,0.8,11
2022-2023,21816,"100 Queen Street, Glasgow, Scotland, G1 3DN",Less than 250,12,11.9,37.7,40.4,"46,46"
2022-2023,4526,"Hercules House Eskmills,, Station Road, Musselburgh, Scotland, EH21 7PQ",250 to 499,0.076,0,7.46,0,88
2022-2023,17480,"Haughhead, Hawick, Roxburghshire, TD9 8LF",250 to 499,15,-0.01,77,42,"20,25"
2022-2023,4606,"Inspire House 3 Renshaw Place, Eurocentral, Lanarkshire, ML1 4UF",Less than 250,-11.6,-8,NA,NA,88
2022-2023,4607,"Inspire House 3 Renshaw Place, Eurocentral, Lanarkshire, ML1 4UF",1000 to 4999,1.9,-0.1,NA,NA,88
2022-2023,4621,"Enermech House, Howes Road, Aberdeen, Scotland, AB16 7AG",500 to 999,20.02,13.48,60.54,0,82
2022-2023,4640,"Musselburgh Sports Centre, Newbigging, Musselburgh, East Lothian, EH21 7AS",250 to 499,0.9,0.9,NA,NA,93
2022-2023,4654,"The Olive House Endeavour Drive, Arnhall Business Park, Westhill, Aberdeenshire, Scotland, AB32 6UF",500 to 999,16.23,10.67,30.11,0,56
2022-2023,13798,"49 Burnbrae Road, Linwood, Paisley, Renfrewshire, PA3 3BD",250 to 499,-21.2,-21.2,-40,-100,"38,38,38,38"
2022-2023,4706,"The Erskine Home, Erskine Veterans Village, Bishopton, Renfrewshire, Scotland, PA7 5PU",500 to 999,1.2,0,NA,NA,"86,87"
2022-2023,4714,"Suite 1/14 Falkirk Business Hub, 45 Vicar Street, Falkirk, Stirlingshire, Scotland, FK1 1LL",1000 to 4999,0.85,0,29.3,49.33,56
2022-2023,4752,"10 /16, 10 Colvilles Place, East Kilbride, G75 0SN",250 to 499,-14,-2,-9,26,46
2022-2023,3469,"10 Empress Court, St Andrew Street, Greenock, Inverclyde, PA15 4RW",500 to 999,20,8.8,NA,NA,81
2022-2023,4800,"3 Inchcorse Place, Whitehill Industrial Estate, Bathgate, Scotland, EH48 2EE",250 to 499,22.4,14.9,-7.8,0,96
2022-2023,15729,"Kirkton House, Kirkton Of Cults, Pitlessie, Fife, KY15 7TE",500 to 999,-0.02,7.67,48.95,42.86,56
2022-2023,21153,"9th Floor Aurora Building, 120 Bothwell Street, Glasgow, United Kingdom, G2 7JS",250 to 499,9.8,8.4,16.3,-103.4,62
2022-2023,4915,"7 Greens Road, Cumbernauld, Glasgow, G67 2TU",500 to 999,6.9,0,9.5,33.2,52
2022-2023,4916,"7 Greens Road, Blairlinn, Cumbernauld, G67 2TU",1000 to 4999,5.1,0,55,17.5,47
2022-2023,4919,"Station Road, Duns, Berwickshire, TD11 3HS",500 to 999,-1.4,2.3,-31.5,0,10
2022-2023,20013,"Newark Works, Castle Road, Port Glasgow, Scotland, PA14 5NG",250 to 499,-13,-11,37,39,30
2022-2023,4974,"Iona House John Smith Business Park, Grantsmuir Road, Kirkcaldy, Fife, Scotland, KY2 6NA",Less than 250,-1.51,0,NA,NA,"90,91,91,91"
2022-2023,4975,"10 Dunkeld Road, Perth, Perthshire, United Kingdom, PH1 5TW",1000 to 4999,8,7,-79,0,49
2022-2023,4976,"Music Institute, Carnegie Hall, East Port, Dunfermline, Fife, KY12 7JA",500 to 999,-2.4,0,NA,NA,93
2022-2023,5000,"395 King Street, Aberdeen, AB24 5RP",250 to 499,4.8,0.8,54.7,0,49
2022-2023,5012,"100 Cathcart Road, Glasgow, G42 7BH",1000 to 4999,8.2,4.8,0.3,0,49
2022-2023,5013,"100 Cathcart Road, Glasgow, G42 7BH",500 to 999,-3.7,0.4,7.4,0,49
2022-2023,22438,"30 Walker Street, Edinburgh, EH3 7HR",Less than 250,21,3,82,39,66
2022-2023,5050,"Edenfields, Cupar Trading Estate, Cupar, United Kingdom, KY15 4SX",250 to 499,6.17,1.53,NA,NA,96
2022-2023,20304,"Scotia House, The Castle Business Park, Stirling, Scotland, FK9 4TZ",500 to 999,13,25,100,100,41
2022-2023,5152,"Forth House, Pirnhall Business Park, Stirling, FK7 8HW",1000 to 4999,39,38,68,77,41
2022-2023,5155,"1 Prince Of Wales Dock, Edinburgh, Midlothian, EH6 7DX",250 to 499,-4.89,6.36,-41.32,0,52
2022-2023,5179,"C/O Brodies Llp Capital Square, 58 Morrison Street, Edinburgh, United Kingdom, EH3 8BP",250 to 499,0,-0.2,NA,NA,86
2022-2023,21175,"One Edinburgh Quay, 133 Fountainbridge, Edinburgh, Scotland, EH3 9QG",250 to 499,25.6,27.6,36.9,78.5,62
2022-2023,5269,"28 Albyn Place, Aberdeen, United Kingdom, AB10 1YL",500 to 999,28.5,29,57.3,0,71
2022-2023,17680,"16 Carsegate Road South, Inverness, IV3 8LL",250 to 499,7.48,27.7,NA,NA,43
2022-2023,5327,"Abbeymill Business Centre 12 Seedhill Road, Suite 5004, Paisley, Scotland, PA1 1JS",1000 to 4999,0,0,NA,NA,81
2022-2023,5380,"Citypoint 2, 25 Tyndrum Street, Glasgow, Scotland, G4 0JY",1000 to 4999,3.23,-3.17,28.04,-10.83,77
2022-2023,15873,"Ibrox Stadium, 150 Edmiston Drive, Glasgow, G51 2XD",Less than 250,14,0,NA,NA,80
2022-2023,5398,"Tinwald Downs Road, Heathhall, Dumfries & Galloway, Scotland, DG1 1TS",500 to 999,10.4,12.5,9,32,"15,22,70"
2022-2023,660,"Monument Crescent, Shawfarm Industrial Estate, Prestwick, KA9 2RX",500 to 999,0.4,11.9,-4.9,15.1,52
2022-2023,14168,"Commonwealth House, 38 Albion Street, Glasgow, Scotland, G1 1LH",1000 to 4999,-9.6,-5,NA,NA,91
2022-2023,5524,"Glasgow Prestwick Airport, Aviation House, Prestwick, Ayrshire, KA9 2PL",250 to 499,1.8,4.2,NA,NA,"51,51,51"
2022-2023,5558,"Port Of Nigg, Ross-Shire, Scotland, IV19 1QU",Less than 250,34.76,23.33,71.83,0,25
2022-2023,22241,"24 St Vincent Place, 4th Floor, Glasgow, Scotland, G1 2EU",250 to 499,30,31,58,40,62
2022-2023,14275,"41 Commercial Street, Leith, Edinburgh, EH6 6JD",250 to 499,-0.48,0.35,-98.57,-58.07,47
2022-2023,5650,"Airthrey Kerse Farm, Henderson Street, Bridge Of Allan, Stirlingshire, FK9 4RW",250 to 499,12,14.7,36.9,82.9,"10,70"
2022-2023,5679,"South Road, South Road, Fraserburgh, Aberdeenshire, Scotland, AB43 9HU",500 to 999,8.7,11.4,52.3,0,29
2022-2023,5680,"Gray & Adams, South Road, Fraserburgh, Scotland, AB43 9HU",500 to 999,6.9,12.2,57.1,0,29
2022-2023,5755,"300 Bath Street, Floor 5, Glasgow, United Kingdom, G2 4JR",1000 to 4999,-4,-3,34.1,49.6,82
2022-2023,13994,"Building 1 9 Haymarket Square, Edinburgh, Scotland, EH3 8RY","5000 to 19,999",11.5,12.3,30.4,38.9,"49,52"
2022-2023,5812,"100 Albert Drive, Glasgow, G41 2SJ",Less than 250,7.2,24.3,69.9,88.5,43
2022-2023,17561,"C/O Quantuma Advisory Limited, 86a George Street, Edinburgh, EH2 3BU",250 to 499,0.1,0.1,0.1,0.1,86
2022-2023,22381,"Halliburton House Howe Moss Crescent, Dyce, Aberdeen, AB21 0GN",1000 to 4999,8,6,52,52,70
2022-2023,17576,"Halliburton House Howe Moss Crescent, Dyce, Aberdeen, AB21 0GN",1000 to 4999,8,6,52,52,82
2022-2023,5924,"Broadmeadows, Symington, Ayrshire, KA1 5PU",250 to 499,4.9,0,NA,NA,"87,88"
2022-2023,12392,"Markethill Road, Turriff, Aberdeenshire, AB53 4PA",250 to 499,24.46,12.4,71.59,48.86,"10,81"
2022-2023,5949,"1 Robroyston Gate, Robroyston, Glasgow, Scotland, G33 1JN",500 to 999,10.8,2.9,42.1,11,"58,82"
2022-2023,6025,"The Mound, Edinburgh, EH1 1YZ","20,000 or more",26,28.5,36.7,37.3,64
2022-2023,17320,"Collins House, Rutland Square, Edinburgh, Midlothian, EH1 2AA",250 to 499,45.1,18,100,100,93
2022-2023,6068,"6 St. Andrew Square, Edinburgh, Scotland, EH2 2BD",1000 to 4999,2.46,-6.18,17.2,23.26,11
2022-2023,19716,"13 Queen's Road, Aberdeen, AB15 4YL",250 to 499,44.65,41.53,NA,NA,78
2022-2023,618,"High Life Highland Highland Archive Centre, Bught Road, Inverness, Scotland, IV3 5SS",500 to 999,9.8,15.7,NA,NA,"85,85,91,93"
2022-2023,6178,"10 Dunkeld Road, Perth, Perthshire, United Kingdom, PH1 5TW",250 to 499,7.3,6.1,68.3,8.3,49
2022-2023,15472,"100 Queen Street, Glasgow, Scotland, G1 3DN",Less than 250,25.7,7.5,61.1,74.2,"11,46"
2022-2023,503,"1 Highlander Way, Inverness Business & Retail Park, Inverness, Scotland, IV2 7GE",250 to 499,6.2,0,0,0,82
2022-2023,6179,"Stirling Street, Blackford, Perthshire, PH4 1QA",250 to 499,-28,-32,21,0,11
2022-2023,6180,"Head Office, Inverness Airport, Inverness, IV2 7JB",500 to 999,19.6,15,NA,NA,52
2022-2023,20059,"1 Explorer Road, Dundee Technology Park, Dundee, United Kingdom, DD2 1EG",Less than 250,54.2,50.1,NA,NA,68
2022-2023,5632,"1 Explorer Road, Dundee, Tayside, DD2 1EG",500 to 999,0.8,0,NA,NA,"87,88"
2022-2023,21425,"C/O Dla Piper, Collins House, Rutland Square, Edinburgh, United Kingdom, EH1 2AA",1000 to 4999,3.4,0,5.2,0,"87,87"
2022-2023,6347,"Fountain House 2nd Floor, 1-3 Woodside Crescent, Glasgow, G3 7UL",250 to 499,-4,14,NA,NA,24
2022-2023,19110,"Empire House 1/1 131 West Nile Street, Glasgow, Scotland, G1 2RX",1000 to 4999,-0.6,0,16,17,82
2022-2023,6429,"Gateway Business Park, Moss Road, Aberdeen, AB12 3GQ",250 to 499,12.6,10.6,NA,NA,32
2022-2023,6580,"63 Glasgow Road, Stirling, Stirlingshire, FK7 0PA",500 to 999,36.9,37.5,69.5,58.4,96
2022-2023,20716,"Terra Nova, 3 Explorer Road, Dundee, Angus, DD2 1EG",250 to 499,23.41,30,4.12,9.42,70
2022-2023,6647,"Unit 2000 Academy Park Gower Street, Glasgow, Scotland, G51 1PR",500 to 999,0.62,1.28,-43.84,0,"87,88"
2022-2023,6686,"5 South Charlotte Street, Edinburgh, Scotland, EH2 4AN",500 to 999,-12.87,-11.13,3.25,0,"63,70,82,82"
2022-2023,16317,"Kinnaird Head Works, Bath Street, Fraserburgh, United Kingdom, AB43 9DY",250 to 499,24.3,5,NA,NA,10
2022-2023,16960,"Waterfront Leisure Complex, Customhouse Way, Greenock, Inverclyde, PA15 1EW",Less than 250,1.5,-0.1,NA,NA,"93,93,93"
2022-2023,20488,"6 Atlantic Quay, 55 Robertson Street, Glasgow, Scotland, G2 8JD",250 to 499,11.8,4.9,97.2,79.3,63
2022-2023,19927,"13 Queen's Road, Aberdeen, AB15 4YL",500 to 999,17.1,11.9,10.6,-38.8,61
2022-2023,6886,"Vermont House, 149 Vermont Street, Kinning Park, Glasgow, G41 1LU",1000 to 4999,6.6,0,84.6,36.6,"46,47"
2022-2023,6909,"83 New Street, Stevenston, KA20 3HD",250 to 499,39.27,39.53,57.28,46.67,"33,43,43"
2022-2023,6914,"Newmill, Elgin, IV30 4AF",1000 to 4999,20.2,10,88,57.1,"13,14,46,47"
2022-2023,18558,"Broomage Avenue, Larbert, United Kingdom, FK5 4NQ",250 to 499,5,1,23,-26,16
2022-2023,6915,"Broomage Avenue, Larbert, FK5 4NQ",500 to 999,-9,-12,-1,8,"16,16"
2022-2023,6935,"Rsm Restructuring Advisory Llp Third Floor, 2 Semple Street, Edinburgh, EH3 8BL",250 to 499,6.5,7.5,NA,NA,49
2022-2023,6951,"Forvis Mazars Capital Square, 58 Morrison Street, Edinburgh, United Kingdom, EH3 8BP",250 to 499,13.7,7.2,31.2,0,"70,82"
2022-2023,21088,"The Ca'D'Oro, 45 Gordon Street, Glasgow, Scotland, G1 3PE",500 to 999,8.42,0.03,40.65,0,47
2022-2023,14118,"Jfd Westhill Industrial Estate, Enterprise Drive, Westhill, Aberdeen, AB32 6TQ",250 to 499,27.4,25.1,100,100,32
2022-2023,6908,"Wizu Workspace, 2 West Regent Street, Glasgow, G2 1RW",250 to 499,32.3,29,100,100,62
2022-2023,6992,"Alliance Centre Greenwell Road, East Tullos Industrial Estate, Aberdeen, AB12 3AX",Less than 250,39.42,28.13,92.55,67.49,"45,45,45,45"
2022-2023,6998,"Deanside Road, Hillington, Glasgow, G52 4XB",500 to 999,13.6,24.1,NA,NA,"49,49,52,52"
2022-2023,7022,"Baird House, 4, Lower Gilmore Bank, Edinburgh, Scotland, EH3 9QP",1000 to 4999,11.02,10.69,29.22,28.47,32
2022-2023,7033,"Bishop's Court, 29 Albyn Place, Aberdeen, Scotland, AB10 1YL",500 to 999,12.6,12.8,28.3,10.6,82
2022-2023,17585,"Block 5 Dunsinane Avenue, Dunsinane Industrial Estate, Dundee, Scotland, DD2 3QN",Less than 250,92.63,-9.61,92.71,50,"31,31"
2022-2023,21113,"45 Sinclair Rd, Aberdeen, Uk, United Kingdom, AB11 9BG",Less than 250,15.69,13.6,NA,NA,"10,10"
2022-2023,7118,"13 Queens Road, Aberdeen, AB15 4YL",1000 to 4999,7,6,31,25,10
2022-2023,7136,"H&P Bankhead Drive, City South Office Park, Portlethen, Aberdeen, Scotland, AB12 4XX",250 to 499,18.66,25.8,48.41,6.29,82
2022-2023,147,"Kepak Group Limited Cookston Road, Portlethen, Aberdeen, Scotland, AB12 4QB",1000 to 4999,13.3,13.3,NA,NA,10
2022-2023,7218,"Balmalcolm Farm, Cupar, Fife, KY15 7TJ",500 to 999,1,2.9,NA,NA,10
2022-2023,7228,"50 Mauchline Street, Glasgow, United Kingdom, G5 8HQ",500 to 999,-7.9,-14.6,16.5,0,46
2022-2023,16624,"133 Finnieston Street, Floor 7, Glasgow, Scotland, G3 8HB",500 to 999,4.07,-2.03,NA,NA,"85,87"
2022-2023,7277,"C/O Restructuring, S&W Partners Llp, Q Court, 3 Quality Street, Edinburgh, EH4 5BP",250 to 499,3,0,NA,NA,87
2022-2023,17109,"Saltire Centre, Pentland Court, Glenrothes, Fife, KY6 2DA",250 to 499,-2.2,-1.7,NA,NA,"87,88,88"
2022-2023,7329,"Caledonian Exchange, 19a Canning Street, Edinburgh, Scotland, EH3 8HE",250 to 499,1.1,12.5,90.4,0,25
2022-2023,14805,"Unit 3, Kpp Chartered Accountants Morris Park, 37 Rosyth Road, Glasgow, Scotland, G5 0YE",1000 to 4999,18,9,NA,NA,82
2022-2023,7560,"Skypark 1 8 Elliot Place, Glasgow, Scotland, G3 8EP",1000 to 4999,20.3,20.6,52.3,0,62
2022-2023,7566,"Rigifa, Cove, Aberdeen, AB12 3LR",250 to 499,10.4,5.5,63.7,48.6,"81,42,42"
2022-2023,7586,"169 West George Street, Glasgow, G2 2LB",500 to 999,-0.41,0.23,27.39,53.76,56
2022-2023,7628,"3 Fountain Drive, Inchinnan Business Park, Paisley, PA4 9RF",1000 to 4999,6.1,6.9,14.8,-2.6,32
2022-2023,7632,"Beechwood Park North, Inverness, IV2 3ED",500 to 999,4.9,6.4,1.1,14.4,86
2022-2023,7645,"73 Bothwell Road, Hamilton, ML3 0DW",500 to 999,6.5,1.4,51.1,51.1,10
2022-2023,7710,"Dewars Centre, Glover Street, Perth, Scotland, PH2 0TH",250 to 499,4.2,2.62,NA,NA,93
2022-2023,17326,"Live Borders Council Headquarters, Newtown St Boswells, Melrose, Scotland, TD6 0SA",250 to 499,3.35,-0.17,NA,NA,"91,91,91,93"
2022-2023,7728,"The Mound, Edinburgh, EH1 1YZ","20,000 or more",29.3,34.8,51.4,38,64
2022-2023,7753,"Lightyear Building 9 Marchburn Drive, Glasgow Airport, Paisley, Renfrewshire, Scotland, PA3 2SJ",500 to 999,29.5,29.8,100,100,"51,51,51"
2022-2023,7766,"520 Hillington Road, Braehead, Glasgow, United Kingdom, G52 4UB",250 to 499,33.3,26.9,73.93,41.8,"45,45,45,45"
2022-2023,20554,"520 Hillington Road, Braehead, Glasgow, G52 4UB",Less than 250,-15.2,7.3,-33.44,31.9,45
2022-2023,21613,"5-13 Low Street, Buckie, Scotland, AB56 1UX",250 to 499,13.2,4.6,NA,NA,10
2022-2023,7858,"55 Annandale Street, Edinburgh, Midlothian, EH7 4AZ",1000 to 4999,3,3,92,85,49
2022-2023,22065,"6 St Andrew Square, Level 4, Edinburgh, Scotland, EH2 2BD",250 to 499,4.3,-9.6,10,-23.4,11
2022-2023,7963,"Whiteside House, Whiteside Industrial Estate, Bathgate, West Lothian, United Kingdom, EH48 2RX",1000 to 4999,15.61,1.5,59.04,38.72,55
2022-2023,7965,"Whiteside House, Whiteside Industrial Estate, Bathgate, West Lothian, United Kingdom, EH48 2RX",250 to 499,7.55,3.13,-52.31,-73.18,55
2022-2023,7966,"Brodies House, 31-33 Union Grove, Aberdeen, United Kingdom, AB10 6SD",250 to 499,14.7,-1.2,53.8,11.1,10
2022-2023,7971,"Wheatfield Road, Edinburgh, EH11 2QA",250 to 499,9.6,13.2,0.2,-3.1,21
2022-2023,14389,"15-17 Henderson Road, Inverness, IV1 1SN",250 to 499,9.09,0.2,32.19,-0.89,"46,46,46,77"
2022-2023,7991,". Hunter Avenue, Loanhead, Scotland, EH20 9SL",250 to 499,17,21,84,25,"28,28,28,28"
2022-2023,8068,"The Office Bowfield Road, Howwood, Johnstone, Renfrewshire, PA9 1DZ",250 to 499,5,0,11,17,55
2022-2023,8195,"Elliott House, Kilwinning Road, Irvine, KA12 8TG",250 to 499,10,3,41,0,49
2022-2023,8220,"Kelvin Avenue, Hillington, Glasgow, G52 4LF",500 to 999,15.6,14,NA,NA,22
2022-2023,8232,"C/O Harper Macleod Llp The Ca'D'Oro, 45 Gordon Street, Glasgow, Scotland, G1 3PE",250 to 499,12.16,14.03,40.23,14.33,"45,45,45,45"
2022-2023,8234,"Exchange Tower 3rd Floor, 19 Canning Street, Edinburgh, Scotland, EH3 8EG",500 to 999,-5,-3,3,2,82
2022-2023,8241,"10 Keppochhill Drive, Glasgow, G21 1HX",250 to 499,1.8,4.7,-78.2,100,70
2022-2023,8243,"99 Earnhill Road, Larkfield Industrial Estate, Greenock, Renfrewshir, PA16 0EQ",500 to 999,-2.52,0.96,NA,NA,49
2022-2023,18815,"Carmuirs House, 300 Stirling Road, Larbert, Stirlingshire, FK5 3NJ",250 to 499,7,0.9,10.5,0,49
2022-2023,8254,"Heathfield House Phoenix Crescent, Strathclyde Business Park, Bellshill, North Lanarkshire, Scotland, ML4 3NJ",250 to 499,33.9,42.1,9.3,55,41
2022-2023,8262,"Third Floor, The Capitol, 431 Union Street, Aberdeen, United Kingdom, AB11 6DA",250 to 499,-7.7,1.1,-74,-9.4,49
2022-2023,8269,"Lydiafield, Standalane, Annan, Scotland, DG12 5JR",250 to 499,-0.09,0.77,NA,NA,"86,86"
2022-2023,20305,"Dumyat Technology Centre, Alva Industrial Estate, Alva, Scotland, FK12 5DW",250 to 499,-10,-15,NA,NA,86
2022-2023,15681,"Verdant 2 Redheughs Rigg, South Gyle, Edinburgh, Scotland, EH12 9DQ",250 to 499,6,-1,-59,0,53
2022-2023,8442,"Carmuirs House, 300 Stirling Road, Larbert, Stirlingshire, FK5 3NJ",250 to 499,7,0.9,10.5,0,49
2022-2023,8475,"Miller House, 2 Lochside View, Edinburgh Park, Edinburgh, EH12 9DH",1000 to 4999,15.4,1.5,-24,-9,41
2022-2023,8546,"Mitsubishi Electric Air Conditioning, Nettlehill Road, Houstoun Industrial Estate, Livingston, EH54 5EQ",1000 to 4999,4.8,3.7,4.99,-4.31,"27,28"
2022-2023,17383,"C/O Brodies Llp Capital Square, 58 Morrison Street, Edinburgh, United Kingdom, EH3 8BP",500 to 999,2.4,2.6,0,0,10
2022-2023,8092,"1st Floor Admiralty Park, Admiralty Road, Rosyth, Fife, KY11 2YW",500 to 999,10.8,5.4,30.6,24.3,32
2022-2023,21171,"C/O T C Young Merchants House, 7 West George Street, Glasgow, Scotland, G2 1BA",250 to 499,4,0,34,50,56
2022-2023,8711,"Polbeth Industrial Estate, West Calder, EH55 8TJ",250 to 499,34.7,37.29,-65.82,-475.76,"37,41,42,42"
2022-2023,21992,"Murgitroyd House, 165-169 Scotland Street, Glasgow, Scotland, G5 8PL",250 to 499,43,50,34,0,69
2022-2023,8729,"Sir Ian Wood House Hareness Road, Altens Industrial Estate, Aberdeen, Scotland, AB12 3LE",Less than 250,26.3,33.4,100,100,"71,71"
2022-2023,22416,"4th Floor 115 George Street, Edinburgh, Scotland, EH2 4JN",250 to 499,6.3,6.1,0.4,19.3,62
2022-2023,17761,"13 Winchester Avenue, Denny, Scotland, FK6 6QE",250 to 499,-1,0,5,0,38
2022-2023,20616,"C/O Alvarez & Marsal Europe Llp, Sutherland House, 149 St. Vincent Street, Glasgow, G2 5NW",250 to 499,-8.2,-9.3,-16.7,-29.2,46
2022-2023,19307,"36 St Andrew Square, Edinburgh, EH2 2YB",500 to 999,38.4,31.9,63.6,70.6,66
2022-2023,18319,"Level 2.1 Wellington Place, 107 West Regent Street, Glasgow, Scotland, G2 2BA",500 to 999,27.2,30.6,55.9,59.1,61
2022-2023,9062,"Portal And Townhouse, 66 High Street, Irvine, United Kingdom, KA12 0AZ",250 to 499,-5.01,-5.48,NA,NA,"93,93,93,96"
2022-2023,9119,"Lindsayfield Lodge, Rosaburn Avenue, East Kilbride, Glasgow,, G75 9DE",250 to 499,38.9,16.7,-158,0,87
2022-2023,9146,"Maxim 3 2nd Floor, Suite 2b 2 Parklands Avenue, Eurocentral, Holytown, Motherwell, Scotland, ML1 4WQ",250 to 499,23.6,16.6,79.7,53.5,"45,45"
2022-2023,19729,"Redwood House 5 Redwood Crescent, Peel Park, East Kilbride, Scotland, G74 5PP",500 to 999,11.9,0,59.5,63,93
2022-2023,21869,"Unit 5 Mayfield Industrial, Estate, Mayfield, Dalkeith, Midlothian, EH22 4AD",250 to 499,6.2,-2.9,-7.7,8.9,39
2022-2023,9259,"Head Office, 40 Lambhill Street, Kining Park, Glasgow, G41 1AU",250 to 499,-6.9,0,NA,NA,87
2022-2023,19038,"Lower Ground Floor Prime View, Prime Four Business Park, Kingswells, Aberdeen, Scotland, AB15 8PU",250 to 499,18.74,18.52,22.76,30.07,82
2022-2023,22297,"Clyde Offices 2nd Floor, 48 West George Street, Glasgow, Scotland, G2 1BP",250 to 499,-0.5,-7.6,56.1,3.8,70
2022-2023,5330,"Hamilton House, 70 Hamilton Drive, Glasgow, United Kingdom, G12 8DR",250 to 499,10,3,-10,-3,47
2022-2023,9382,"Minerva House, Bruntland Road, Portlethen, Aberdeen, Aberdeenshire, AB12 4QL",250 to 499,11.8,14.7,42.5,62.1,82
2022-2023,9389,"200 St. Vincent Street, Glasgow, Scotland, G2 5SG",1000 to 4999,39.62,22.84,71.23,50.54,86
2022-2023,17316,"Mill Dene Beanburn, Ayton, Eyemouth, Scotland, TD14 5QY",250 to 499,13.1,14.2,57,73.9,78
2022-2023,22137,"Queensferry House, Carnegie Campus, Dunfermline, Fife, KY11 8GR",250 to 499,14.09,7.48,31.7,12.73,"26,28"
2022-2023,9405,"Springfield, Linlithgow, Midlothian, EH49 7LR",1000 to 4999,16.6,14.5,50.3,56.8,"62,62,62,63"
2022-2023,9430,"Orion House, Castleheather, Inverness, IV2 6AA",500 to 999,47,55,51,23,78
2022-2023,9513,"59 Charles Street, Glasgow, Scotland, G21 2PR",250 to 499,3,0,NA,NA,86
2022-2023,9520,"Studio 3002 Mile End Mill, 12 Seedhill Road, Paisley, Scotland, PA1 1JS",500 to 999,4,1.65,-21,0,78
2022-2023,9530,"Paterson Building, Gartsherrie Road, Coatbridge, Lanarkshire, ML5 2EU",250 to 499,0.8,0,52.1,27.2,81
2022-2023,9595,"Park House, 14 Bothwell Road, Hamilton, Lanarkshire, ML3 0AY",500 to 999,18.6,17.7,65,27.1,"45,45,45,45"
2022-2023,9592,"Rosehall, The Square, Grantown-On-Spey, Scotland, PH26 3HG",250 to 499,16.79,-5,NA,NA,87
2022-2023,9593,"Park House, 14 Bothwell Road, Hamilton, Lanarkshire, ML3 0AY",250 to 499,4,0,94.4,-58.7,49
2022-2023,9607,"West Kirk, 84a Portland Street, Kilmarnock, Ayrshire, KA3 1AA",250 to 499,-7.4,-7.4,NA,NA,88
2022-2023,19331,"1 Blair Court North Avenue, Clydebank Business Park, Clydebank, Glasgow, G81 2LA",250 to 499,17.2,1.9,11.7,19.7,82
2022-2023,21399,"11 Fountain Crescent, Inchinnan Business Park, Inchinnan, Renfrew, PA4 9RE",250 to 499,1.7,5.5,0.3,-2.9,27
2022-2023,9721,"Orchard Brae House, 30 Queensferry Road, Edinburgh, Scotland, EH4 2HS",250 to 499,2.9,0,16,0,"86,87,88,94"
2022-2023,16193,"Thistle House, 21/23 Thistle Street, Edinburgh, EH2 1DF",1000 to 4999,-2.7,-0.9,-11.8,-20,78
2022-2023,9772,"Clyde Offices 2nd Floor, 48 West George Street, Glasgow, Scotland, G2 1BP",1000 to 4999,19.4,14.5,62.2,44,"45,45"
2022-2023,9780,"Thorntons Solicitors Whitehall House, 33 Yeaman Shore, Dundee, Scotland, DD1 4BJ","5000 to 19,999",45.2,30.3,94.6,77.7,86
2022-2023,16377,"Bridge View, 1 North Esplanade West, Aberdeen, AB11 5QF",1000 to 4999,26.7,33.6,41.1,21.9,91
2022-2023,9786,"Bo'Ness Road, Grangemouth, Stirlingshire, FK3 9XH",250 to 499,16,24,4,23,19
2022-2023,14376,"R A Clement Associates, 5 Argyll Square, Oban, Argyll, Scotland, PA34 4AZ",Less than 250,15.1,22.2,NA,NA,"23,71,72,77"
2022-2023,9884,"Pinnacle Hill, Kelso, Roxburghshire, TD5 8XX",250 to 499,31,22,82,87,27
2022-2023,21971,"50 Lothian Road, Festival Square, Edinburgh, Scotland, EH3 9WJ",250 to 499,5.8,7,31.1,39.2,74
2022-2023,21790,"Mcdonalds Restaurant, Whitburn Road, Bathgate, West Lothian, Scotland, EH48 2RA",500 to 999,-0.52,0,-31.13,0,56
2022-2023,21187,"Brodies House, 31-33 Union Grove, Aberdeen, United Kingdom, AB10 6SD",250 to 499,32.77,42.57,-96.33,-102.83,71
2022-2023,4555,"Rolland House Unit 10 Newbridge Industrial Estate, Cliftonhall Road, Newbridge, Scotland, EH28 8PJ",250 to 499,7.2,-4.7,21.3,51,"78,86"
2022-2023,10009,"Building 620, Orangefield, Prestwick Airport, Ayrshire, KA9 2PQ",250 to 499,12.76,10.06,39.93,37.5,52
2022-2023,10100,"Blackwood House, Union Grove Lane, Aberdeen, AB10 6XU",250 to 499,15.64,9.57,8.72,50.77,"28,71,77"
2022-2023,10101,"Brimmond House Kingswells Causeway, Prime Four Business Park, Kingswells, Aberdeen, Scotland, AB15 8PU",250 to 499,13,12,10,-11,62
2022-2023,10111,"5 Central Way, Kildean Business Park, Stirling, United Kingdom, FK8 1FT",1000 to 4999,22.4,20.5,52.5,52.4,64
2022-2023,10117,"5 Central Way, Kildean Business Park, Stirling, United Kingdom, FK8 1FT",500 to 999,19.6,13,39.8,22.2,66
2022-2023,10167,"Rench Farm, Drumclog, Strathaven, South Lanarkshire, ML10 6QJ",250 to 499,28.96,29.03,73.19,0,"42,64,82"
2022-2023,10180,"Quarriers Head Office, 20 St. Kenneth Drive, Glasgow, Scotland, G51 4QD",1000 to 4999,2.29,-0.98,NA,NA,"87,87,88,88"
2022-2023,10218,"2411 London Road, Glasgow, G32 8XT",250 to 499,10,0,68,-187,"42,42,42,42"
2022-2023,10230,"27 Barony Road, Auchinleck, Ayrshire, KA18 2LL",500 to 999,-7.54,-5,NA,NA,55
2022-2023,10260,"6 Redheughs Rigg, South Gyle, Edinburgh, Scotland, EH12 9DQ",500 to 999,3,1,26.1,-76.8,87
2022-2023,19083,"9 Watt Place, Hamilton Intnl Technology Park, Blantyre, Glasgow, G72 0AH",250 to 499,8.5,10.5,-68,-37,43
2022-2023,14430,"Archibald Hope House, Station Road, Musselburgh, Scotland, EH21 7PQ",1000 to 4999,-5.2,0,-40,-36,87
2022-2023,10403,"The Lagoon Centre, Christie Street, Paisley, PA1 1NB",250 to 499,-3.5,-8.8,NA,NA,"90,91,93"
2022-2023,10421,"8 Nelson Mandela Place, Glasgow, Scotland, G2 1BT",1000 to 4999,4.3,1,13.1,23.2,82
2022-2023,15725,"Cargill Centre Business Park, Aberdeen Road, Laurencekirk, Aberdeenshire, AB30 1EY",Less than 250,8,5.5,-157.2,0,78
2022-2023,15286,"Clyde View, 22 Pottery Street, Greenock, Inverclyde, Scotland, PA15 2UZ",Less than 250,5.6,0,NA,NA,68
2022-2023,10544,"C/O Bosch Rexroth, Viewfield Industrial Estate, Glenrothes, KY6 2RD",500 to 999,28.3,26.3,52.5,32.9,27
2022-2023,203,"Schoolhill, Aberdeen, AB10 1FE",250 to 499,0.78,-20.55,NA,NA,NA
2022-2023,10557,"10 Perimeter Road, Elgin, Moray, IV30 6AE",250 to 499,72.19,68.77,72.19,68.77,41
2022-2023,10558,"10 Perimeter Road, Pinefield Inustrial Estate, Elgin, Moray,, IV30 6AE",1000 to 4999,26.02,23.73,18.59,54.78,81
2022-2023,17323,"Westpoint Westpoint, 4 Redheughs Rigg, South Gyle, Edinburgh, Eh12 9dq, Scotland, EH12 9DQ",250 to 499,-5,-4,79,0,78
2022-2023,10592,"1 Dow Avenue, Prestwick International, Aerospace Park, South Ayrshire, KA9 2SA",250 to 499,3.4,0,61.9,99.6,30
2022-2023,16945,"Muir Of Ord Industrial Estate, Muir Of Ord, Ross-Shire, IV6 7UA",500 to 999,27,28,63,55,"25,28,33,43"
2022-2023,10617,"BABCOCK INTERNATIONAL, Rosyth Business Park, Rosyth, Dunfermline, Fife, KY11 2YD",1000 to 4999,2.1,3,55.8,0,30
2022-2023,310,"65 Sussex Street, Glasgow, Scotland, G41 1DX",500 to 999,11.1,9.9,38.7,-6.1,"39,42,71,74"
2022-2023,10726,"Rwg (Repair & Overhauls) Limited Kirkhill Drive, Kirkhill Industrial Estate, Dyce, Aberdeen, Scotland, AB21 0EU",250 to 499,1.6,7.3,-33.3,-59.7,28
2022-2023,10770,"Orwell Bakery Loanhead Avenue, Lochore, Fife, KY5 8DD",500 to 999,15.9,6.6,0.9,46,"11,14,10,47"
2022-2023,10753,"1 Wellheads Avenue, Dyce, Aberdeen, AB21 7PB",250 to 499,8.71,29.91,-92.76,-228.65,"46,52"
2022-2023,10776,"112 Commercial Street, Edinburgh, Scotland, EH6 6NF",Less than 250,-37.9,-5.3,NA,NA,"87,88"
2022-2023,10838,"Carnbroe House Finch Way, Strathclyde Business Park, Bellshill, Scotland, ML4 3PE",250 to 499,25.5,32.7,20.8,0,43
2022-2023,22038,"C/O Bellwether Green Limited, 225 West George Street, Glasgow, Scotland, Scotland, G2 2ND",250 to 499,22.8,12.2,35.5,14.1,"62,73"
2022-2023,10909,"1 Neilson  Square, Deans Industrial Estate, Livingston, EH54 8RQ",1000 to 4999,8,3,35,-2,47
2022-2023,10920,"Glenugie Engineering Works, Peterhead, AB42 0YX",500 to 999,38.2,41.95,9.87,19.19,96
2022-2023,19103,"400 Townmill Road, Glasgow, G31 3AR",250 to 499,13.9,15.1,68.2,71.2,"46,46"
2022-2023,15944,"Townmill Road, Glasgow, G31 3AR",250 to 499,13.9,15.1,68.2,71.2,46
2022-2023,10925,"The Abattoir, Dornock, Annan, Dumfries & Galloway, Scotland, DG12 6SU",1000 to 4999,7,13.7,-53,-25,10
2022-2023,10930,"Axis House 5 Lonehead Drive, Newbridge, Edinburgh, Scotland, EH28 8TG",Less than 250,2,3.4,-275.3,-8.2,35
2022-2023,5329,"Hamilton House, 70 Hamilton Drive, Glasgow, G12 8DR",1000 to 4999,-10,-2,-45,-55,56
2022-2023,5328,"Hamilton House, 70 Hamilton Drive, Glasgow, G12 8DR",1000 to 4999,-10,-2,-10,-2,64
2022-2023,10937,"Unit 7, Halbeath Interchange Business Park Kingseat Road, Halbeath, Dunfermline, Fife, KY11 8RY",1000 to 4999,-57.2,-16.8,-83.5,-43.3,16
2022-2023,19250,"Inveralmond House, 200 Dunkeld Road, Perth, PH1 3AQ",250 to 499,21.3,23.4,82.6,84.4,35
2022-2023,10938,"Brunswick House, 51 Wilson Street, Glasgow, G1 1UZ",500 to 999,1.13,-5.24,NA,NA,"87,87,88"
2022-2023,17348,"Bradbury Hub, 100 Smithfield Loan, Alloa, Clackmannanshire, Scotland, FK10 1NP",500 to 999,-4.7,-2.9,0.04,0,"85,87,88"
2022-2023,476,"Inveralmond House, 200 Dunkeld Road, Perth, PH1 3AQ",1000 to 4999,11.4,12.1,7.7,13.8,35
2022-2023,477,"Inveralmond House, 200 Dunkeld Road, Perth, PH1 3AQ",500 to 999,22.2,22.3,48.8,2.8,35
2022-2023,2367,"Baltic Works, Kilbarchan Road, Bridge Of Weir, Renfrewshire, PA11 3RH",500 to 999,9.1,-0.3,NA,NA,15
2022-2023,15342,"39 Elmbank Crescent, Glasgow, G2 4PT",Less than 250,8.9,7.3,NA,NA,90
2022-2023,412,"320 St. Vincent Street, Glasgow, Scotland, G2 5AD",500 to 999,16.63,16.8,50.23,28,70
2022-2023,10944,"Murrayfield, Edinburgh, EH12 5PJ",250 to 499,39,27,95,98,"93,93"
2022-2023,10946,"Kingseat Road, Halbeath, Dunfermline, Fife, KY11 8RY",250 to 499,20.7,11.33,NA,NA,94
2022-2023,10947,"1-3 Lochside Crescent, Edinburgh, United Kingdom, EH12 9SE",250 to 499,1.5,3.1,1.8,2.7,"36,46,82"
2022-2023,10949,"The Mound, Edinburgh, United Kingdom, EH1 1YZ",1000 to 4999,15.7,14.1,21.8,0,66
2022-2023,10951,"320 St. Vincent Street, Glasgow, Scotland, G2 5AD",1000 to 4999,17.38,15.23,57.67,57.2,"35,35"
2022-2023,10975,"Turnberry House, 6th Floor, 175 West George Street, Glasgow, Scotland, G2 2LB",1000 to 4999,-5.1,0,-54.3,-12,"78,78"
2022-2023,10986,"300 Bath Street, Floor 5, Glasgow, United Kingdom, G2 4JR",1000 to 4999,-4,-3,34.1,49.6,80
2022-2023,21189,"37 Abercrombie Court Prospect Road, Arnhall Business Park, Westhill, Scotland, AB32 6FE",250 to 499,10.8,11.3,60.9,34.9,27
2022-2023,82,"43 Middlesex Street, Glasgow, G41 1EE",500 to 999,1.1,0,NA,NA,"87,88,88"
2022-2023,11074,"Muir Of Ord Industrial Estate, Great North Road, Muir Of Ord, Ross-Shire, IV6 7UA",250 to 499,20,3.2,18,36,"20,20"
2022-2023,11120,"C/O Johnston Carmichael, 227 West George Street, Glasgow, G2 2ND",250 to 499,23.3,28.3,37.6,28.3,82
2022-2023,253,"Shin-Etsu Handotai Europe Ltd Wilson Road, Toll Roundabout, Eliburn, Livingston, West Lothian, Scotland, EH54 7DA",250 to 499,11.8,7.3,9.4,0,26
2022-2023,20779,"Edinburgh Airport, Turnhouse Road, Edinburgh, Scotland, EH12 9DN",250 to 499,16.1,10.3,48,6.3,82
2022-2023,16183,"Blenheim House, Fountainhall Road, Aberdeen, AB15 4DT",500 to 999,10.93,9.52,31.06,28.36,55
2022-2023,11245,"165 Howard Street, Glasgow, G1 4HF",500 to 999,17.48,4.5,NA,NA,47
2022-2023,11246,"Turnberry Hotel, Ayrshire, KA26 9LT",250 to 499,5.02,0,48.69,82.23,"55,93,96,96"
2022-2023,22347,"Rosslyn Commerce Park, Mitchelston Industrial Estate, Kirkcaldy, Fife, KY1 3NA",250 to 499,8.6,2.1,14,-3.2,17
2022-2023,11306,"Neo Space, Riverside Drive, Aberdeen, Scotland, AB11 7LH",250 to 499,19.05,23.96,-35.81,-29.06,56
2022-2023,11380,"Council Offices, Almada Street, Hamilton, Scotland, ML3 0EW",1000 to 4999,3,0,NA,NA,"90,91,91,93"
2022-2023,18600,"320 St. Vincent Street, Glasgow, Scotland, G2   5AD",500 to 999,4.95,9.21,-91.89,0,35
2022-2023,11434,"320 St. Vincent Street, Glasgow, Scotland, G2   5AD",1000 to 4999,12.29,15.25,63.41,0,96
2022-2023,18599,"320 St. Vincent Street, Glasgow, Scotland, G2   5AD",250 to 499,16.5,12.88,76.81,0,35
2022-2023,17296,"Trojan House Pegasus Avenue, Phoenix Business Park, Paisley, PA1 2BH",250 to 499,-6.6,10.3,17.8,0,87
2022-2023,11449,"Alliance Centre Greenwell Road, East Tullos Industrial Estate, Aberdeen, AB12 3AX",250 to 499,30.47,17.16,61.72,22.11,"45,45,45,45"
2022-2023,297,"1 Marchfield Drive, Westpoint Business Park, Paisley, Renfrewshire, Scotland, PA3 2RB",500 to 999,3.28,0,NA,NA,81
2022-2023,19152,"7 Kirkshaws Road, Coatbridge, ML5 5EY",250 to 499,23.08,28.63,13.64,20,43
2022-2023,11490,"28 Albyn Place, Aberdeen, United Kingdom, AB10 1YL",500 to 999,-2.04,-4.48,NA,NA,82
2022-2023,11499,"Stuart House Eskmills, Station Road, Musselburgh, East Lothian, Scotland, EH21 7PB",1000 to 4999,3.16,0,NA,NA,81
2022-2023,11506,"Alexander Fleming House, 8 Southfield Drive, Elgin, Morayshire, IV30 6GR",500 to 999,2.7,16.4,-119.3,-462,"41,41"
2022-2023,11525,"Peter Wilson Building, King's Buildings, West Mains Road, Edinburgh, EH9 3JG",1000 to 4999,14.8,16.2,NA,NA,"72,75,85"
2022-2023,393,"Inveralmond House, 200 Dunkeld Road, Perth, Perthshire, PH1 3AQ","5000 to 19,999",13.2,18,45.9,17.6,70
2022-2023,18318,"Inveralmond House, 200 Dunkeld Road, Perth, PH1 3AQ",1000 to 4999,15.3,13,44.5,6.7,64
2022-2023,16096,"St Andrews Bay Golf Resort & Spa, St. Andrews, Fife, KY16 8PN",250 to 499,12.6,0.3,67.7,32,55
2022-2023,19458,"Standard Life House, 30 Lothian Road, Edinburgh, United Kingdom, EH1 2DH",1000 to 4999,16.4,22.9,35.5,33.3,82
2022-2023,11665,"Block 3, Units 1,2,3 & 4, Thornliebank Industrial Estate, Glasgow, G46 8JW",250 to 499,38.9,44.8,36,40.9,28
2022-2023,11705,"76 Moss Road, Tillicoultry, Scotland, FK13 6NS",500 to 999,9,8,3,23,47
2022-2023,11713,"C/O Teneo Financial Advisory Limited, 66 Hanover Street, Edinburgh, EH2 1EL",250 to 499,23.1,11.3,41.9,-120.3,"41,70"
2022-2023,19482,"3rd Floor, Sterling House 20 Renfield Street, Glasgow, G2 5AP",250 to 499,6.94,10.71,17.87,7.17,79
2022-2023,11715,"Tofthill, Glencarse, Perth, PH2 7LS",250 to 499,10.6,0,5.1,-25.9,"11,11"
2022-2023,11744,"Altrad Howe Moss Crescent, Dyce, Aberdeen, Scotland, AB21 0GN",1000 to 4999,28.27,36.3,23.8,10.9,91
2022-2023,14967,"Randolph Hill, Fankerton, Denny, FK6 5HJ",250 to 499,-15.96,0,NA,NA,86
2022-2023,16191,"Pacific Quay, Glasgow, G51 1PQ",250 to 499,15.6,9.7,50.5,0,64
2022-2023,11780,"East Campus Prospect Road, Arnhall Business Park, Westhill, Aberdeenshire, AB32 6FE",1000 to 4999,39.1,35.5,54.2,0,82
2022-2023,11827,"96 Kirk Road, Wishaw, Scotland, ML2 7BL",250 to 499,-1.2,0,NA,NA,88
2022-2023,11908,"Nether Road, Galashiels, Selkirkshire, TD1 3HE",500 to 999,8.7,0,53.3,20,82
2022-2023,22713,"Rowan House 1 Robroyston Oval, Nova Business Park, Glasgow, Scotland, G33 1AP",250 to 499,22.69,29.11,-46.29,0,62
2022-2023,12086,"1 Central Park Avenue,, Central Business Park, Larbert, Falkirk, FK5 4RX","5000 to 19,999",10.5,0.6,30,11.3,61
2022-2023,12123,"Wellpark Brewery, 161 Duke Street, Glasgow, G31 1JD",500 to 999,-6.4,8,66.4,83,46
2022-2023,12139,"2 South Gyle Crescent, Edinburgh, United Kingdom, EH12 9FQ",1000 to 4999,24.8,33.9,-3.1,0,64
2022-2023,12180,"The Prentice Centre, 1 Granton Mains Avenue, Edinburgh, Scotland, EH4 4GA",500 to 999,-4.3,-0.1,0,-0.4,"87,88"
2022-2023,12188,"Maxim 3, 2nd Floor, Suite 2b 2 Parklands Avenue, Eurocentral, Holytown, Motherwell, Scotland, ML1 4WQ",500 to 999,17.5,15.6,66.5,40.8,70
2022-2023,12339,"100 Queen Street, Glasgow, Scotland, G1 3DN",1000 to 4999,8,4.6,36.1,9.4,11
2022-2023,17342,"Glasgow Academy, Colebrooke Street, Glasgow, G12 8HE",250 to 499,20.53,22.76,NA,NA,"85,85,85"
2022-2023,20135,"637 Crow Road, Glasgow, G13 1PL",Less than 250,16.2,0,-10,-20,"85,85,85"
2022-2023,12417,"The James Hutton Institute, Invergowrie, Dundee, DD2 5DA",500 to 999,14.1,6.4,NA,NA,72
2022-2023,19066,"1 George Square, Glasgow, G2 1AL",250 to 499,8.9,2.6,NA,NA,59
2022-2023,12471,"Inspire House 3 Renshaw Place, Eurocentral, Lanarkshire, ML1 4UF",500 to 999,0.09,0,NA,NA,82
2022-2023,14264,"The Green House Forrest Estate, Dalry, Castle Douglas, Kirkcudbrightshire, United Kingdom, DG7 3XS",250 to 499,14,6,33,26,74
2022-2023,12495,"Old Course Hotel, Golf Resort And Spa, St Andrews, Fife,, KY16 9SP",250 to 499,8.57,4.92,-63,6.74,55
2022-2023,19366,"Dumfries House, Dumfries House Estate, Cumnock, Ayrshire, KA18 2NJ",250 to 499,11.4,-0.9,NA,NA,91
2022-2023,15715,"Ibrox Stadium, 150 Edmiston Drive, Glasgow, G51 2XD",250 to 499,70,2,97,86,93
2022-2023,22490,"25 Queen Street, Edinburgh, United Kingdom, EH2 1JX",250 to 499,59.8,64.8,53.5,81.8,86
2022-2023,12667,"Thistle Centre Of Wellbeing, 13 Queen's Walk, Edinburgh, Scotland, EH16 4EA",250 to 499,1.06,0,NA,NA,"88,88,96"
2022-2023,12668,"3a Scholars Gate, East Kilbride, Glasgow, Scotland, G75 9JL",500 to 999,-2.9,-2.9,NA,NA,86
2022-2023,12670,"Thistle Seafoods Limited Harbour Street, Boddam, Peterhead, Scotland, AB42 3AU",250 to 499,15.7,5.9,0,0,"10,46"
2022-2023,12690,"34 Old Mill Road, Uddingston, G71 7HH",500 to 999,13.9,0.8,87.6,79.3,32
2022-2023,2002,"Newfield House, 1 New Street, Musselburgh, East Lothian, EH21 6HY",500 to 999,27.3,4,-20.7,0,88
2022-2023,21572,"Rwm House, Kilbagie, Alloa, Scotland, FK10 4DY",250 to 499,13,1.14,35,50,81
2022-2023,12836,"100 Dalsetter Avenue, Glasgow, Scotland, G15 8TE",250 to 499,-0.1,2,45.8,25,42
2022-2023,355,"Henry Duncan House, 120 George Street, Edinburgh, EH2 4LH","5000 to 19,999",29.5,23.7,47.4,27.7,64
2022-2023,13028,"Merchants House, 7 West George Street, Glasgow, G2 1BA",1000 to 4999,0.9,0,NA,NA,"86,87"
2022-2023,13032,"Napier Building Reynolds Avenue, East Kilbride, Glasgow, Scotland, G75 0AF",250 to 499,20.8,24.6,-3.2,0,74
2022-2023,21078,"Office 2.20 83 Princes Street, Edinburgh, Lothian Region, Scotland, EH2 2ER",1000 to 4999,16.2,12.4,10.5,16.2,82
2022-2023,18587,"2 Bothwell Street, Glasgow, G2 6LU",250 to 499,22,0,NA,NA,70
2022-2023,13147,"110 Easter Queenslie Road, Glasgow, Lanarkshire, G33 4UL",250 to 499,-17.31,-17.17,18.97,33.33,46
2022-2023,13200,"1 Meadowhead Road, Irvine, Ayrshire, KA11 5AT",250 to 499,2.4,15.6,-56.5,-129.9,17
2022-2023,13250,"Newmains Avenue, Inchinnan, Renfrewshire, PA4 9RR",500 to 999,10.8,17.2,32.1,5.23,32
2022-2023,15097,"Woodside Way, Glenrothes East, Fife, KY7 4ND",250 to 499,27,34,41,57,46
2022-2023,21260,"C/O Addleshaw Goddard, 24, St. Andrew Square, Edinburgh, Scotland, EH2 1AF",250 to 499,8,23,NA,NA,"25,27"
2022-2023,9203,"Penguin House, Castle Riggs, Dunfermline, Fife, Scotland, KY11 8SG",1000 to 4999,33.41,36.81,41.96,7.32,70
2022-2023,13299,"C/O Brodies Llp Capital Square, 58 Morrison Street, Edinburgh, EH3 8BP",500 to 999,18.7,0.7,59.3,0,46
2022-2023,13300,"C/O Brodies Llp Capital Square, 58 Morrison Street, Edinburgh, EH3 8BP",1000 to 4999,6.8,1.1,37.2,11.5,47
2022-2023,16590,"4 South Oswald, Edinburgh, EH9 2HG",250 to 499,4,0.1,NA,NA,87
2022-2023,13316,"1st Floor Left, 161 Brooms Road, Dumfries, Scotland, DG1 2SH",500 to 999,0.7,1.8,-39.2,-81.8,80
2022-2023,12129,"Newhouse Industrial Estate, Newhouse, Motherwell, Lanarkshire, ML1 5RY",250 to 499,11.2,-12.5,2.6,-5.7,28
2022-2023,13423,"Brookfield House, Burnbrae Drive, Linwood Industrial Estate, Linwood, PA3 3BU",1000 to 4999,-19.9,0.4,42.7,37.2,49
2022-2023,20230,"65 Sussex Street, Glasgow, Scotland, G41 1DX",250 to 499,24,22.42,NA,NA,"25,28,33,43"
2022-2023,566,"Aberlour House, Aberlour-On-Spey, Banffshire, AB38 9LD",1000 to 4999,11.6,-1.2,12.5,0,10
2022-2023,13478,"21-24 Wellmeadow, Blairgowrie, PH10 6AT",500 to 999,21.9,0,NA,NA,86
2022-2023,301,"Kyleshill House, Glencairn Street, Saltcoats, Ayrshire, KA21 5JT",1000 to 4999,12,4,39,33,82
2022-2023,15616,"Xcite Bathgate Balbardie Park, Torphichen Road, Bathgate, West Lothian, EH48 4LA",250 to 499,2.5,2.5,NA,NA,93
2022-2023,7855,"Willow House Kestrel View, Strathclyde Business Park, Bellshill, Scotland, ML4 3PB",500 to 999,-7.4,0,6.5,0,"87,87,88,88"
2022-2023,20242,"Wheatley House, 25 Cochrane Street, Glasgow, Scotland, G1 1HL",250 to 499,-13.2,-27.1,5,0,68
2022-2023,13753,"4th Floor St. Vincent Plaza, 319 St. Vincent Street, Glasgow, Scotland, G2 5RG",500 to 999,9.9,7.5,57.1,18.2,11
2022-2023,13784,"The Glenfiddich Distillery, Dufftown, Keith, Scotland, AB55 4DH",500 to 999,9.8,9.1,16.5,7.9,11
2022-2023,13887,"Sir Ian Wood House Hareness Road, Altens Industrial Estate, Aberdeen, Scotland, AB12 3LE","5000 to 19,999",26.3,33.4,38.2,25,"91,71"
2022-2023,13888,"Level 3, 6 St Andrew Square, Edinburgh, EH2 2BD",500 to 999,34,26,70,50,91
2022-2023,18299,"16 North Esplanade West, Aberdeen, Scotland, AB11 5RJ",500 to 999,19.5,28.2,44.5,87.7,91
2022-2023,13991,"5th Floor Capitol Building, 429-431 Union Street, Aberdeen, AB11 6DA",250 to 499,28.1,38.7,63.7,13,71
2022-2023,21420,"C/O Teneo Financial Advisory Limited 3rd Floor, 66 Hanover Street, Edinburgh, EH2 1EL",500 to 999,40,16,77,93,47
2022-2023,14072,"1 Tanfield, Edinburgh, EH3 5DA",250 to 499,-2,-11,35,0,26
2023-2024,16879,"19 Smith's Place, Leith Walk, Edinburgh, EH6 8NU",250 to 499,-11.67,-4.33,-96.82,33.33,47
2023-2024,17484,"Suite 1, Ground Floor Academy House, 1346 Shettleston Road, Glasgow, Scotland, G32 9AT",Less than 250,3.69,0,NA,NA,"86,88"
2023-2024,14399,"Fairview Mill, Ingliston, Newbridge, Midlothian, EH28 8NB",250 to 499,6.9,10.4,1.7,-45.4,"14,10"
2023-2024,1838,"Westfield House, 4 Mollins Road, Cumbernauld, G68 9HD",500 to 999,1.4,-4.6,19.1,-5,11
2023-2024,777,"72 Milton Road, Kirkcaldy, Fife, Scotland, KY1 1TP",500 to 999,10.21,-15.9,NA,NA,86
2023-2024,17554,"38 Castle Street, Aberdeen, AB11 5YU",500 to 999,8.06,0.09,4.2,7.07,"85,87,87,87"
2023-2024,11648,"1 George Street, Edinburgh, United Kingdom, EH2 2LL",1000 to 4999,25.1,23,32.8,7.8,82
2023-2024,17218,"Pittodrie Stadium, Pittodrie Street, Aberdeen, AB24 5QH",250 to 499,54.9,12,73.8,66.2,"93,93"
2023-2024,793,"Aberdeen Sports Village, Linksfield Road, Aberdeen, Scotland, AB24 5RU",Less than 250,-9.1,-23.4,100,100,93
2023-2024,794,"Kintail House, Forthside Way, Stirling, Stirlingshire, Scotland, FK8 1QZ",500 to 999,5.33,0,NA,NA,96
2023-2024,789,"1 George Street, Edinburgh, United Kingdom, EH2 2LL",1000 to 4999,14.1,7,53.5,9.1,64
2023-2024,11650,"1 George Street, Edinburgh, EH2 2LL",1000 to 4999,30.5,28.5,58.7,57.3,66
2023-2024,790,"1 George Street, Edinburgh, United Kingdom, EH2 2LL",1000 to 4999,30.3,30.9,58.3,65.4,64
2023-2024,11651,"1 George Street, Edinburgh, United Kingdom, EH2 2LL",1000 to 4999,24.8,18.8,55.3,34.6,70
2023-2024,16687,"The Peak, Forthside Way, Stirling, Scotland, FK8 1QZ",Less than 250,-2.8,9.9,NA,NA,"93,93"
2023-2024,18552,"Gateside, 6 Back Road, Dollar, FK14 7EA",500 to 999,-0.54,0,26.84,-40.45,56
2023-2024,19419,"C/O Interpath Ltd, 5th Floor, 130 St. Vincent Street, Glasgow, G2 5HF",250 to 499,9.6,10.7,14.7,0,62
2023-2024,915,"C/O Brodies Llp Capital Square, 58 Morrison Street, Edinburgh, United Kingdom, EH3 8BP",1000 to 4999,12.3,11.7,30.7,33.7,82
2023-2024,950,"Aegon Lochside Crescent, Edinburgh Park, Edinburgh, Scotland, EH12 9SE",1000 to 4999,23.89,24.74,49.8,42.58,82
2023-2024,977,"The Wright Business Centre, Lonmay Road, Glasgow, Scotland, G33 4EL",1000 to 4999,-0.3,0.1,6.8,0,56
2023-2024,308,"Lomondgate, Stirling Road, Dumbarton, Scotland, G82 3RG",500 to 999,14,2.4,31.6,11.5,77
2023-2024,1075,"New Monkland, 251 Stirling Road, Airdrie, Lanarkshire, ML6 7SP",1000 to 4999,25.5,1.8,7.6,28.4,"11,10,10,46"
2023-2024,1095,"9 Central Boulevard, Larbert, United Kingdom, FK5 4RU",1000 to 4999,-1.5,4.2,25.8,55.8,29
2023-2024,1145,"230 Balmore Road, Glasgow, Lanarkshire, G22 6LJ",500 to 999,7.06,1.21,9.43,-1.26,"29,45,45,45"
2023-2024,22078,"21-25 Reform Street, Dundee, DD1 1SG",500 to 999,-1.68,0,33.91,-25,47
2023-2024,1186,"Badentoy Crescent, Portlethen, Aberdeen, AB12 4YD",500 to 999,33.8,35.1,90.1,35.7,91
2023-2024,1194,"69 North Gyle Terrace, Edinburgh, Scotland, EH12 8JY",250 to 499,11.92,5.31,NA,NA,86
2023-2024,20184,"Waverley Gate, 2 - 4 Waterloo Place, Edinburgh, EH1 3EG",250 to 499,8.3,6.2,31.5,25,62
2023-2024,1275,"28 Albyn Place, Aberdeen, United Kingdom, AB10 1YL",1000 to 4999,-0.9,0.2,-33,-35,81
2023-2024,18132,"Angus House, Orchardbank Business Park, Forfar, Angus, DD8 1AN",250 to 499,-12.69,-3.66,NA,NA,"90,91,91,93"
2023-2024,1325,"Apex Hotels House, 1 Mid New Cultins, Edinburgh, Scotland, EH11 4DH",500 to 999,4.5,2.4,-73.1,36.6,55
2023-2024,1343,"Block 2 Units C And D, West Mains Industrial Estate, Grangemouth, Stirlingshire, FK3 8YE",250 to 499,30.62,31.61,26.32,11.95,71
2023-2024,1377,"2 Marischal Square, Broad Street, Aberdeen, Scotland, AB10 1DQ",250 to 499,38.5,41.6,-42.3,-58.7,91
2023-2024,1417,"454 Hillington Road, Glasgow, Scotland, G52 4FH","5000 to 19,999",8,3.7,30.3,5.9,"45,45,45"
2023-2024,1418,"454 Hillington Road, Glasgow, Scotland, G52 4FH",500 to 999,-6.2,-11,10.8,-1.5,77
2023-2024,1427,"Arr Craib Transport Ltd Howe Moss Drive, Kirkhill Industrial Estate, Dyce, Aberdeen, AB21 0GL",250 to 499,7.35,17.66,100,100,49
2023-2024,17341,"6 Coates Crescent, Edinburgh, Midlothian, EH3 7AL",500 to 999,13.56,-1.76,54.5,58,78
2023-2024,1474,"Asco Group Headquarters Unit A, 11 Harvest Avenue, D2 Business Park, Dyce, Aberdeen, AB21 0BQ",500 to 999,5.3,-4,64.3,27,96
2023-2024,22359,"Bridge View, 1 North Esplanade West, Aberdeen, Aberdeenshire, AB11 5QF",250 to 499,18.9,7.5,100,100,78
2023-2024,1639,"AVIAGEN LTD, 11 Lochend Road, Ratho Station, Newbridge, Midlothian, EH28 8SZ",250 to 499,11.99,9.8,29.46,10.7,14
2023-2024,1718,"C/O Dwf Llp Sentinel, 103 Waterloo Street, Glasgow, Scotland, Scotland, G2 7BW",250 to 499,12.3,21.6,29.9,42.6,77
2023-2024,17645,"28 Drumsheugh Gardens, Edinburgh, Scotland, EH3 7RN",500 to 999,-8.8,-3.7,NA,NA,32
2023-2024,1759,"BALHOUSIE CARE GROUP, Earn House, Lamberkine Drive, Perth, PH1 1RA",1000 to 4999,1.47,0,-877.47,-159,86
2023-2024,1764,"Balmoral Park, Loirston, Aberdeen, AB12 3GY",250 to 499,8.1,-3.1,20.3,16.9,22
2023-2024,19915,"180 Hardgate Road, Glasgow, Scotland, G51 4TB",250 to 499,31.89,1.24,80.62,42.86,"25,25,46"
2023-2024,22558,"272 Bath Street, Glasgow, G2 4JR",250 to 499,9.2,15.4,NA,NA,20
2023-2024,1843,"Libertas House, 5th Floor, 39 St. Vincent Place, Glasgow, United Kingdom, G1 2ER",500 to 999,16.1,17.8,30.9,35.6,79
2023-2024,1875,"12 Charlotte Square, Edinburgh, Scotland, EH2 4DJ",500 to 999,2.5,-1,-39.9,0,"10,10,10,10"
2023-2024,1877,"8 Fairways Business Park, Deer Park Avenue, Livingston, Scotland, EH54 8AF",500 to 999,10.66,3.9,37.13,33.6,56
2023-2024,1922,"Bear House,Inveralmond Road, Inveralmond Industrial Estate, Perth, PH1 3TW",500 to 999,2.7,-0.1,-281.6,-201.8,42
2023-2024,1925,"Garscube Estate, Switchback Road, Bearsden, Glasgow, G61 1BD",250 to 499,11.6,7.28,NA,NA,72
2023-2024,22773,"Nevis House, 1st Floor Hamilton International Park, 6 Lister Way, Blantyre, Scotland, G72 0FT",Less than 250,5.77,19.56,49.87,33.33,"71,71"
2023-2024,1954,"Bell Business Park, Rochsolloch Road, Airdrie, ML6 9BG",1000 to 4999,8,11,36,37,"43,43,43,43"
2023-2024,2078,"13 Queens Road, Aberdeen, AB15 4YL",500 to 999,2,-4.4,18,-17,74
2023-2024,2159,"10 Dunkeld Road, Perth, Perthshire, United Kingdom, PH1 5TW",500 to 999,6.18,1.65,47.18,16.67,49
2023-2024,2214,"Marischal College Marischal College, Broad Street, Aberdeen, Scotland, AB10 1AB",1000 to 4999,-3.3,-9.4,NA,NA,88
2023-2024,18699,"Excel House Europoint Office Park 1 Renshaw Place, Holytown, Motherwell, Scotland, ML1 4UF",250 to 499,28.9,36.02,45.12,29.47,43
2023-2024,2359,"Clyde Offices, 2nd Floor, 48 West George Street, Glasgow, G2 1BP",250 to 499,9.3,-9.8,-17.1,0,11
2023-2024,2360,"Clyde Offices, 2nd Floor, 48 West George Street, Glasgow, G2 1BP",1000 to 4999,2.4,0.1,4,14,56
2023-2024,2386,"Seaforth House, Seaforth Place, Burntisland, Fife, KY3 9AX",500 to 999,17,19.7,44.7,-70,"32,33,42"
2023-2024,15096,"18 Blythswood Square, Glasgow, Scotland, G2 4BG",1000 to 4999,8.7,9.6,58.5,80.9,"78,78"
2023-2024,18095,"Triest House, Bridge Street, Galashiels, Selkirkshire, Scotland, TD1 1SW",Less than 250,-1,0,NA,NA,"86,88"
2023-2024,2504,"Unit1 Greystone Avenue, Kelloholm, Sanquhar, Dumfriesshire, DG4 6RB",500 to 999,7.8,0,9.1,8.7,10
2023-2024,23113,"5 Drovers Road, East Mains Industrial Estate, Broxburn, West Lothian, Scotland, EH52 5ND",250 to 499,8.33,3.22,22.4,0,"11,52,82"
2023-2024,2527,"Unit 7, Halbeath Interchange Business Park Kingseat Road, Halbeath, Dunfermline, Fife, Scotland, KY11 8RY",500 to 999,-5,0.7,21.8,1.6,32
2023-2024,22957,"2 Ocean Drive, Leith, Edinburgh, Scotland, EH6 6JB",250 to 499,24.5,21,NA,NA,82
2023-2024,15496,"1 Lochside Place, Edinburgh, EH12 9DF",250 to 499,-0.9,-1.4,NA,NA,85
2023-2024,2613,"Grange House, 34 Grange Street, Kilmarnock, Ayrshire, Scotland, KA1 2DD",500 to 999,9,3,7,30,82
2023-2024,2635,"Gardeners Street, Dunfermline, KY12 0RN",250 to 499,17.39,7.08,88.81,89.16,41
2023-2024,22014,"Link House, 2c New Mart Road, Edinburgh, EH14 1RL",250 to 499,-9.85,-3.17,1.99,14.45,"43,43,43,43"
2023-2024,2648,"78 Longtown Road, Dundee, Tayside, DD4 8JU",1000 to 4999,13.5,4.5,57.5,59.3,"46,47"
2023-2024,2674,"Adam House, 5 Mid New Cultins, Edinburgh, EH11 4DU",1000 to 4999,19.9,20,24,2.4,"41,68"
2023-2024,2687,"1 North Charlotte Street, Edinburgh, Scotland, EH2 4HR",500 to 999,17,13,0,0,56
2023-2024,21194,"40 Torphichen Street, Fourth Floor, Edinburgh, Scotland, EH3 8JB",250 to 499,21.4,16.7,57.7,99,74
2023-2024,14487,"6th Floor, Sugar Bond, 2 Anderson Place, Edinburgh, Scotland, EH6 5NP",250 to 499,1.4,-0.7,-46.7,20,96
2023-2024,2696,"The Ferry Terminal, Gourock, PA19 1QP",500 to 999,8.8,-6.5,11.4,-15.2,50
2023-2024,2738,"Caledonian Exchange, 19a Canning Street, Edinburgh, Scotland, EH3 8HE",250 to 499,-1.5,4.7,-87.5,-200,"10,10"
2023-2024,265,"Vantage Point, 24 St Johns Road, Edinburgh, Scotland, EH12 6NZ",500 to 999,1.91,0.58,7,0,"85,85,87,88"
2023-2024,2844,"Unit 9, Ramsay House Callendar Business Park, Callendar Road, Falkirk, United Kingdom, FK1 1XR",250 to 499,8.5,2.3,NA,NA,87
2023-2024,2894,"Craigmillar Social Enterprise And Arts Centre, 11 Harewood Road, Edinburgh, EH16 4NT",1000 to 4999,-4.6,-2.97,NA,NA,"87,88,88"
2023-2024,18655,"1 Boat Brae, Rattray, Blairgowrie, Scotland, PH10 7BH",250 to 499,20.7,6,6.4,21,36
2023-2024,2943,"1 George Square, Glasgow, Scotland, G2 1AL",500 to 999,3.63,7.93,2.58,11.14,21
2023-2024,2976,"Caledonia House, 2 Lawmoor Street, Glasgow, Strathclyde, G5 0US",500 to 999,31,26.1,81.5,0,"43,43,43,71"
2023-2024,2989,"1 Cambuslang Road, Glasgow, G32 8NB",250 to 499,20.6,18.6,67.8,44.5,"41,41,41"
2023-2024,20638,"1 Huly Hill Road, Newbridge, Edinburgh, Scotland, EH28 8PH",250 to 499,3.93,2.36,23.5,26.9,47
2023-2024,3018,"Celtic Park, Glasgow, G40 3RE",500 to 999,30.9,9.2,43.1,24.4,"93,93"
2023-2024,8274,"Lime Tree House, North Castle Street, Alloa, United Kingdom, FK10 1EX",250 to 499,-1.6,0,26.3,60.9,86
2023-2024,20379,"W. Sam White Building, Peterseat Drive, Altens, Aberdeen, AB12 3HT",250 to 499,18.6,9.8,37.4,15.3,46
2023-2024,3108,"Elphinstone Research Centre, Tranent, EH33 2NE",1000 to 4999,10.22,4.11,71.58,10.24,72
2023-2024,3130,"Sugar Bond Anderson Place, Leith, Edinburgh, Scotland, EH6 5NP",250 to 499,17.3,20.5,8.4,27.1,78
2023-2024,3153,"Troon House, Ardeer Site, Stevenston, Ayrshire,, KA20 3LN",250 to 499,23.45,23.08,60.81,0,82
2023-2024,19073,"Second Floor, Hobart House, 80 Hanover Street, Edinburgh, Scotland, EH2 1EL",Less than 250,8.5,-1.66,NA,NA,86
2023-2024,17156,"Canal Court, 42 Craiglockhart Avenue, Edinburgh, EH14 1LT",250 to 499,11.6,-4.1,NA,NA,"86,86"
2023-2024,3207,"3rd Floor, 146 Argyle Street, Glasgow, Lanarkshire, G2 8BL",250 to 499,-10,-13.5,-52,-11,47
2023-2024,211,"Kilmalid, Stirling Road, Dumbarton, Scotland, G82 2SS",1000 to 4999,8.82,8.22,43.35,22.12,11
2023-2024,3264,"7 B Nightingale Way, Quartermile, Edinburgh, Scotland, EH3 9EG",250 to 499,26.5,26.7,49.7,58.2,62
2023-2024,3280,"Caledonia House, 2 Lawmoor Street, Glasgow, G5 0US",250 to 499,5.1,3.2,61.6,0,81
2023-2024,3281,"Caledonia House, Lawmoor Street, Glasgow, G5 0US",1000 to 4999,5,25.2,-19.6,0,81
2023-2024,18455,"Caledonia House, 2 Lawmoor Street, Glasgow, Strathclyde, G5 0US",500 to 999,12.3,29.1,5.8,-20,81
2023-2024,3333,"First Floor, 9 Haymarket Square, Edinburgh, Scotland, EH3 8RY",250 to 499,12.9,4.4,72.7,14.3,55
2023-2024,11199,"2nd Floor Saltire Court, 20 Castle Terrace, Edinburgh, United Kingdom, EH1 2EN",Less than 250,2.2,6.6,10.8,30.1,69
2023-2024,19605,"Fifth Floor, St Vincent Plaza, 319 St Vincent Street, Glasgow, Scotland, G2 5RZ",500 to 999,60.43,45.15,68.16,85,86
2023-2024,3391,"149 Newlands Road, Cathcart, Glasgow, G44 4EX",250 to 499,16.4,8.6,72,57.6,28
2023-2024,85,"177 Bothwell Street, Glasgow, Scotland, G2 7ER","5000 to 19,999",26.4,34.6,39,20.9,64
2023-2024,4871,"6th Floor, Quartermile 4 7a Nightingale Way, Edinburgh, Scotland, EH3 9EG",500 to 999,27.7,24,71.1,58.1,82
2023-2024,3480,"70 Renton Street, Glasgow, G4 0HT",500 to 999,2.24,0,NA,NA,"88,88"
2023-2024,17923,"6 Muriel Street, Barrhead, Glasgow, G78 1QB",250 to 499,8,2.5,57,73.33,81
2023-2024,19105,"14 City Quay, Camperdown Street, Dundee, Scotland, DD1 3JA",250 to 499,2.56,0.18,NA,NA,86
2023-2024,16252,"C/O Frp Advisory Trading Ltd, Suite B, 4th Floor, Meridian, Union Row, Aberdeen, AB10 1SA",Less than 250,-1,2.7,NA,NA,82
2023-2024,3544,"C/O Brodies Llp, 110 Queen Street, Glasgow, United Kingdom, G1 3BX",250 to 499,-2.9,-10.5,16,22.5,32
2023-2024,3577,"The Doges Studios Templeton Business Centre, 62 Templeton Street, Glasgow, Scotland, G40 1DA",1000 to 4999,-0.67,0,NA,NA,"87,88,88,88"
2023-2024,16944,"2 Queens Road, Aberdeen, Scotland, AB15 4ZT",500 to 999,3.3,-0.58,42.54,14.38,56
2023-2024,3730,"Crieff Hydro Hotel, Ferntower Road, Crieff, Perthshire, PH7 3LQ",250 to 499,6.1,4.5,3.2,-36,55
2023-2024,3748,"C/O Enable Scotland Unit 3, Melisa House,, 3 Brand Place, Glasgow, Scotland, G51 1DR",Less than 250,-7.5,-0.4,NA,NA,88
2023-2024,3774,"16 Walker Street, Edinburgh, Scotland, EH3 7LP",250 to 499,26.68,19.63,71.59,60.68,"41,41,41"
2023-2024,4148,"8 Milton Road, College Milton North, East Kilbride, G74 5BU",250 to 499,4.8,8.1,-4.3,-8,"11,46,82"
2023-2024,3857,"10 Keppochhill Drive, M8 Food Park, Glasgow, G21 1HX",250 to 499,1.9,2.8,18.1,0,10
2023-2024,3858,"Courier Buildings, 2 Albert Square, Dundee, Scotland, DD1 9QJ",500 to 999,14.98,12.97,32.26,25.93,58
2023-2024,3863,"C/O T C Young Merchants House, 7 West George Street, Glasgow, Scotland, G2 1BA",1000 to 4999,1,0,61,0,56
2023-2024,3883,"8 Belgowan Street, Bellshill North Industrial Est, Bellshill, Lanarkshire, ML4 3NS",250 to 499,3.9,1.9,34.1,20,"46,46"
2023-2024,3903,"C/O Brodies Llp Capital Square, 58 Morrison Street, Edinburgh, United Kingdom, EH3 8BP",500 to 999,15.17,21.86,28.63,73.64,"25,25"
2023-2024,3934,"Caulfield House, Cradlehall Business Park, Inverness, IV2 5GH",500 to 999,-0.87,0,NA,NA,86
2023-2024,3985,"Collins House, Rutland Square, Edinburgh, Midlothian, EH1 2AA",1000 to 4999,11.32,7.99,63,68.1,82
2023-2024,4076,"Moodiesburn, Chryston, G69 0JE",250 to 499,6.8,3.3,5.98,-49.24,10
2023-2024,103,"11 Lochside Place, Edinburgh, Scotland, EH12 9HA",1000 to 4999,-1.3,13.8,-53.2,-163.7,11
2023-2024,4123,"C/O Brodies Llp, Capital Square, 58 Morrison Street, Edinburgh, Scotland, EH3 8BP",250 to 499,12.6,24.8,26.8,39.4,73
2023-2024,4134,"Unit 7/8 Whitemyres Avenue, Mastrick Industrial Estate, Aberdeen, Aberdeenshire, AB16 6HQ",1000 to 4999,5.2,3.92,100,100,45
2023-2024,4175,"Melville Nurseries, Lasswade, Midlothian, Scotland, EH18 1AZ",1000 to 4999,17.6,1.7,-21.45,-21.45,82
2023-2024,20278,"North Suite Lomond Court, Castle Business Park, Stirling, Scotland, FK9 4TU",250 to 499,3,9,52,70,86
2023-2024,4187,"Newfordpark House, Glamis Road, Forfar, Angus, DD8 1FR",250 to 499,13,9,NA,NA,13
2023-2024,4191,"Donaldson House Saltire Centre, Pentland Park, Glenrothes, Fife, Scotland, KY6 2AG",250 to 499,1.59,-7.3,-71.84,-197.3,16
2023-2024,14700,"Park House, 14 Bothwell Road, Hamilton, Lanarkshire, ML3 0AY",250 to 499,20,23,0,-5.7,45
2023-2024,4225,"Building D2003, Dounreay, Thurso, Caithness, KW14 7TZ",1000 to 4999,8.61,6.83,16,8.74,99
2023-2024,12780,"C/O Addleshaw Goddard, 24, St. Andrew Square, Edinburgh, Scotland, EH2 1AF",250 to 499,-10,-2.22,30.39,0,"24,28"
2023-2024,4310,"Unit 4 Kirkhill Commercial Park Dyce Avenue, Dyce, Aberdeen, Scotland, AB21 0LQ",250 to 499,30.34,44.84,71.78,60.03,70
2023-2024,4354,"11 First Road, Blantyre Industrial Estate, Blantyre, Glasgow, G72 0ND",250 to 499,22.34,28.86,9,-63,41
2023-2024,21503,"1092 Maryhill Road, Glasgow, G20 9TD",250 to 499,3,0,NA,NA,85
2023-2024,18958,"1 Burnfield Avenue, Thornliebank, Glasgow, Scotland, G46 7TL",250 to 499,4.61,2.66,NA,NA,"90,91,93,93"
2023-2024,28,"8 Westerton Road, East Mains Industrial Estate, Broxburn, West Lothian, Scotland, EH52 5AU",1000 to 4999,37.7,23.3,67.1,58.8,70
2023-2024,389,"Edinburgh Airport, Edinburgh, EH12 9DN",500 to 999,8.7,16.7,22.2,12.9,52
2023-2024,531,"Meadowbank Sports Centre, 139 London Road, Edinburgh, Scotland, EH7 6AE",1000 to 4999,-3.5,-2.5,NA,NA,"93,93"
2023-2024,4484,"The Potterrow, 5/2 Bristo Square, Edinburgh, EH8 9AL",250 to 499,14.1,6.6,NA,NA,85
2023-2024,4489,"100 Queen Street, Glasgow, Scotland, G1 3DN",500 to 999,0.3,2.3,44.9,32.8,11
2023-2024,21816,"100 Queen Street, Glasgow, Scotland, G1 3DN",Less than 250,13,10.9,40.3,38.9,"46,46"
2023-2024,4526,"Hercules House Eskmills,, Station Road, Musselburgh, Scotland, EH21 7PQ",250 to 499,-5.89,0,NA,NA,88
2023-2024,17480,"Haughhead, Hawick, Roxburghshire, TD9 8LF",250 to 499,6.3,7.95,22.3,1.2,"22,27"
2023-2024,4606,"Inspire House 3 Renshaw Place, Eurocentral, Lanarkshire, ML1 4UF",Less than 250,2.5,-3.5,NA,NA,88
2023-2024,4607,"Inspire House 3 Renshaw Place, Eurocentral, Lanarkshire, ML1 4UF",1000 to 4999,1.8,0,NA,NA,88
2023-2024,4621,"Enermech House, Howes Road, Aberdeen, Scotland, AB16 7AG",500 to 999,13.8,10.3,45.9,26.4,82
2023-2024,4640,"Musselburgh Sports Centre, Newbigging, Musselburgh, East Lothian, EH21 7AS",250 to 499,1,1,NA,NA,93
2023-2024,4654,"The Olive House Endeavour Drive, Arnhall Business Park, Westhill, Aberdeenshire, Scotland, AB32 6UF",500 to 999,16.88,15.81,25,50,56
2023-2024,13798,"49 Burnbrae Road, Linwood, Paisley, Renfrewshire, PA3 3BD",500 to 999,-14.6,-12.1,-179.5,-32.4,"38,38,38,38"
2023-2024,4706,"The Erskine Home, Erskine Veterans Village, Bishopton, Renfrewshire, Scotland, PA7 5PU",500 to 999,3,0,NA,NA,"86,87"
2023-2024,4714,"Suite 1/14 Falkirk Business Hub, 45 Vicar Street, Falkirk, Stirlingshire, Scotland, FK1 1LL",1000 to 4999,-0.31,0,29.91,60,56
2023-2024,4752,"10 /16, 10 Colvilles Place, East Kilbride, G75 0SN",250 to 499,-14,-3,-8,21,46
2023-2024,3469,"10 Empress Court, St Andrew Street, Greenock, Inverclyde, PA15 4RW",500 to 999,21,9.9,NA,NA,81
2023-2024,4800,"3 Inchcorse Place, Whitehill Industrial Estate, Bathgate, Scotland, EH48 2EE",250 to 499,21.6,23,2.1,0,96
2023-2024,1465,"9 George Square, Glasgow, United Kingdom, G2 1DY",250 to 499,3.65,0,38,61,82
2023-2024,15729,"Kirkton House, Kirkton Of Cults, Pitlessie, Fife, KY15 7TE",500 to 999,-1.11,-1.7,38.02,47.22,56
2023-2024,21153,"9th Floor Aurora Building, 120 Bothwell Street, Glasgow, United Kingdom, G2 7JS",250 to 499,4.1,7.7,13.99,26.4,62
2023-2024,22922,"Mcdonalds 26 Brandon Parade, Brandon Parade South, Motherwell, North Lanarkshire, Scotland, ML1 1RB",500 to 999,0.81,0.07,25,20,56
2023-2024,4915,"7 Greens Road, Cumbernauld, Glasgow, G67 2TU",500 to 999,4.3,16.8,-0.8,16.9,52
2023-2024,4916,"7 Greens Road, Blairlinn, Cumbernauld, G67 2TU",1000 to 4999,4.7,0,53.5,15.1,47
2023-2024,4919,"Station Road, Duns, Berwickshire, TD11 3HS",500 to 999,-3.6,2.5,-78.6,-59,10
2023-2024,20013,"Newark Works, Castle Road, Port Glasgow, Scotland, PA14 5NG",250 to 499,-53,-24,-75,-94,30
2023-2024,4974,"Iona House John Smith Business Park, Grantsmuir Road, Kirkcaldy, Fife, Scotland, KY2 6NA",250 to 499,0.41,0,NA,NA,"90,91,91,91"
2023-2024,4975,"10 Dunkeld Road, Perth, Perthshire, United Kingdom, PH1 5TW",1000 to 4999,4,1.9,-96.2,8.3,49
2023-2024,4976,"Music Institute, Carnegie Hall, East Port, Dunfermline, Fife, KY12 7JA",500 to 999,-1,0,NA,NA,93
2023-2024,5000,"395 King Street, Aberdeen, AB24 5RP",250 to 499,8.9,3.7,28.9,24,49
2023-2024,5012,"100 Cathcart Road, Glasgow, G42 7BH",1000 to 4999,7.5,0.9,12.9,10,49
2023-2024,5013,"100 Cathcart Road, Glasgow, G42 7BH",250 to 499,-0.6,-3.9,-55,-80,49
2023-2024,5050,"Edenfields, Cupar Trading Estate, Cupar, United Kingdom, KY15 4SX",500 to 999,5.06,2.73,33.22,40,96
2023-2024,20304,"Scotia House, The Castle Business Park, Stirling, Scotland, FK9 4TZ",500 to 999,12,11,100,100,41
2023-2024,5152,"Forth House, Pirnhall Business Park, Stirling, FK7 8HW",1000 to 4999,33,31,71,16,41
2023-2024,5155,"1 Prince Of Wales Dock, Edinburgh, Midlothian, EH6 7DX",500 to 999,-0.2,6.6,-52,0,52
2023-2024,11908,"Nether Road, Galashiels, Selkirkshire, TD1 3HE",500 to 999,9.34,-0.47,61,37.5,82
2023-2024,5179,"C/O Brodies Llp Capital Square, 58 Morrison Street, Edinburgh, United Kingdom, EH3 8BP",250 to 499,-10,-0.2,NA,NA,86
2023-2024,21175,"One Edinburgh Quay, 133 Fountainbridge, Edinburgh, Scotland, EH3 9QG",250 to 499,21.2,26,64.3,99.7,62
2023-2024,5269,"28 Albyn Place, Aberdeen, United Kingdom, AB10 1YL",500 to 999,24,25.1,44.3,0,71
2023-2024,17680,"16 Carsegate Road South, Inverness, IV3 8LL",250 to 499,13.16,18.59,NA,NA,43
2023-2024,5327,"Abbeymill Business Centre 12 Seedhill Road, Suite 5004, Paisley, Scotland, PA1 1JS",1000 to 4999,2.8,1,NA,NA,81
2023-2024,22326,"Unit A, Inchyra Business Park, Bo'Ness Road, Grangemouth, Stirlingshire, Scotland, FK3 9XF",250 to 499,8.16,2.38,27,-33.33,52
2023-2024,5380,"Citypoint 2, 25 Tyndrum Street, Glasgow, Scotland, G4 0JY",1000 to 4999,5.01,-1.16,31.51,-12.51,77
2023-2024,15873,"Ibrox Stadium, 150 Edmiston Drive, Glasgow, G51 2XD",Less than 250,16,0,100,100,80
2023-2024,5398,"Tinwald Downs Road, Heathhall, Dumfries & Galloway, Scotland, DG1 1TS",500 to 999,8,13.1,38.4,0,"15,22,70"
2023-2024,660,"Monument Crescent, Shawfarm Industrial Estate, Prestwick, KA9 2RX",500 to 999,-1.8,2.1,-61.6,-1.8,52
2023-2024,22943,"Blackbyres Road, Barrhead, Glasgow, Lanarkshire, G78 1DU",250 to 499,23,19,50,36,"42,42,42,42"
2023-2024,14168,"Commonwealth House, 38 Albion Street, Glasgow, Scotland, G1 1LH",1000 to 4999,-8,-5.7,NA,NA,91
2023-2024,5524,"Glasgow Prestwick Airport, Aviation House, Prestwick, Ayrshire, KA9 2PL",250 to 499,10.1,17.2,NA,NA,"51,51,51"
2023-2024,5548,"Gleneagles Hotel, Auchterarder, Perthshire, PH3 1NF",1000 to 4999,10.9,1,75.8,66.6,55
2023-2024,5558,"Port Of Nigg, Ross-Shire, Scotland, IV19 1QU",250 to 499,32.85,21.83,58.9,45.15,25
2023-2024,22241,"24 St Vincent Place, 4th Floor, Glasgow, Scotland, G1 2EU",500 to 999,30,30,62,-21,62
2023-2024,14275,"41 Commercial Street, Leith, Edinburgh, EH6 6JD",250 to 499,4.09,0,34.83,-29.33,47
2023-2024,5650,"Airthrey Kerse Farm, Henderson Street, Bridge Of Allan, Stirlingshire, FK9 4RW",500 to 999,11,10.25,64,35,"10,70"
2023-2024,5679,"South Road, South Road, Fraserburgh, Aberdeenshire, Scotland, AB43 9HU",500 to 999,10.3,8.3,52.3,0,29
2023-2024,5680,"Gray & Adams, South Road, Fraserburgh, Scotland, AB43 9HU",500 to 999,11.2,1.5,55.2,0,29
2023-2024,5755,"300 Bath Street, Floor 5, Glasgow, United Kingdom, G2 4JR",1000 to 4999,-2,-3,100,100,82
2023-2024,13994,"Building 1 9 Haymarket Square, Edinburgh, Scotland, EH3 8RY","20,000 or more",9.9,10.4,34.1,27.9,"49,52"
2023-2024,5812,"100 Albert Drive, Glasgow, G41 2SJ",Less than 250,10.9,31.4,69.9,88.5,43
2023-2024,17561,"C/O Quantuma Advisory Limited, 86a George Street, Edinburgh, EH2 3BU",250 to 499,0.1,0.1,0.1,0.1,86
2023-2024,22381,"Halliburton House Howe Moss Crescent, Dyce, Aberdeen, AB21 0GN",1000 to 4999,20,21,54,54,70
2023-2024,17576,"Halliburton House Howe Moss Crescent, Dyce, Aberdeen, AB21 0GN",1000 to 4999,20,21,54,54,82
2023-2024,5924,"Broadmeadows, Symington, Ayrshire, KA1 5PU",250 to 499,9.1,0,NA,NA,"87,88"
2023-2024,12392,"Markethill Road, Turriff, Aberdeenshire, AB53 4PA",250 to 499,16.32,4.27,48.63,0,"10,81"
2023-2024,5949,"1 Robroyston Gate, Robroyston, Glasgow, Scotland, G33 1JN",500 to 999,11.9,4.2,38.4,10.7,"58,82"
2023-2024,6025,"The Mound, Edinburgh, EH1 1YZ","20,000 or more",25.1,27.8,52.7,61.7,64
2023-2024,17320,"Collins House, Rutland Square, Edinburgh, Midlothian, EH1 2AA",250 to 499,46.4,20,100,100,93
2023-2024,6068,"6 St. Andrew Square, Edinburgh, Scotland, EH2 2BD",1000 to 4999,3.8,2.6,20.5,7.7,11
2023-2024,19716,"13 Queen's Road, Aberdeen, AB15 4YL",500 to 999,13.98,12.23,NA,NA,78
2023-2024,618,"High Life Highland Highland Archive Centre, Bught Road, Inverness, Scotland, IV3 5SS",500 to 999,9.9,17,NA,NA,"85,85,91,93"
2023-2024,6178,"10 Dunkeld Road, Perth, Perthshire, United Kingdom, PH1 5TW",250 to 499,7.4,4.1,69.4,8.3,49
2023-2024,15472,"100 Queen Street, Glasgow, Scotland, G1 3DN",250 to 499,24.2,2.1,71.4,6.3,"11,46"
2023-2024,6179,"Stirling Street, Blackford, Perthshire, PH4 1QA",250 to 499,-13,-3,26,0.8,11
2023-2024,6180,"Head Office, Inverness Airport, Inverness, IV2 7JB",500 to 999,17.8,16,NA,NA,52
2023-2024,20059,"1 Explorer Road, Dundee Technology Park, Dundee, United Kingdom, DD2 1EG",Less than 250,41.51,33.74,NA,NA,68
2023-2024,5632,"1 Explorer Road, Dundee, Tayside, DD2 1EG",500 to 999,0.21,0,NA,NA,"87,88"
2023-2024,20058,"1 Explorer Road, Dundee, Tayside, DD2 1EG",Less than 250,14.11,12.97,31.97,35.22,96
2023-2024,21425,"C/O Dla Piper, Collins House, Rutland Square, Edinburgh, United Kingdom, EH1 2AA",1000 to 4999,11.39,0.09,NA,NA,"87,87"
2023-2024,6347,"Fountain House 2nd Floor, 1-3 Woodside Crescent, Glasgow, G3 7UL",250 to 499,-9,1,-3,60,24
2023-2024,19110,"Empire House 1/1 131 West Nile Street, Glasgow, Scotland, G1 2RX",500 to 999,2,0,20,61,82
2023-2024,6429,"Gateway Business Park, Moss Road, Aberdeen, AB12 3GQ",250 to 499,16.8,8.7,NA,NA,32
2023-2024,6580,"63 Glasgow Road, Stirling, Stirlingshire, FK7 0PA",500 to 999,26.6,13,72.7,26.1,96
2023-2024,20716,"Terra Nova, 3 Explorer Road, Dundee, Angus, DD2 1EG",500 to 999,21.57,23.54,9.28,26.22,70
2023-2024,6686,"5 South Charlotte Street, Edinburgh, Scotland, EH2 4AN",500 to 999,-10.09,-8.53,-106.36,-110,"63,70,82,82"
2023-2024,16317,"Kinnaird Head Works, Bath Street, Fraserburgh, United Kingdom, AB43 9DY",250 to 499,22.5,7.4,NA,NA,10
2023-2024,22821,"Moffat Distillery, Roughrigg Road, Airdrie, Lanarkshire, Scotland, ML6 8FU",250 to 499,8.52,0.57,23.55,8.36,11
2023-2024,16960,"Waterfront Leisure Complex, Customhouse Way, Greenock, Inverclyde, PA15 1EW",Less than 250,1.7,-2.7,NA,NA,"93,93,93"
2023-2024,20488,"6 Atlantic Quay, 55 Robertson Street, Glasgow, Scotland, G2 8JD",250 to 499,0.5,8.6,81.7,74.2,63
2023-2024,19927,"13 Queen's Road, Aberdeen, AB15 4YL",500 to 999,9.7,17,0.3,-39.1,61
2023-2024,23410,"Unit 14, Caledonian Road, Glengarnock, Ayrshire, KA14 3DA",250 to 499,35,32,100,100,25
2023-2024,6886,"Vermont House, 149 Vermont Street, Kinning Park, Glasgow, G41 1LU",1000 to 4999,5,1,81,3.81,"46,47"
2023-2024,6909,"83 New Street, Stevenston, KA20 3HD",250 to 499,51.4,44.5,100,100,"33,43,43"
2023-2024,16730,"Howden Group Limited, Old Govan Road, Renfrew, Scotland, PA4 8XJ",250 to 499,-5,1,-411,46,28
2023-2024,6914,"Newmill, Elgin, IV30 4AF",1000 to 4999,16.2,12.9,34.8,5.3,"13,14,46,47"
2023-2024,18558,"Broomage Avenue, Larbert, United Kingdom, FK5 4NQ",500 to 999,-3,-3,4,-42,16
2023-2024,6915,"Broomage Avenue, Larbert, FK5 4NQ",250 to 499,-12,-7,7,-52,"16,16"
2023-2024,6935,"Rsm Restructuring Advisory Llp Third Floor, 2 Semple Street, Edinburgh, EH3 8BL",250 to 499,6.5,7.5,NA,NA,49
2023-2024,6951,"Forvis Mazars Capital Square, 58 Morrison Street, Edinburgh, United Kingdom, EH3 8BP",250 to 499,10.1,10,17.1,0,"70,82"
2023-2024,21088,"The Ca'D'Oro, 45 Gordon Street, Glasgow, Scotland, G1 3PE",500 to 999,0.89,0,17.44,-3.85,47
2023-2024,14118,"Jfd Westhill Industrial Estate, Enterprise Drive, Westhill, Aberdeen, AB32 6TQ",250 to 499,35.5,29.8,NA,NA,32
2023-2024,22867,"Mcdonald's St James Retail Park, 27 Glasgow Road, Dumbarton, Scotland, G82 1RB",250 to 499,-0.22,0.19,54.75,75.12,56
2023-2024,6992,"Alliance Centre Greenwell Road, East Tullos Industrial Estate, Aberdeen, AB12 3AX",Less than 250,32.3,15.05,92.48,46.94,"45,45,45,45"
2023-2024,6998,"Deanside Road, Hillington, Glasgow, G52 4XB",500 to 999,12.2,18.3,NA,NA,"49,49,52,52"
2023-2024,7022,"Baird House, 4, Lower Gilmore Bank, Edinburgh, Scotland, EH3 9QP",1000 to 4999,12.45,13,28.95,33.55,32
2023-2024,7033,"Bishop's Court, 29 Albyn Place, Aberdeen, Scotland, AB10 1YL",500 to 999,8.76,12.86,9.76,0,82
2023-2024,17585,"Block 5 Dunsinane Avenue, Dunsinane Industrial Estate, Dundee, Scotland, DD2 3QN",Less than 250,90.22,-6.32,85.24,40,"31,31"
2023-2024,21113,"45 Sinclair Rd, Aberdeen, Uk, United Kingdom, AB11 9BG",250 to 499,9.22,5.2,100,100,"10,10"
2023-2024,7118,"13 Queens Road, Aberdeen, AB15 4YL",1000 to 4999,6,5,33,74,10
2023-2024,7136,"H&P Bankhead Drive, City South Office Park, Portlethen, Aberdeen, Scotland, AB12 4XX",500 to 999,26.29,26.26,3.7,0.66,82
2023-2024,147,"Kepak Group Limited Cookston Road, Portlethen, Aberdeen, Scotland, AB12 4QB",1000 to 4999,9.9,9.8,0,0,10
2023-2024,7218,"Balmalcolm Farm, Cupar, Fife, KY15 7TJ",500 to 999,3.05,4.05,NA,NA,"10,10"
2023-2024,7228,"50 Mauchline Street, Glasgow, United Kingdom, G5 8HQ",500 to 999,-8.8,-16.4,9.6,0,46
2023-2024,16624,"133 Finnieston Street, Floor 7, Glasgow, Scotland, G3 8HB",500 to 999,8.7,0,NA,NA,"85,87"
2023-2024,7277,"C/O Restructuring, S&W Partners Llp, Q Court, 3 Quality Street, Edinburgh, EH4 5BP",1000 to 4999,2,0,NA,NA,87
2023-2024,17109,"Saltire Centre, Pentland Court, Glenrothes, Fife, KY6 2DA",250 to 499,-0.6,-8.83,NA,NA,"87,88,88"
2023-2024,7329,"Caledonian Exchange, 19a Canning Street, Edinburgh, Scotland, EH3 8HE",250 to 499,3.5,12.8,95.9,0,25
2023-2024,14805,"Unit 3, Kpp Chartered Accountants Morris Park, 37 Rosyth Road, Glasgow, Scotland, G5 0YE",1000 to 4999,19,24,NA,NA,82
2023-2024,23152,"Fenick House Lister Way, Hamilton International Technology Park, Glasgow, Scotland, Scotland, G72 0FT",500 to 999,29.2,39.3,43.7,50.3,43
2023-2024,7560,"Skypark 1 8 Elliot Place, Glasgow, Scotland, G3 8EP",1000 to 4999,20.7,22,48,0,62
2023-2024,7566,"Rigifa, Cove, Aberdeen, AB12 3LR",250 to 499,0.82,4.8,47.61,45.37,"81,42,42"
2023-2024,7628,"3 Fountain Drive, Inchinnan Business Park, Paisley, PA4 9RF",1000 to 4999,4.5,5.4,14.9,-0.5,32
2023-2024,7632,"Beechwood Park North, Inverness, IV2 3ED",500 to 999,2,2.9,-5.8,2.8,86
2023-2024,7645,"73 Bothwell Road, Hamilton, ML3 0DW",500 to 999,2.4,0.2,34.9,34.9,10
2023-2024,15279,"C/O Robb Ferguson Third Floor, 70 West Regent Street, Glasgow, Scotland, G2 2QZ",250 to 499,3.2,0,1,1,56
2023-2024,7710,"Dewars Centre, Glover Street, Perth, Scotland, PH2 0TH",250 to 499,4.2,0,NA,NA,93
2023-2024,17326,"Live Borders Council Headquarters, Newtown St Boswells, Melrose, Scotland, TD6 0SA",250 to 499,0.8,-3.7,NA,NA,"91,91,91,93"
2023-2024,7728,"The Mound, Edinburgh, EH1 1YZ","20,000 or more",26.7,32.8,54.9,59.4,64
2023-2024,7753,"Lightyear Building 9 Marchburn Drive, Glasgow Airport, Paisley, Renfrewshire, Scotland, PA3 2SJ",500 to 999,32.9,33.7,90.3,97.8,"51,51,51"
2023-2024,7766,"520 Hillington Road, Braehead, Glasgow, United Kingdom, G52 4UB",250 to 499,22.4,23.1,67.4,45.8,"45,45,45,45"
2023-2024,20554,"520 Hillington Road, Braehead, Glasgow, G52 4UB",Less than 250,9.2,11.3,34,32,45
2023-2024,21613,"5-13 Low Street, Buckie, Scotland, AB56 1UX",250 to 499,12.56,5.47,3.53,0,10
2023-2024,7858,"55 Annandale Street, Edinburgh, Midlothian, EH7 4AZ",1000 to 4999,0.42,0,72.66,32.46,49
2023-2024,23072,"Bankell House Strathblane Road, Milngavie, Glasgow, G62 8LE",250 to 499,5.37,-2.04,20.13,-0.4,47
2023-2024,22065,"6 St Andrew Square, Level 4, Edinburgh, Scotland, EH2 2BD",250 to 499,-3.6,-11.4,-6.9,-62.8,11
2023-2024,7963,"Whiteside House, Whiteside Industrial Estate, Bathgate, West Lothian, United Kingdom, EH48 2RX",1000 to 4999,23.49,20.09,58.12,32.76,55
2023-2024,7965,"Whiteside House, Whiteside Industrial Estate, Bathgate, West Lothian, United Kingdom, EH48 2RX",250 to 499,6.85,1.46,-33.85,-9.44,55
2023-2024,7966,"Brodies House, 31-33 Union Grove, Aberdeen, United Kingdom, AB10 6SD",250 to 499,15.25,-4.45,56.74,27.27,10
2023-2024,7971,"Wheatfield Road, Edinburgh, EH11 2QA",250 to 499,3,8.2,-6.1,-15.7,21
2023-2024,14389,"15-17 Henderson Road, Inverness, IV1 1SN",250 to 499,6.1,-1.1,22.9,0,"46,46,46,77"
2023-2024,7991,". Hunter Avenue, Loanhead, Scotland, EH20 9SL",250 to 499,13,10,-2.8,0,"28,28,28,28"
2023-2024,8068,"The Office Bowfield Road, Howwood, Johnstone, Renfrewshire, PA9 1DZ",500 to 999,3,0,11,33,55
2023-2024,8195,"Elliott House, Kilwinning Road, Irvine, KA12 8TG",250 to 499,11,11,46,0,49
2023-2024,8220,"Kelvin Avenue, Hillington, Glasgow, G52 4LF",500 to 999,15.6,11.2,NA,NA,22
2023-2024,8232,"C/O Harper Macleod Llp The Ca'D'Oro, 45 Gordon Street, Glasgow, Scotland, G1 3PE",250 to 499,16.39,16.28,42.41,46.08,"45,45,45,45"
2023-2024,8234,"Exchange Tower 3rd Floor, 19 Canning Street, Edinburgh, Scotland, EH3 8EG",500 to 999,-7,-4,-2,-2,82
2023-2024,8241,"10 Keppochhill Drive, Glasgow, G21 1HX",250 to 499,1.9,2.8,18.1,0,70
2023-2024,8243,"99 Earnhill Road, Larkfield Industrial Estate, Greenock, Renfrewshir, PA16 0EQ",500 to 999,-10.4,4.358,NA,NA,49
2023-2024,18815,"Carmuirs House, 300 Stirling Road, Larbert, Stirlingshire, FK5 3NJ",500 to 999,5,1,NA,NA,49
2023-2024,8254,"Heathfield House Phoenix Crescent, Strathclyde Business Park, Bellshill, North Lanarkshire, Scotland, ML4 3NJ",250 to 499,33.9,47.3,28,78.3,41
2023-2024,8262,"Third Floor, The Capitol, 431 Union Street, Aberdeen, United Kingdom, AB11 6DA",250 to 499,3.8,2.1,38.9,38.8,49
2023-2024,8269,"Lydiafield, Standalane, Annan, Scotland, DG12 5JR",250 to 499,-9.1,0.3,NA,NA,"86,86"
2023-2024,20305,"Dumyat Technology Centre, Alva Industrial Estate, Alva, Scotland, FK12 5DW",250 to 499,0,2,-110,-100,86
2023-2024,15681,"Verdant 2 Redheughs Rigg, South Gyle, Edinburgh, Scotland, EH12 9DQ",250 to 499,3,0,31,0,53
2023-2024,8442,"Carmuirs House, 300 Stirling Road, Larbert, Stirlingshire, FK5 3NJ",250 to 499,4,39,NA,NA,49
2023-2024,8475,"Miller House, 2 Lochside View, Edinburgh Park, Edinburgh, EH12 9DH",1000 to 4999,11,5.3,5,-17.3,41
2023-2024,8546,"Mitsubishi Electric Air Conditioning, Nettlehill Road, Houstoun Industrial Estate, Livingston, EH54 5EQ",1000 to 4999,5.4,3.9,7.25,6.38,"27,28"
2023-2024,17383,"C/O Brodies Llp Capital Square, 58 Morrison Street, Edinburgh, United Kingdom, EH3 8BP",500 to 999,-4,2.7,-1.8,0,10
2023-2024,8092,"1st Floor Admiralty Park, Admiralty Road, Rosyth, Fife, KY11 2YW",500 to 999,9.3,0,31.3,37.7,32
2023-2024,21171,"C/O T C Young Merchants House, 7 West George Street, Glasgow, Scotland, G2 1BA",250 to 499,-1,0,34,-22,56
2023-2024,8711,"Polbeth Industrial Estate, West Calder, EH55 8TJ",250 to 499,83.95,61.62,-54.22,-323.81,"37,41,42,42"
2023-2024,21992,"Murgitroyd House, 165-169 Scotland Street, Glasgow, Scotland, G5 8PL",250 to 499,46,47.6,49,0,69
2023-2024,8729,"Sir Ian Wood House Hareness Road, Altens Industrial Estate, Aberdeen, Scotland, AB12 3LE",Less than 250,30.5,40.2,46.7,-22.7,"71,71"
2023-2024,22416,"4th Floor 115 George Street, Edinburgh, Scotland, EH2 4JN",250 to 499,10.69,10.36,14.81,12.09,62
2023-2024,17761,"13 Winchester Avenue, Denny, Scotland, FK6 6QE",250 to 499,4,0,24,0,38
2023-2024,20616,"C/O Alvarez & Marsal Europe Llp, Sutherland House, 149 St. Vincent Street, Glasgow, G2 5NW",250 to 499,-9.8,-13.8,48.4,-20.2,46
2023-2024,19307,"36 St Andrew Square, Edinburgh, EH2 2YB",500 to 999,38.6,31,59.4,52.9,66
2023-2024,18319,"Level 2.1 Wellington Place, 107 West Regent Street, Glasgow, Scotland, G2 2BA",500 to 999,29.06,31.17,58.33,55.83,61
2023-2024,9062,"Portal And Townhouse, 66 High Street, Irvine, United Kingdom, KA12 0AZ",Less than 250,-3.3,-7.4,NA,NA,"93,93,93,96"
2023-2024,9119,"Lindsayfield Lodge, Rosaburn Avenue, East Kilbride, Glasgow,, G75 9DE",500 to 999,63.88,18.18,65.4,50,87
2023-2024,9146,"Maxim 3 2nd Floor, Suite 2b 2 Parklands Avenue, Eurocentral, Holytown, Motherwell, Scotland, ML1 4WQ",250 to 499,6.4,16.7,24.4,-39,"45,45"
2023-2024,19729,"Redwood House 5 Redwood Crescent, Peel Park, East Kilbride, Scotland, G74 5PP",500 to 999,10.1,0,51.2,55.7,93
2023-2024,21869,"Unit 5 Mayfield Industrial, Estate, Mayfield, Dalkeith, Midlothian, EH22 4AD",250 to 499,3.45,-2.19,-16.26,9.01,39
2023-2024,9259,"Head Office, 40 Lambhill Street, Kining Park, Glasgow, G41 1AU",250 to 499,-7.7,0,NA,NA,87
2023-2024,8371,"42 Dryden Road, Bilston Ind Estate, Loanhead, Midlothian, Scotland, EH20 9LZ",1000 to 4999,8.7,9.3,14,0,"70,82"
2023-2024,1455,"42 Dryden Road, Bilston Ind Estate, Loanhead, Midlothian, EH20 9LZ",1000 to 4999,32.2,38.6,8,-25,"43,43,43,61"
2023-2024,19038,"Lower Ground Floor Prime View, Prime Four Business Park, Kingswells, Aberdeen, Scotland, AB15 8PU",250 to 499,18.73,13.37,33.73,31.03,82
2023-2024,22297,"Clyde Offices 2nd Floor, 48 West George Street, Glasgow, Scotland, G2 1BP",250 to 499,5.5,-8.9,21.7,0,70
2023-2024,5330,"Hamilton House, 70 Hamilton Drive, Glasgow, United Kingdom, G12 8DR",500 to 999,-10,-3,-28,-9,47
2023-2024,9382,"Minerva House, Bruntland Road, Portlethen, Aberdeen, Aberdeenshire, AB12 4QL",Less than 250,3.9,16.2,-16.6,-37.8,82
2023-2024,9389,"200 St. Vincent Street, Glasgow, Scotland, G2 5SG",500 to 999,35.9,11.76,62.48,34.64,86
2023-2024,17316,"Mill Dene Beanburn, Ayton, Eyemouth, Scotland, TD14 5QY",250 to 499,57.6,14.2,57,73.9,78
2023-2024,22137,"Queensferry House, Carnegie Campus, Dunfermline, Fife, KY11 8GR",250 to 499,16.47,10.36,30.83,14.55,"26,28"
2023-2024,9405,"Springfield, Linlithgow, Midlothian, EH49 7LR",1000 to 4999,17.4,14.8,49.9,52,"62,62,62,63"
2023-2024,22748,"Blairton House Old Aberdeen Road, Balmedie, Aberdeen, Scotland, AB23 8SH",250 to 499,-7.4,-2.8,-44.3,-13.9,16
2023-2024,9430,"Orion House, Castleheather, Inverness, IV2 6AA",500 to 999,41,52,45,31,78
2023-2024,9513,"59 Charles Street, Glasgow, Scotland, G21 2PR",250 to 499,2,2,NA,NA,86
2023-2024,9520,"Studio 3002 Mile End Mill, 12 Seedhill Road, Paisley, Scotland, PA1 1JS",250 to 499,-18.1,15.13,41.81,35.18,78
2023-2024,9530,"Paterson Building, Gartsherrie Road, Coatbridge, Lanarkshire, ML5 2EU",250 to 499,5.1,2.8,8.2,0,81
2023-2024,9595,"Park House, 14 Bothwell Road, Hamilton, Lanarkshire, ML3 0AY",1000 to 4999,22.1,20.6,60.2,10.1,"45,45,45,45"
2023-2024,22963,"Rosehall, The Square, Grantown-On-Spey, Scotland, PH26 3HG",250 to 499,1.85,-4.35,NA,NA,87
2023-2024,9592,"Rosehall, The Square, Grantown-On-Spey, Scotland, PH26 3HG",250 to 499,4.09,0,NA,NA,87
2023-2024,9593,"Park House, 14 Bothwell Road, Hamilton, Lanarkshire, ML3 0AY",250 to 499,2.9,0,91.4,39.1,49
2023-2024,9607,"West Kirk, 84a Portland Street, Kilmarnock, Ayrshire, KA3 1AA",250 to 499,-4.3,0,NA,NA,88
2023-2024,19331,"1 Blair Court North Avenue, Clydebank Business Park, Clydebank, Glasgow, G81 2LA",Less than 250,18.8,0.9,21.28,9.13,82
2023-2024,21399,"11 Fountain Crescent, Inchinnan Business Park, Inchinnan, Renfrew, PA4 9RE",250 to 499,0,-3,10,13,27
2023-2024,9721,"Orchard Brae House, 30 Queensferry Road, Edinburgh, Scotland, EH4 2HS",500 to 999,1.88,0.07,7.6,0,"86,87,88,94"
2023-2024,16193,"Thistle House, 21/23 Thistle Street, Edinburgh, EH2 1DF",1000 to 4999,-5,-0.7,-277.4,18.6,78
2023-2024,9772,"Clyde Offices 2nd Floor, 48 West George Street, Glasgow, Scotland, G2 1BP",500 to 999,13.4,33.2,62.2,45.8,"45,45"
2023-2024,9780,"Thorntons Solicitors Whitehall House, 33 Yeaman Shore, Dundee, Scotland, DD1 4BJ","5000 to 19,999",46.51,28.21,82.7,78.13,86
2023-2024,16377,"Bridge View, 1 North Esplanade West, Aberdeen, AB11 5QF",1000 to 4999,27.7,37.4,26.6,22.3,91
2023-2024,9786,"Bo'Ness Road, Grangemouth, Stirlingshire, FK3 9XH",500 to 999,13,16,6.52,0,19
2023-2024,14376,"R A Clement Associates, 5 Argyll Square, Oban, Argyll, Scotland, PA34 4AZ",250 to 499,19.5,28.5,27.5,60.1,"23,71,72,77"
2023-2024,9884,"Pinnacle Hill, Kelso, Roxburghshire, TD5 8XX",500 to 999,31.2,16.1,80.5,89.21,27
2023-2024,21971,"50 Lothian Road, Festival Square, Edinburgh, Scotland, EH3 9WJ",250 to 499,8.5,6.6,28.2,19.6,74
2023-2024,21790,"Mcdonalds Restaurant, Whitburn Road, Bathgate, West Lothian, Scotland, EH48 2RA",500 to 999,-3.88,0,25.04,0,56
2023-2024,21187,"Brodies House, 31-33 Union Grove, Aberdeen, United Kingdom, AB10 6SD",250 to 499,36.1,33.8,-88.4,-105,71
2023-2024,4555,"Rolland House Unit 10 Newbridge Industrial Estate, Cliftonhall Road, Newbridge, Scotland, EH28 8PJ",250 to 499,-4.19,-5,-251,-166.67,"78,86"
2023-2024,10009,"Building 620, Orangefield, Prestwick Airport, Ayrshire, KA9 2PQ",500 to 999,12.39,25.79,31.83,0,52
2023-2024,10100,"Blackwood House, Union Grove Lane, Aberdeen, AB10 6XU",250 to 499,24.77,15.88,65.41,88.57,"28,71,77"
2023-2024,10101,"Brimmond House Kingswells Causeway, Prime Four Business Park, Kingswells, Aberdeen, Scotland, AB15 8PU",250 to 499,14,15,-3,-17,62
2023-2024,10111,"5 Central Way, Kildean Business Park, Stirling, United Kingdom, FK8 1FT",1000 to 4999,22.9,24.2,44.4,43.4,64
2023-2024,10117,"5 Central Way, Kildean Business Park, Stirling, United Kingdom, FK8 1FT",500 to 999,15.3,12.5,45.7,23.2,66
2023-2024,10167,"Rench Farm, Drumclog, Strathaven, South Lanarkshire, ML10 6QJ",500 to 999,30.98,32.4,67.59,31.32,"42,64,82"
2023-2024,10180,"Quarriers Head Office, 20 St. Kenneth Drive, Glasgow, Scotland, G51 4QD",1000 to 4999,1.5,0,NA,NA,"87,87,88,88"
2023-2024,10218,"2411 London Road, Glasgow, G32 8XT",250 to 499,12,-1,41,-481,"42,42,42,42"
2023-2024,10230,"27 Barony Road, Auchinleck, Ayrshire, KA18 2LL",500 to 999,-7.54,-5,NA,NA,55
2023-2024,10260,"6 Redheughs Rigg, South Gyle, Edinburgh, Scotland, EH12 9DQ",500 to 999,4.8,1,-2,-42.4,87
2023-2024,19083,"9 Watt Place, Hamilton Intnl Technology Park, Blantyre, Glasgow, G72 0AH",250 to 499,11.3,9,-65,0,43
2023-2024,14430,"Archibald Hope House, Station Road, Musselburgh, Scotland, EH21 7PQ",1000 to 4999,-1.5,0,17.7,-10.6,87
2023-2024,10403,"The Lagoon Centre, Christie Street, Paisley, PA1 1NB",250 to 499,-2,-8.1,NA,NA,"90,91,93"
2023-2024,10421,"8 Nelson Mandela Place, Glasgow, Scotland, G2 1BT",1000 to 4999,0.57,0.07,0.1,42.1,82
2023-2024,15725,"Cargill Centre Business Park, Aberdeen Road, Laurencekirk, Aberdeenshire, AB30 1EY",250 to 499,3.8,3.1,-54.9,0,78
2023-2024,15286,"Clyde View, 22 Pottery Street, Greenock, Inverclyde, Scotland, PA15 2UZ",Less than 250,6.8,0,NA,NA,68
2023-2024,10544,"C/O Bosch Rexroth, Viewfield Industrial Estate, Glenrothes, KY6 2RD",500 to 999,23.9,18.2,48.8,32.9,27
2023-2024,203,"Schoolhill, Aberdeen, AB10 1FE",250 to 499,-2.42,-31.09,NA,NA,NA
2023-2024,10557,"10 Perimeter Road, Elgin, Moray, IV30 6AE",250 to 499,65.23,41.92,62.23,41.92,41
2023-2024,10558,"10 Perimeter Road, Pinefield Inustrial Estate, Elgin, Moray,, IV30 6AE",1000 to 4999,26,21,16,35,81
2023-2024,17323,"Westpoint Westpoint, 4 Redheughs Rigg, South Gyle, Edinburgh, Eh12 9dq, Scotland, EH12 9DQ",250 to 499,-7.4,-7.8,67.1,-9.8,78
2023-2024,10592,"1 Dow Avenue, Prestwick International, Aerospace Park, South Ayrshire, KA9 2SA",250 to 499,5.3,3.1,75.7,0,30
2023-2024,16945,"Muir Of Ord Industrial Estate, Muir Of Ord, Ross-Shire, IV6 7UA",500 to 999,22,23,89,83,"25,28,33,43"
2023-2024,10617,"BABCOCK INTERNATIONAL, Rosyth Business Park, Rosyth, Dunfermline, Fife, KY11 2YD",1000 to 4999,1.6,2.5,21.3,75,30
2023-2024,310,"65 Sussex Street, Glasgow, Scotland, G41 1DX",500 to 999,16.1,10.4,51,25,"39,42,71,74"
2023-2024,10726,"Rwg (Repair & Overhauls) Limited Kirkhill Drive, Kirkhill Industrial Estate, Dyce, Aberdeen, Scotland, AB21 0EU",250 to 499,-0.6,7.7,-66.6,-115.8,28
2023-2024,10770,"Orwell Bakery Loanhead Avenue, Lochore, Fife, KY5 8DD",500 to 999,10.7,2.6,47.7,24.8,"11,14,10,47"
2023-2024,10753,"1 Wellheads Avenue, Dyce, Aberdeen, AB21 7PB",250 to 499,1.69,22.67,-86.96,-87.85,"46,52"
2023-2024,10776,"112 Commercial Street, Edinburgh, Scotland, EH6 6NF",Less than 250,1.4,-6.5,NA,NA,"87,88"
2023-2024,10838,"Carnbroe House Finch Way, Strathclyde Business Park, Bellshill, Scotland, ML4 3PE",250 to 499,21.1,29.3,NA,NA,43
2023-2024,23206,"F6, Buchan House Carnegie Campus, Enterprise Way, Dunfermline, Fife, Scotland, KY11 8PL",Less than 250,40.6,59.3,98.5,50,78
2023-2024,22038,"C/O Bellwether Green Limited, 225 West George Street, Glasgow, Scotland, Scotland, G2 2ND",250 to 499,16.58,7.21,33.51,26.3,"62,73"
2023-2024,10909,"1 Neilson  Square, Deans Industrial Estate, Livingston, EH54 8RQ",1000 to 4999,11,2,-13,-25,47
2023-2024,10920,"Glenugie Engineering Works, Peterhead, AB42 0YX",500 to 999,38.45,33.54,19.86,-7.8,96
2023-2024,19103,"400 Townmill Road, Glasgow, G31 3AR",250 to 499,16.5,16,58.8,50,"46,46"
2023-2024,15944,"Townmill Road, Glasgow, G31 3AR",250 to 499,16.5,16,58.8,50,46
2023-2024,10925,"The Abattoir, Dornock, Annan, Dumfries & Galloway, Scotland, DG12 6SU",1000 to 4999,6,16.2,NA,NA,10
2023-2024,10930,"Axis House 5 Lonehead Drive, Newbridge, Edinburgh, Scotland, EH28 8TG",250 to 499,8.8,1.9,-42.8,-9,35
2023-2024,5329,"Hamilton House, 70 Hamilton Drive, Glasgow, G12 8DR",1000 to 4999,16,2,-15,62,56
2023-2024,5328,"Hamilton House, 70 Hamilton Drive, Glasgow, G12 8DR",1000 to 4999,-10,-2,-10,-2,64
2023-2024,10937,"Unit 7, Halbeath Interchange Business Park Kingseat Road, Halbeath, Dunfermline, Fife, KY11 8RY",1000 to 4999,0.6,-5.1,-167.5,1.2,"16,16"
2023-2024,10938,"Brunswick House, 51 Wilson Street, Glasgow, G1 1UZ",500 to 999,3.34,-1.41,NA,NA,"87,87,88"
2023-2024,19250,"Inveralmond House, 200 Dunkeld Road, Perth, PH1 3AQ",250 to 499,23.5,20.6,100,100,35
2023-2024,17348,"Bradbury Hub, 100 Smithfield Loan, Alloa, Clackmannanshire, Scotland, FK10 1NP",500 to 999,-1.83,2.81,5.58,6.28,"85,87,88"
2023-2024,476,"Inveralmond House, 200 Dunkeld Road, Perth, PH1 3AQ",1000 to 4999,8.9,6.3,20.5,20.6,35
2023-2024,477,"Inveralmond House, 200 Dunkeld Road, Perth, PH1 3AQ",1000 to 4999,16.4,18.7,47.9,17.4,35
2023-2024,2367,"Baltic Works, Kilbarchan Road, Bridge Of Weir, Renfrewshire, PA11 3RH",500 to 999,6.5,0,NA,NA,15
2023-2024,15342,"39 Elmbank Crescent, Glasgow, G2 4PT",Less than 250,9.87,3.99,NA,NA,90
2023-2024,412,"320 St. Vincent Street, Glasgow, Scotland, G2 5AD",500 to 999,18.77,19.07,50.05,40.27,70
2023-2024,10944,"Murrayfield, Edinburgh, EH12 5PJ",500 to 999,50,23,57,46,"93,93"
2023-2024,10946,"Kingseat Road, Halbeath, Dunfermline, Fife, KY11 8RY",250 to 499,8.2,4.98,NA,NA,94
2023-2024,10947,"1-3 Lochside Crescent, Edinburgh, United Kingdom, EH12 9SE",250 to 499,-2.9,7.6,2.4,12.1,"36,46,82"
2023-2024,10949,"The Mound, Edinburgh, United Kingdom, EH1 1YZ",1000 to 4999,15,14.5,37.3,48.2,66
2023-2024,10951,"320 St. Vincent Street, Glasgow, Scotland, G2 5AD",500 to 999,17.49,16.68,47.48,28.13,"35,35"
2023-2024,10975,"Turnberry House, 6th Floor, 175 West George Street, Glasgow, Scotland, G2 2LB",1000 to 4999,-7.1,0.3,-41.8,16.5,"78,78"
2023-2024,10986,"300 Bath Street, Floor 5, Glasgow, United Kingdom, G2 4JR",1000 to 4999,-2,-3,100,100,80
2023-2024,21189,"37 Abercrombie Court Prospect Road, Arnhall Business Park, Westhill, Scotland, AB32 6FE",250 to 499,10,0.38,81,66,27
2023-2024,82,"43 Middlesex Street, Glasgow, G41 1EE",1000 to 4999,-1.3,0,NA,NA,"87,88,88"
2023-2024,11074,"Muir Of Ord Industrial Estate, Great North Road, Muir Of Ord, Ross-Shire, IV6 7UA",250 to 499,10,2,-1,1,"20,20"
2023-2024,11120,"C/O Johnston Carmichael, 227 West George Street, Glasgow, G2 2ND",250 to 499,15.1,30,45.8,32.9,82
2023-2024,253,"Shin-Etsu Handotai Europe Ltd Wilson Road, Toll Roundabout, Eliburn, Livingston, West Lothian, Scotland, EH54 7DA",500 to 999,13,6,6.3,0,26
2023-2024,20779,"Edinburgh Airport, Turnhouse Road, Edinburgh, Scotland, EH12 9DN",250 to 499,10.6,3.9,49.3,5,82
2023-2024,16183,"Blenheim House, Fountainhall Road, Aberdeen, AB15 4DT",500 to 999,6.45,7.52,56.23,61.14,55
2023-2024,11245,"165 Howard Street, Glasgow, G1 4HF",500 to 999,16.03,3.05,NA,NA,47
2023-2024,11246,"Turnberry Hotel, Ayrshire, KA26 9LT",250 to 499,3,1.8,45.9,75.1,"55,93,96,96"
2023-2024,22347,"Rosslyn Commerce Park, Mitchelston Industrial Estate, Kirkcaldy, Fife, KY1 3NA",250 to 499,3.5,3.9,9.7,2.4,17
2023-2024,11306,"Neo Space, Riverside Drive, Aberdeen, Scotland, AB11 7LH",Less than 250,16.69,26.47,-6.41,0,56
2023-2024,11380,"Council Offices, Almada Street, Hamilton, Scotland, ML3 0EW",1000 to 4999,4.2,1,NA,NA,"90,91,91,93"
2023-2024,18600,"320 St. Vincent Street, Glasgow, Scotland, G2   5AD",500 to 999,6.25,9.4,38.02,26.37,35
2023-2024,11434,"320 St. Vincent Street, Glasgow, Scotland, G2   5AD",1000 to 4999,4.75,3.19,5.85,24.84,96
2023-2024,18599,"320 St. Vincent Street, Glasgow, Scotland, G2   5AD",500 to 999,14.79,13.34,71.38,36.82,35
2023-2024,11441,"Trojan House Pegasus Avenue, Phoenix Business Park, Paisley, Renfrewshire, PA1 2BH",250 to 499,9.31,14.69,18.92,0,87
2023-2024,11449,"Alliance Centre Greenwell Road, East Tullos Industrial Estate, Aberdeen, AB12 3AX",500 to 999,28.08,17.13,64.9,42.26,"45,45,45,45"
2023-2024,297,"1 Marchfield Drive, Westpoint Business Park, Paisley, Renfrewshire, Scotland, PA3 2RB",500 to 999,3.3,0,NA,NA,81
2023-2024,19152,"7 Kirkshaws Road, Coatbridge, ML5 5EY",250 to 499,29.85,54,37.52,57,43
2023-2024,11490,"28 Albyn Place, Aberdeen, United Kingdom, AB10 1YL",500 to 999,-1.79,-4.73,NA,NA,82
2023-2024,11499,"Stuart House Eskmills, Station Road, Musselburgh, East Lothian, Scotland, EH21 7PB",1000 to 4999,3.61,2.6,NA,NA,81
2023-2024,11506,"Alexander Fleming House, 8 Southfield Drive, Elgin, Morayshire, IV30 6GR",250 to 499,5,20.4,-64.5,-273,"41,41"
2023-2024,11525,"Peter Wilson Building, King's Buildings, West Mains Road, Edinburgh, EH9 3JG",1000 to 4999,15.2,17.8,NA,NA,"72,75,85"
2023-2024,393,"Inveralmond House, 200 Dunkeld Road, Perth, Perthshire, PH1 3AQ","5000 to 19,999",12.1,15.3,44.3,14.7,70
2023-2024,16096,"St Andrews Bay Golf Resort & Spa, St. Andrews, Fife, KY16 8PN",250 to 499,21.8,10.2,-73.4,79.7,55
2023-2024,19458,"Standard Life House, 30 Lothian Road, Edinburgh, United Kingdom, EH1 2DH",1000 to 4999,8.9,9.7,22.7,39.5,82
2023-2024,11665,"Block 3, Units 1,2,3 & 4, Thornliebank Industrial Estate, Glasgow, G46 8JW",250 to 499,40.5,43.8,NA,NA,28
2023-2024,23078,"C/O Addleshaw Goddard, 24, St Andrew Square, Edinburgh, EH2 1AF",500 to 999,22,3.5,70,0.4,55
2023-2024,21964,"99 Gorgie Park Road, Edinburgh, Scotland, EH11 2QL",250 to 499,0.71,-1.44,35.35,-52.98,56
2023-2024,11705,"76 Moss Road, Tillicoultry, Scotland, FK13 6NS",250 to 499,4.93,6,22,-50,47
2023-2024,19482,"3rd Floor, Sterling House 20 Renfield Street, Glasgow, G2 5AP",250 to 499,13.21,9.08,43.98,45.99,79
2023-2024,11715,"Tofthill, Glencarse, Perth, PH2 7LS",250 to 499,10.6,0,4.3,-25.3,"11,11"
2023-2024,11744,"Altrad Howe Moss Crescent, Dyce, Aberdeen, Scotland, AB21 0GN",1000 to 4999,31.9,35.76,39.81,17.36,91
2023-2024,14967,"Randolph Hill, Fankerton, Denny, FK6 5HJ",250 to 499,17.72,0.35,NA,NA,86
2023-2024,16191,"Pacific Quay, Glasgow, G51 1PQ",500 to 999,11.7,9.3,51,-2,64
2023-2024,11780,"East Campus Prospect Road, Arnhall Business Park, Westhill, Aberdeenshire, AB32 6FE",1000 to 4999,33.9,37,50.7,84.5,82
2023-2024,22713,"Rowan House 1 Robroyston Oval, Nova Business Park, Glasgow, Scotland, G33 1AP",250 to 499,26.57,25.87,-17.04,-17.04,62
2023-2024,12086,"1 Central Park Avenue,, Central Business Park, Larbert, Falkirk, FK5 4RX","5000 to 19,999",11.9,0.7,38.2,29,61
2023-2024,12123,"Wellpark Brewery, 161 Duke Street, Glasgow, G31 1JD",500 to 999,-15.2,1.6,-456.7,-43.4,11
2023-2024,12139,"2 South Gyle Crescent, Edinburgh, United Kingdom, EH12 9FQ",1000 to 4999,21.7,32.7,44.1,49.8,64
2023-2024,12180,"The Prentice Centre, 1 Granton Mains Avenue, Edinburgh, Scotland, EH4 4GA",500 to 999,-5.61,-1.8,55.92,62.72,"87,88"
2023-2024,12188,"Maxim 3, 2nd Floor, Suite 2b 2 Parklands Avenue, Eurocentral, Holytown, Motherwell, Scotland, ML1 4WQ",500 to 999,13.6,16.1,57.6,-7.6,70
2023-2024,12339,"100 Queen Street, Glasgow, Scotland, G1 3DN",1000 to 4999,7.5,1.4,53.9,-65.6,11
2023-2024,17342,"Glasgow Academy, Colebrooke Street, Glasgow, G12 8HE",250 to 499,14.5,22.2,NA,NA,"85,85,85"
2023-2024,12417,"The James Hutton Institute, Invergowrie, Dundee, DD2 5DA",500 to 999,15.4,8.8,50,-50,72
2023-2024,19366,"Dumfries House, Dumfries House Estate, Cumnock, Ayrshire, KA18 2NJ",250 to 499,9.6,6.9,NA,NA,91
2023-2024,19066,"1 George Square, Glasgow, G2 1AL",250 to 499,5.39,-1.56,6.5,-3.65,59
2023-2024,12471,"Inspire House 3 Renshaw Place, Eurocentral, Lanarkshire, ML1 4UF",500 to 999,-0.91,0,NA,NA,82
2023-2024,14264,"The Green House Forrest Estate, Dalry, Castle Douglas, Kirkcudbrightshire, United Kingdom, DG7 3XS",250 to 499,16,14,4,0,74
2023-2024,12495,"Old Course Hotel, Golf Resort And Spa, St Andrews, Fife,, KY16 9SP",250 to 499,13.3,11.48,37.23,-2,55
2023-2024,15715,"Ibrox Stadium, 150 Edmiston Drive, Glasgow, G51 2XD",500 to 999,74,0,96,83,93
2023-2024,22490,"25 Queen Street, Edinburgh, United Kingdom, EH2 1JX",250 to 499,43.1,42.2,74.3,79.7,86
2023-2024,12641,"Doges Templeton Business Centre, 62 Templeton Street, Glasgow, Glasgow, Scotland, G40 1DA",250 to 499,1.5,0,NA,NA,78
2023-2024,12667,"Thistle Centre Of Wellbeing, 13 Queen's Walk, Edinburgh, Scotland, EH16 4EA",250 to 499,0.9,0,NA,NA,"88,88,96"
2023-2024,12668,"3a Scholars Gate, East Kilbride, Glasgow, Scotland, G75 9JL",500 to 999,-0.5,-0.5,NA,NA,86
2023-2024,12670,"Thistle Seafoods Limited Harbour Street, Boddam, Peterhead, Scotland, AB42 3AU",250 to 499,13.5,6,NA,NA,"10,46"
2023-2024,12690,"34 Old Mill Road, Uddingston, G71 7HH",500 to 999,0.87,12.02,34.75,5.26,32
2023-2024,2002,"Newfield House, 1 New Street, Musselburgh, East Lothian, EH21 6HY",1000 to 4999,27,2.93,16.3,0,88
2023-2024,21572,"Rwm House, Kilbagie, Alloa, Scotland, FK10 4DY",250 to 499,11,16,-24,16,81
2023-2024,12836,"100 Dalsetter Avenue, Glasgow, Scotland, G15 8TE",250 to 499,-3.7,-1.5,-0.1,0,42
2023-2024,355,"Henry Duncan House, 120 George Street, Edinburgh, EH2 4LH","5000 to 19,999",26.9,21.9,38.1,18.9,64
2023-2024,13028,"Merchants House, 7 West George Street, Glasgow, G2 1BA",1000 to 4999,0,0,NA,NA,"86,87"
2023-2024,13032,"Napier Building Reynolds Avenue, East Kilbride, Glasgow, Scotland, G75 0AF",500 to 999,18.5,25.9,4.3,0,74
2023-2024,21078,"Office 2.20 83 Princes Street, Edinburgh, Lothian Region, Scotland, EH2 2ER",1000 to 4999,10.1,12.5,15.7,34.1,82
2023-2024,18587,"2 Bothwell Street, Glasgow, G2 6LU",Less than 250,4.2,14,NA,NA,70
2023-2024,13147,"110 Easter Queenslie Road, Glasgow, Lanarkshire, G33 4UL",250 to 499,14,0,11.44,40,46
2023-2024,13200,"1 Meadowhead Road, Irvine, Ayrshire, KA11 5AT",250 to 499,2.2,9.7,-15.6,-37,17
2023-2024,13250,"Newmains Avenue, Inchinnan, Renfrewshire, PA4 9RR",500 to 999,10.2,11.8,24.8,-8.5,32
2023-2024,23448,"4a Rutland Square, Edinburgh, Scotland, EH1 2AS",500 to 999,12.76,37.12,17.72,36.74,64
2023-2024,29217,"4a Rutland Square, Edinburgh, Scotland, EH1 2AS",500 to 999,12.8,37.1,17.7,36.7,78
2023-2024,21260,"C/O Addleshaw Goddard, 24, St. Andrew Square, Edinburgh, Scotland, EH2 1AF",250 to 499,3.35,-1.67,NA,NA,"25,27"
2023-2024,9203,"Penguin House, Castle Riggs, Dunfermline, Fife, Scotland, KY11 8SG",1000 to 4999,26.79,32.29,62.37,16.91,70
2023-2024,13299,"C/O Brodies Llp Capital Square, 58 Morrison Street, Edinburgh, EH3 8BP",500 to 999,14.7,4,46.2,67.8,46
2023-2024,13300,"C/O Brodies Llp Capital Square, 58 Morrison Street, Edinburgh, EH3 8BP",1000 to 4999,5.9,1.9,23.3,7.3,47
2023-2024,16590,"4 South Oswald, Edinburgh, EH9 2HG",250 to 499,2.3,-28,NA,NA,87
2023-2024,13316,"1st Floor Left, 161 Brooms Road, Dumfries, Scotland, DG1 2SH",1000 to 4999,-3.3,-0.07,-23.1,-42.5,80
2023-2024,12129,"Newhouse Industrial Estate, Newhouse, Motherwell, Lanarkshire, ML1 5RY",250 to 499,-1.2,0.3,24.2,1.8,28
2023-2024,13423,"Brookfield House, Burnbrae Drive, Linwood Industrial Estate, Linwood, PA3 3BU",1000 to 4999,-19.2,2,15,3.4,49
2023-2024,20230,"65 Sussex Street, Glasgow, Scotland, G41 1DX",250 to 499,23,17,NA,NA,"25,28,33,43"
2023-2024,566,"Aberlour House, Aberlour-On-Spey, Banffshire, AB38 9LD",1000 to 4999,11.2,-1.1,-14.7,2.2,10
2023-2024,13478,"21-24 Wellmeadow, Blairgowrie, PH10 6AT",500 to 999,17.6,0,0,0,86
2023-2024,23216,"28 Albyn Place, Aberdeen, United Kingdom, AB10 1YL",250 to 499,26.5,20,100,100,82
2023-2024,301,"Kyleshill House, Glencairn Street, Saltcoats, Ayrshire, KA21 5JT",500 to 999,9,0,37,0,82
2023-2024,15616,"Xcite Bathgate Balbardie Park, Torphichen Road, Bathgate, West Lothian, EH48 4LA",250 to 499,-1,0,NA,NA,93
2023-2024,7855,"Willow House Kestrel View, Strathclyde Business Park, Bellshill, Scotland, ML4 3PB",500 to 999,-6.2,1.1,0,0,"87,87,88,88"
2023-2024,20242,"Wheatley House, 25 Cochrane Street, Glasgow, Scotland, G1 1HL",250 to 499,-16.5,-24.6,0,0,68
2023-2024,17374,"C/O Brodies Llp Capital Square, 58 Morrison Street, Edinburgh, United Kingdom, EH3 8BP",250 to 499,-6.2,-1.4,NA,NA,86
2023-2024,13753,"4th Floor St. Vincent Plaza, 319 St. Vincent Street, Glasgow, Scotland, G2 5RG",500 to 999,14.3,8.9,46.8,15,11
2023-2024,13784,"The Glenfiddich Distillery, Dufftown, Keith, Scotland, AB55 4DH",500 to 999,4.7,5.1,10.4,9,11
2023-2024,22750,"The Glenfiddich Distillery, Dufftown, Keith, Scotland, AB55 4DH",250 to 499,25.4,12.9,69.9,15.9,11
2023-2024,13887,"Sir Ian Wood House Hareness Road, Altens Industrial Estate, Aberdeen, Scotland, AB12 3LE",1000 to 4999,23.3,31.4,15.2,6.1,"91,71"
2023-2024,13888,"Level 3, 6 St Andrew Square, Edinburgh, EH2 2BD",500 to 999,37.3,22.4,72.7,42,91
2023-2024,18299,"16 North Esplanade West, Aberdeen, Scotland, AB11 5RJ",500 to 999,22.9,30.8,32.4,59.7,91
2023-2024,13991,"5th Floor Capitol Building, 429-431 Union Street, Aberdeen, AB11 6DA",250 to 499,31.4,36.4,56.1,86.2,71
2023-2024,22707,"Stamp Office 10 Waterloo Place, Level 1, Edinburgh, Scotland, EH1 3EG",250 to 499,18.6,18.9,-17.2,-20,62
2023-2024,21420,"C/O Teneo Financial Advisory Limited 3rd Floor, 66 Hanover Street, Edinburgh, EH2 1EL",500 to 999,49,16,77,93,47
2023-2024,14072,"1 Tanfield, Edinburgh, EH3 5DA",500 to 999,4.99,2,4.2,0,"26,62"
2024-2025,16879,"19 Smith's Place, Leith Walk, Edinburgh, EH6 8NU",250 to 499,8.75,-4.96,20.83,36.88,47
2024-2025,17484,"Suite 1, Ground Floor Academy House, 1346 Shettleston Road, Glasgow, Scotland, G32 9AT",Less than 250,-0.72,0.06,NA,NA,"86,88"
2024-2025,14399,"Fairview Mill, Ingliston, Newbridge, Midlothian, EH28 8NB",250 to 499,8.3,16.3,NA,NA,"14,10"
2024-2025,1838,"Westfield House, 4 Mollins Road, Cumbernauld, G68 9HD",500 to 999,-13.7,-5.5,22.5,-16.7,11
2024-2025,777,"72 Milton Road, Kirkcaldy, Fife, Scotland, KY1 1TP",250 to 499,1.52,-6.82,NA,NA,86
2024-2025,17554,"38 Castle Street, Aberdeen, AB11 5YU",500 to 999,5.39,0.58,-11.1,0,"85,87,87,87"
2024-2025,11648,"1 George Street, Edinburgh, United Kingdom, EH2 2LL",1000 to 4999,23.1,18.3,45.7,30,82
2024-2025,17218,"Pittodrie Stadium, Pittodrie Street, Aberdeen, AB24 5QH",250 to 499,62.3,20.8,78.1,65.4,"93,93"
2024-2025,11651,"1 George Street, Edinburgh, United Kingdom, EH2 2LL",1000 to 4999,24.2,17.9,50.2,34.6,70
2024-2025,793,"Aberdeen Sports Village, Linksfield Road, Aberdeen, Scotland, AB24 5RU",Less than 250,-11.7,-41.7,100,100,93
2024-2025,794,"Kintail House, Forthside Way, Stirling, Stirlingshire, Scotland, FK8 1QZ",500 to 999,5.8,4.7,NA,NA,96
2024-2025,789,"1 George Street, Edinburgh, United Kingdom, EH2 2LL",1000 to 4999,16.1,8.8,50.3,13.9,64
2024-2025,11650,"1 George Street, Edinburgh, EH2 2LL",1000 to 4999,29.1,32.9,42.8,57,66
2024-2025,790,"1 George Street, Edinburgh, United Kingdom, EH2 2LL",1000 to 4999,32.4,32.7,54.8,60.1,64
2024-2025,65,"50 Lothian Road, Festival Square, Edinburgh, Scotland, EH3 9WJ",Less than 250,23.9,10.7,5.6,32.4,63
2024-2025,16687,"The Peak, Forthside Way, Stirling, Scotland, FK8 1QZ",250 to 499,-5.7,0,NA,NA,"93,93"
2024-2025,18552,"Gateside, 6 Back Road, Dollar, FK14 7EA",500 to 999,-1.19,0,23.17,40.85,56
2024-2025,19419,"C/O Interpath Ltd, 5th Floor, 130 St. Vincent Street, Glasgow, G2 5HF",250 to 499,6.59,13.27,-8.35,0,62
2024-2025,915,"C/O Brodies Llp Capital Square, 58 Morrison Street, Edinburgh, United Kingdom, EH3 8BP",1000 to 4999,10.7,10.8,26.1,32.1,82
2024-2025,922,"Caldergrove House 4 Linnet Way, Strathclyde Business Park, Bellshill, Lanarkshire, Scotland, ML4 3RA",1000 to 4999,2.8,-3.8,14.58,0,41
2024-2025,950,"Aegon Lochside Crescent, Edinburgh Park, Edinburgh, Scotland, EH12 9SE",1000 to 4999,23.61,28.17,49.12,33.35,82
2024-2025,977,"The Wright Business Centre, Lonmay Road, Glasgow, Scotland, G33 4EL",1000 to 4999,-1,-0.2,20.5,0,56
2024-2025,308,"Lomondgate, Stirling Road, Dumbarton, Scotland, G82 3RG",500 to 999,13,2.8,26,-3.4,77
2024-2025,1075,"New Monkland, 251 Stirling Road, Airdrie, Lanarkshire, ML6 7SP",1000 to 4999,21.8,7.7,1.4,22.8,"11,10,10,46"
2024-2025,1095,"9 Central Boulevard, Larbert, United Kingdom, FK5 4RU",1000 to 4999,1.9,4.4,42.6,45.5,29
2024-2025,1145,"230 Balmore Road, Glasgow, Lanarkshire, G22 6LJ",500 to 999,-0.55,1.65,-17.59,-3.41,"29,45,45,45"
2024-2025,22078,"21-25 Reform Street, Dundee, DD1 1SG",500 to 999,0.72,0,32.78,0,47
2024-2025,11744,"Altrad Howe Moss Crescent, Dyce, Aberdeen, Scotland, AB21 0GN",1000 to 4999,40.17,39.3,19.34,11.95,91
2024-2025,1186,"Badentoy Crescent, Portlethen, Aberdeen, AB12 4YD",250 to 499,34.89,39.94,80.61,68.18,91
2024-2025,1194,"69 North Gyle Terrace, Edinburgh, Scotland, EH12 8JY",250 to 499,7.7,3.7,NA,NA,86
2024-2025,20184,"Waverley Gate, 2 - 4 Waterloo Place, Edinburgh, EH1 3EG",250 to 499,6,1.7,26.8,17.5,62
2024-2025,1275,"28 Albyn Place, Aberdeen, United Kingdom, AB10 1YL",1000 to 4999,1.1,-0.2,-73,-1,81
2024-2025,18132,"Angus House, Orchardbank Business Park, Forfar, Angus, DD8 1AN",500 to 999,-7.91,-2.34,NA,NA,"90,91,91,93"
2024-2025,1325,"Apex Hotels House, 1 Mid New Cultins, Edinburgh, Scotland, EH11 4DH",1000 to 4999,-7.4,2.8,-741.6,-2.7,55
2024-2025,1343,"Block 2 Units C And D, West Mains Industrial Estate, Grangemouth, Stirlingshire, FK3 8YE",250 to 499,33.52,27.98,37.22,17.75,71
2024-2025,1377,"2 Marischal Square, Broad Street, Aberdeen, Scotland, AB10 1DQ",250 to 499,36.5,39.8,-2.9,-122.8,91
2024-2025,1417,"454 Hillington Road, Glasgow, Scotland, G52 4FH","5000 to 19,999",8.1,3.6,20.6,-38.6,"45,45,45"
2024-2025,1418,"454 Hillington Road, Glasgow, Scotland, G52 4FH",500 to 999,-7,-8.7,7.4,12.3,77
2024-2025,1427,"Arr Craib Transport Ltd Howe Moss Drive, Kirkhill Industrial Estate, Dyce, Aberdeen, AB21 0GL",250 to 499,-8.05,-6.55,100,100,49
2024-2025,17341,"6 Coates Crescent, Edinburgh, Midlothian, EH3 7AL",500 to 999,7.9,-0.07,44.3,10.5,78
2024-2025,1474,"Asco Group Headquarters Unit A, 11 Harvest Avenue, D2 Business Park, Dyce, Aberdeen, AB21 0BQ",500 to 999,-0.1,-7.8,18.6,17.7,96
2024-2025,33685,"Ashtead House Discovery Drive, Arnhall Business Park, Westhill, Aberdeenshire, AB32 6FG",250 to 499,30,36,20,-67,77
2024-2025,22359,"Bridge View, 1 North Esplanade West, Aberdeen, Aberdeenshire, AB11 5QF",250 to 499,17.3,8.1,NA,NA,78
2024-2025,1639,"AVIAGEN LTD, 11 Lochend Road, Ratho Station, Newbridge, Midlothian, EH28 8SZ",250 to 499,12,9.6,20.3,9.8,14
2024-2025,17645,"28 Drumsheugh Gardens, Edinburgh, Scotland, EH3 7RN",250 to 499,-6.3,-9.1,-2.8,-21.4,32
2024-2025,1759,"BALHOUSIE CARE GROUP, Earn House, Lamberkine Drive, Perth, PH1 1RA",1000 to 4999,-3.08,0,-763.4,-159,86
2024-2025,1764,"Balmoral Park, Loirston, Aberdeen, AB12 3GY",250 to 499,4.9,-6.1,38.4,19.1,22
2024-2025,19915,"180 Hardgate Road, Glasgow, Scotland, G51 4TB",250 to 499,9.5,-3.57,6.83,-17.65,"25,25,46"
2024-2025,1843,"Libertas House, 5th Floor, 39 St. Vincent Place, Glasgow, United Kingdom, G1 2ER",500 to 999,13.6,9.1,34.2,48.1,79
2024-2025,1875,"12 Charlotte Square, Edinburgh, Scotland, EH2 4DJ",500 to 999,-13.3,-1.1,-454.2,75,"10,10,10,10"
2024-2025,1877,"8 Fairways Business Park, Deer Park Avenue, Livingston, Scotland, EH54 8AF",500 to 999,18.43,4.67,72.33,96.05,56
2024-2025,1922,"Bear House,Inveralmond Road, Inveralmond Industrial Estate, Perth, PH1 3TW",500 to 999,5.4,6.7,-128.6,-284.6,42
2024-2025,1925,"Garscube Estate, Switchback Road, Bearsden, Glasgow, G61 1BD",250 to 499,9.44,5.95,NA,NA,72
2024-2025,22773,"Nevis House, 1st Floor Hamilton International Park, 6 Lister Way, Blantyre, Scotland, G72 0FT",250 to 499,11.57,7.8,55.71,1.96,"71,71"
2024-2025,1954,"Bell Business Park, Rochsolloch Road, Airdrie, ML6 9BG",1000 to 4999,-3.5,-1.54,32.6,43.01,"43,43,43,43"
2024-2025,2078,"13 Queens Road, Aberdeen, AB15 4YL",500 to 999,1,-1,-7,-10,74
2024-2025,2159,"10 Dunkeld Road, Perth, Perthshire, United Kingdom, PH1 5TW",500 to 999,5,1.1,3.7,8.3,49
2024-2025,2214,"Marischal College Marischal College, Broad Street, Aberdeen, Scotland, AB10 1AB",1000 to 4999,-3.3,-9.4,NA,NA,88
2024-2025,2359,"Clyde Offices, 2nd Floor, 48 West George Street, Glasgow, G2 1BP",250 to 499,6.4,-5.1,76.2,-9.1,11
2024-2025,2360,"Clyde Offices, 2nd Floor, 48 West George Street, Glasgow, G2 1BP",1000 to 4999,6.4,3,-21.1,14.6,56
2024-2025,2386,"Seaforth House, Seaforth Place, Burntisland, Fife, KY3 9AX",500 to 999,17.5,55.5,20.6,-20.5,"32,33,42"
2024-2025,15096,"18 Blythswood Square, Glasgow, Scotland, G2 4BG",1000 to 4999,5.3,11.1,75.3,79.4,"78,78"
2024-2025,18095,"Triest House, Bridge Street, Galashiels, Selkirkshire, Scotland, TD1 1SW",Less than 250,-3,1,NA,NA,"86,88"
2024-2025,2504,"Unit1 Greystone Avenue, Kelloholm, Sanquhar, Dumfriesshire, DG4 6RB",500 to 999,39,1.5,39,0,10
2024-2025,23113,"5 Drovers Road, East Mains Industrial Estate, Broxburn, West Lothian, Scotland, EH52 5ND",250 to 499,9.35,4.15,30.6,0,"11,52,82"
2024-2025,2527,"Unit 7, Halbeath Interchange Business Park Kingseat Road, Halbeath, Dunfermline, Fife, Scotland, KY11 8RY",500 to 999,3.8,10.3,65.7,25,32
2024-2025,22957,"2 Ocean Drive, Leith, Edinburgh, Scotland, EH6 6JB",Less than 250,17.75,19.64,28.57,50,82
2024-2025,15496,"1 Lochside Place, Edinburgh, EH12 9DF",500 to 999,3.5,1.9,-409.3,-20,85
2024-2025,2613,"Grange House, 34 Grange Street, Kilmarnock, Ayrshire, Scotland, KA1 2DD",500 to 999,7,0,19,19,82
2024-2025,22014,"Link House, 2c New Mart Road, Edinburgh, EH14 1RL",250 to 499,-8.03,-3.16,0.35,7.76,"43,43,43,43"
2024-2025,2648,"78 Longtown Road, Dundee, Tayside, DD4 8JU",1000 to 4999,12.38,3.06,53.48,49.64,"46,47"
2024-2025,2674,"Adam House, 5 Mid New Cultins, Edinburgh, EH11 4DU",1000 to 4999,20,22.2,-26,-31.4,"41,68"
2024-2025,2687,"1 North Charlotte Street, Edinburgh, Scotland, EH2 4HR",500 to 999,19,11,0,0,56
2024-2025,21194,"40 Torphichen Street, Fourth Floor, Edinburgh, Scotland, EH3 8JB",250 to 499,20.8,15.4,61.9,85,74
2024-2025,14487,"6th Floor, Sugar Bond, 2 Anderson Place, Edinburgh, Scotland, EH6 5NP",500 to 999,1.3,-0.1,-63.6,-100,88
2024-2025,2696,"The Ferry Terminal, Gourock, PA19 1QP",500 to 999,6.37,-18.37,-10.6,10.9,50
2024-2025,2738,"Caledonian Exchange, 19a Canning Street, Edinburgh, Scotland, EH3 8HE",250 to 499,-0.29,-0.12,-28,-194,"10,10"
2024-2025,265,"Vantage Point, 24 St Johns Road, Edinburgh, Scotland, EH12 6NZ",500 to 999,0.85,0,-13,0,"85,85,87,88"
2024-2025,2844,"Unit 9, Ramsay House Callendar Business Park, Callendar Road, Falkirk, United Kingdom, FK1 1XR",250 to 499,7.7,2.3,NA,NA,87
2024-2025,2894,"Craigmillar Social Enterprise And Arts Centre, 11 Harewood Road, Edinburgh, EH16 4NT",500 to 999,-3.1,-2.9,NA,NA,"87,88,88"
2024-2025,37698,"8 Maxwell Square, Brucefield Industrial Park, Livingston, United Kingdom, EH54 9BL",250 to 499,17,16,46,33,"43,77"
2024-2025,18655,"1 Boat Brae, Rattray, Blairgowrie, Scotland, PH10 7BH",250 to 499,20.6,9.3,25.7,20,36
2024-2025,2943,"1 George Square, Glasgow, Scotland, G2 1AL",500 to 999,7.7,11.34,5,3.43,21
2024-2025,2976,"Caledonia House, 2 Lawmoor Street, Glasgow, Strathclyde, G5 0US",500 to 999,24.2,26.6,66.2,55.5,"43,43,43,71"
2024-2025,2989,"1 Cambuslang Road, Glasgow, G32 8NB",250 to 499,14.2,18.7,50.3,38.4,"41,41,41"
2024-2025,20638,"1 Huly Hill Road, Newbridge, Edinburgh, Scotland, EH28 8PH",500 to 999,3.8,4.2,26.7,42.4,47
2024-2025,3018,"Celtic Park, Glasgow, G40 3RE",500 to 999,28.3,9.9,42,24.1,"93,93"
2024-2025,20379,"W. Sam White Building, Peterseat Drive, Altens, Aberdeen, AB12 3HT",250 to 499,16.1,11.1,28.3,17.3,46
2024-2025,3108,"Elphinstone Research Centre, Tranent, EH33 2NE",1000 to 4999,9.37,2.61,69.01,9.12,72
2024-2025,3130,"Sugar Bond Anderson Place, Leith, Edinburgh, Scotland, EH6 5NP",250 to 499,14.4,18.6,-5.5,4.1,78
2024-2025,3153,"Troon House, Ardeer Site, Stevenston, Ayrshire,, KA20 3LN",250 to 499,20.22,17.43,40.05,0.88,82
2024-2025,19073,"Second Floor, Hobart House, 80 Hanover Street, Edinburgh, Scotland, EH2 1EL",250 to 499,11.42,13.48,NA,NA,86
2024-2025,17156,"Canal Court, 42 Craiglockhart Avenue, Edinburgh, EH14 1LT",250 to 499,9.57,-6.36,NA,NA,"86,86"
2024-2025,3207,"3rd Floor, 146 Argyle Street, Glasgow, Lanarkshire, G2 8BL",250 to 499,-13.03,-8.14,-51,-171,47
2024-2025,211,"Kilmalid, Stirling Road, Dumbarton, Scotland, G82 2SS",1000 to 4999,7.68,9.07,31.98,17.02,11
2024-2025,22929,"Unit Number 215 Ettrick Riverside, Dunsdale Road, Selkirk, United Kingdom, Scotland, TD7 5EB",500 to 999,-9.93,0,-21.76,-33.33,61
2024-2025,3264,"7 B Nightingale Way, Quartermile, Edinburgh, Scotland, EH3 9EG",250 to 499,19.2,19.8,43.5,41.6,62
2024-2025,3280,"Caledonia House, 2 Lawmoor Street, Glasgow, G5 0US",500 to 999,3.75,1.87,77.07,0,81
2024-2025,3281,"Caledonia House, Lawmoor Street, Glasgow, G5 0US",1000 to 4999,-3.27,24.09,50.59,0,81
2024-2025,18455,"Caledonia House, 2 Lawmoor Street, Glasgow, Strathclyde, G5 0US",500 to 999,10.85,25.82,3.16,20,81
2024-2025,3333,"First Floor, 9 Haymarket Square, Edinburgh, Scotland, EH3 8RY",250 to 499,13.3,1.7,47.6,-25,55
2024-2025,19605,"Fifth Floor, St Vincent Plaza, 319 St Vincent Street, Glasgow, Scotland, G2 5RZ",500 to 999,59.3,24.5,NA,NA,86
2024-2025,3391,"149 Newlands Road, Cathcart, Glasgow, G44 4EX",250 to 499,5.7,8.6,39.2,-9.3,28
2024-2025,85,"177 Bothwell Street, Glasgow, Scotland, G2 7ER","5000 to 19,999",24.5,35.7,46.7,33.7,64
2024-2025,4871,"6th Floor, Quartermile 4 7a Nightingale Way, Edinburgh, Scotland, EH3 9EG",250 to 499,25.1,23.1,70.4,49.8,82
2024-2025,3480,"70 Renton Street, Glasgow, G4 0HT",250 to 499,2,0,NA,NA,"88,88"
2024-2025,17923,"6 Muriel Street, Barrhead, Glasgow, G78 1QB",250 to 499,7.56,3.55,-42.05,3.4,81
2024-2025,12086,"1 Central Park Avenue,, Central Business Park, Larbert, Falkirk, FK5 4RX","5000 to 19,999",9.7,1.3,36.19,22.9,61
2024-2025,19105,"14 City Quay, Camperdown Street, Dundee, Scotland, DD1 3JA",250 to 499,0.59,0.34,NA,NA,86
2024-2025,16252,"C/O Frp Advisory Trading Ltd, Suite B, 4th Floor, Meridian, Union Row, Aberdeen, AB10 1SA",250 to 499,1.1,-0.4,NA,NA,82
2024-2025,3544,"C/O Brodies Llp, 110 Queen Street, Glasgow, United Kingdom, G1 3BX",250 to 499,-1.96,-3.36,12.84,19.64,32
2024-2025,3577,"The Doges Studios Templeton Business Centre, 62 Templeton Street, Glasgow, Scotland, G40 1DA",1000 to 4999,-0.43,0,NA,NA,"87,88,88,88"
2024-2025,16944,"2 Queens Road, Aberdeen, Scotland, AB15 4ZT",500 to 999,-1.08,-0.84,59.04,38.5,56
2024-2025,3730,"Crieff Hydro Hotel, Ferntower Road, Crieff, Perthshire, PH7 3LQ",250 to 499,5.1,2.9,22.5,59.4,55
2024-2025,3748,"C/O Enable Scotland Unit 3, Melisa House,, 3 Brand Place, Glasgow, Scotland, G51 1DR",Less than 250,-10,0,NA,NA,88
2024-2025,37368,"16 Walker Street, Edinburgh, Scotland, EH3 7LP",250 to 499,15.12,6.08,48.83,33.34,41
2024-2025,14168,"Commonwealth House, 38 Albion Street, Glasgow, Scotland, G1 1LH",1000 to 4999,-6,-5.3,NA,NA,82
2024-2025,4148,"8 Milton Road, College Milton North, East Kilbride, G74 5BU",250 to 499,3,10.8,6.7,6.1,"11,46,82"
2024-2025,3857,"10 Keppochhill Drive, M8 Food Park, Glasgow, G21 1HX",250 to 499,-3.7,1.4,-5,50,10
2024-2025,3858,"Courier Buildings, 2 Albert Square, Dundee, Scotland, DD1 9QJ",500 to 999,12.85,11.61,33.11,38.35,58
2024-2025,3863,"C/O T C Young Merchants House, 7 West George Street, Glasgow, Scotland, G2 1BA",1000 to 4999,1,0,23,50,56
2024-2025,3883,"8 Belgowan Street, Bellshill North Industrial Est, Bellshill, Lanarkshire, ML4 3NS",500 to 999,3.5,0,-0.6,-43.9,"46,46"
2024-2025,3903,"C/O Brodies Llp Capital Square, 58 Morrison Street, Edinburgh, United Kingdom, EH3 8BP",500 to 999,20.1,16.2,69,0,"25,25"
2024-2025,3934,"Caulfield House, Cradlehall Business Park, Inverness, IV2 5GH",500 to 999,-2.5,-0.92,NA,NA,86
2024-2025,3985,"Collins House, Rutland Square, Edinburgh, Midlothian, EH1 2AA",1000 to 4999,24.39,6.33,60.85,68.92,82
2024-2025,38721,"C/O Deepocean Subsea Services Limited Kingswells Causeway, Prime Four Business Park, Kingswells, Aberdeen, United Kingdom, AB15 8PU",250 to 499,27.8,24.3,60.6,55.9,"43,70,82"
2024-2025,4076,"Moodiesburn, Chryston, G69 0JE",250 to 499,6.24,2.68,11.7,40,10
2024-2025,103,"11 Lochside Place, Edinburgh, Scotland, EH12 9HA",1000 to 4999,4.7,13.7,-32.9,-18.4,11
2024-2025,4123,"C/O Brodies Llp, Capital Square, 58 Morrison Street, Edinburgh, Scotland, EH3 8BP",250 to 499,12.9,25.7,-71.4,-3,73
2024-2025,4134,"Unit 7/8 Whitemyres Avenue, Mastrick Industrial Estate, Aberdeen, Aberdeenshire, AB16 6HQ",1000 to 4999,4.7,0.7,70.7,61.5,45
2024-2025,4175,"Melville Nurseries, Lasswade, Midlothian, Scotland, EH18 1AZ",1000 to 4999,16.9,1.62,NA,NA,82
2024-2025,20278,"North Suite Lomond Court, Castle Business Park, Stirling, Scotland, FK9 4TU",250 to 499,-7,5,48,55,86
2024-2025,4187,"Newfordpark House, Glamis Road, Forfar, Angus, DD8 1FR",250 to 499,12,8,NA,NA,13
2024-2025,4191,"Donaldson House Saltire Centre, Pentland Park, Glenrothes, Fife, Scotland, KY6 2AG",250 to 499,3.22,3.8,NA,NA,16
2024-2025,14700,"Park House, 14 Bothwell Road, Hamilton, Lanarkshire, ML3 0AY",250 to 499,17.1,7.6,36.2,-19.5,45
2024-2025,4225,"Building D2003, Dounreay, Thurso, Caithness, KW14 7TZ",1000 to 4999,7.96,6.97,16.4,9.73,99
2024-2025,12780,"C/O Addleshaw Goddard, 24, St. Andrew Square, Edinburgh, Scotland, EH2 1AF",250 to 499,-1.42,-8.31,-27.07,0,"24,28"
2024-2025,38919,"Unit 4 Kirkhill Commercial Park Dyce Avenue, Dyce, Aberdeen, Scotland, AB21 0LQ",250 to 499,20,28,52,16,47
2024-2025,4354,"11 First Road, Blantyre Industrial Estate, Blantyre, Glasgow, G72 0ND",250 to 499,17.6,19.2,25.3,0,41
2024-2025,21503,"1092 Maryhill Road, Glasgow, G20 9TD",250 to 499,3.71,0,NA,NA,85
2024-2025,18958,"1 Burnfield Avenue, Thornliebank, Glasgow, Scotland, G46 7TL",250 to 499,3.7,5,NA,NA,"90,91,93,93"
2024-2025,28,"8 Westerton Road, East Mains Industrial Estate, Broxburn, West Lothian, Scotland, EH52 5AU",1000 to 4999,30.9,22.5,65.9,67.2,70
2024-2025,389,"Edinburgh Airport, Edinburgh, EH12 9DN",500 to 999,10.35,14.99,9,2,52
2024-2025,531,"Meadowbank Sports Centre, 139 London Road, Edinburgh, Scotland, EH7 6AE",1000 to 4999,-3.2,0,NA,NA,"93,93"
2024-2025,35751,"55 Annandale Street, Edinburgh, EH7 4AZ",250 to 499,6.6,9.5,40.4,50,49
2024-2025,4484,"The Potterrow, 5/2 Bristo Square, Edinburgh, EH8 9AL",250 to 499,7,0.34,NA,NA,85
2024-2025,24663,"100 Queen Street, Glasgow, Scotland, G1 3DN",Less than 250,27.4,16.6,23,-3.4,"11,46"
2024-2025,4489,"100 Queen Street, Glasgow, Scotland, G1 3DN",250 to 499,0.5,3.1,-8.5,26.2,11
2024-2025,21816,"100 Queen Street, Glasgow, Scotland, G1 3DN",Less than 250,10,1.7,51.1,2.8,"46,46"
2024-2025,4526,"Hercules House Eskmills,, Station Road, Musselburgh, Scotland, EH21 7PQ",250 to 499,-4.75,0,9.6,0,88
2024-2025,17480,"Haughhead, Hawick, Roxburghshire, TD9 8LF",250 to 499,5,4,26,-27,"22,27"
2024-2025,4606,"Inspire House 3 Renshaw Place, Eurocentral, Lanarkshire, ML1 4UF",Less than 250,0.1,-1.5,NA,NA,88
2024-2025,4607,"Inspire House 3 Renshaw Place, Eurocentral, Lanarkshire, ML1 4UF",1000 to 4999,0.2,2.4,NA,NA,88
2024-2025,4621,"Enermech House, Howes Road, Aberdeen, Scotland, AB16 7AG",500 to 999,12.37,3.36,35.94,54.55,82
2024-2025,4640,"Musselburgh Sports Centre, Newbigging, Musselburgh, East Lothian, EH21 7AS",250 to 499,1.3,0.89,NA,NA,93
2024-2025,27337,"13 Queens Road, Aberdeen, AB15 4YL",250 to 499,14.7,17.8,-38.4,-12.3,82
2024-2025,4654,"The Olive House Endeavour Drive, Arnhall Business Park, Westhill, Aberdeenshire, Scotland, AB32 6UF",500 to 999,16.9,16.5,-26.5,-24.3,56
2024-2025,13798,"49 Burnbrae Road, Linwood, Paisley, Renfrewshire, PA3 3BD",250 to 499,-15.48,-10.87,-58.1,-25,"38,38,38,38"
2024-2025,4706,"The Erskine Home, Erskine Veterans Village, Bishopton, Renfrewshire, Scotland, PA7 5PU",500 to 999,3.57,0,NA,NA,"86,87"
2024-2025,4714,"Suite 1/14 Falkirk Business Hub, 45 Vicar Street, Falkirk, Stirlingshire, Scotland, FK1 1LL",1000 to 4999,-1.29,0,2.4,27.36,56
2024-2025,4752,"10 /16, 10 Colvilles Place, East Kilbride, G75 0SN",250 to 499,-2.5,-2.5,13.5,-3.28,46
2024-2025,3469,"10 Empress Court, St Andrew Street, Greenock, Inverclyde, PA15 4RW",500 to 999,19,5.4,NA,NA,81
2024-2025,15729,"Kirkton House, Kirkton Of Cults, Pitlessie, Fife, KY15 7TE",500 to 999,-1.66,-2.03,7.5,11.11,56
2024-2025,21153,"9th Floor Aurora Building, 120 Bothwell Street, Glasgow, United Kingdom, G2 7JS",250 to 499,8.8,13,26.8,11.3,62
2024-2025,22922,"Mcdonalds 26 Brandon Parade, Brandon Parade South, Motherwell, North Lanarkshire, Scotland, ML1 1RB",500 to 999,-1.2,0.25,-13.4,33.33,56
2024-2025,4915,"7 Greens Road, Cumbernauld, Glasgow, G67 2TU",500 to 999,2.4,9,10,33.2,52
2024-2025,4916,"7 Greens Road, Blairlinn, Cumbernauld, G67 2TU",1000 to 4999,5.4,0,35.1,8.9,47
2024-2025,4919,"Station Road, Duns, Berwickshire, TD11 3HS",500 to 999,-1.4,3.5,-48.9,-15.1,10
2024-2025,20013,"Newark Works, Castle Road, Port Glasgow, Scotland, PA14 5NG",250 to 499,-5,-18,3,3,30
2024-2025,4974,"Iona House John Smith Business Park, Grantsmuir Road, Kirkcaldy, Fife, Scotland, KY2 6NA",250 to 499,-1.56,0,NA,NA,"90,91,91,91"
2024-2025,4975,"10 Dunkeld Road, Perth, Perthshire, United Kingdom, PH1 5TW",1000 to 4999,4.2,1.6,-4,0,49
2024-2025,4976,"Music Institute, Carnegie Hall, East Port, Dunfermline, Fife, KY12 7JA",500 to 999,-1,0,NA,NA,93
2024-2025,5000,"395 King Street, Aberdeen, AB24 5RP",250 to 499,4.3,0.5,46,46.5,49
2024-2025,5012,"100 Cathcart Road, Glasgow, G42 7BH",1000 to 4999,5.3,0.7,16.1,30,49
2024-2025,5013,"100 Cathcart Road, Glasgow, G42 7BH",500 to 999,1.4,-0.3,-247.1,-1400,49
2024-2025,5050,"Edenfields, Cupar Trading Estate, Cupar, United Kingdom, KY15 4SX",250 to 499,8.03,6.56,24.51,14.13,96
2024-2025,20304,"Scotia House, The Castle Business Park, Stirling, Scotland, FK9 4TZ",500 to 999,15,12,100,100,41
2024-2025,5152,"Forth House, Pirnhall Business Park, Stirling, FK7 8HW",1000 to 4999,31,31,68,33,41
2024-2025,5155,"1 Prince Of Wales Dock, Edinburgh, Midlothian, EH6 7DX",500 to 999,-1.6,6,-35.5,0,52
2024-2025,11908,"Nether Road, Galashiels, Selkirkshire, TD1 3HE",500 to 999,10.65,-0.43,47.12,32.8,82
2024-2025,5179,"C/O Brodies Llp Capital Square, 58 Morrison Street, Edinburgh, United Kingdom, EH3 8BP",500 to 999,-3.6,-2.1,NA,NA,86
2024-2025,21175,"One Edinburgh Quay, 133 Fountainbridge, Edinburgh, Scotland, EH3 9QG",250 to 499,18.1,21,77.4,99.7,62
2024-2025,5269,"28 Albyn Place, Aberdeen, United Kingdom, AB10 1YL",500 to 999,29,21.7,12.7,0,71
2024-2025,17680,"16 Carsegate Road South, Inverness, IV3 8LL",250 to 499,5.02,21.36,NA,NA,43
2024-2025,22326,"Unit A, Inchyra Business Park, Bo'Ness Road, Grangemouth, Stirlingshire, Scotland, FK3 9XF",250 to 499,13.27,3.73,17.61,-5.36,52
2024-2025,5380,"Citypoint 2, 25 Tyndrum Street, Glasgow, Scotland, G4 0JY",1000 to 4999,1.6,-2.8,20.04,-29.03,77
2024-2025,15873,"Ibrox Stadium, 150 Edmiston Drive, Glasgow, G51 2XD",Less than 250,29,0,NA,NA,80
2024-2025,5398,"Tinwald Downs Road, Heathhall, Dumfries & Galloway, Scotland, DG1 1TS",250 to 499,8.5,15.8,-5.1,0,"22,70"
2024-2025,660,"Monument Crescent, Shawfarm Industrial Estate, Prestwick, KA9 2RX",500 to 999,-0.17,5.59,-45.9,-3.28,52
2024-2025,22943,"Blackbyres Road, Barrhead, Glasgow, Lanarkshire, G78 1DU",250 to 499,19,18,13,-300,"42,42,42,42"
2024-2025,5524,"Glasgow Prestwick Airport, Aviation House, Prestwick, Ayrshire, KA9 2PL",250 to 499,9.3,15.7,8.9,15.7,"51,51,51"
2024-2025,5548,"Gleneagles Hotel, Auchterarder, Perthshire, PH3 1NF",1000 to 4999,10.9,1,75.8,66.6,55
2024-2025,5558,"Port Of Nigg, Ross-Shire, Scotland, IV19 1QU",Less than 250,20.57,12.98,40.08,25,25
2024-2025,22241,"24 St Vincent Place, 4th Floor, Glasgow, Scotland, G1 2EU",250 to 499,29,34,41,40,62
2024-2025,14275,"41 Commercial Street, Leith, Edinburgh, EH6 6JD",250 to 499,-2.82,0.22,-45.32,-39.64,47
2024-2025,5650,"Airthrey Kerse Farm, Henderson Street, Bridge Of Allan, Stirlingshire, FK9 4RW",500 to 999,12.4,11.68,66,33,"10,70"
2024-2025,5679,"South Road, South Road, Fraserburgh, Aberdeenshire, Scotland, AB43 9HU",500 to 999,-36.3,10.4,19.2,0,29
2024-2025,5680,"Gray & Adams, South Road, Fraserburgh, Scotland, AB43 9HU",500 to 999,-49.9,14,12.2,-103.4,29
2024-2025,5755,"300 Bath Street, Floor 5, Glasgow, United Kingdom, G2 4JR",1000 to 4999,-6,-4,14,0,82
2024-2025,13994,"Building 1 9 Haymarket Square, Edinburgh, Scotland, EH3 8RY","20,000 or more",9.5,12.2,57.6,42.6,"49,52"
2024-2025,17561,"C/O Quantuma Advisory Limited, 86a George Street, Edinburgh, EH2 3BU",250 to 499,0.1,0.1,0.1,0.1,86
2024-2025,22381,"Halliburton House Howe Moss Crescent, Dyce, Aberdeen, AB21 0GN",1000 to 4999,14,14,32,23,70
2024-2025,17576,"Halliburton House Howe Moss Crescent, Dyce, Aberdeen, AB21 0GN",1000 to 4999,14,14,32,23,82
2024-2025,5924,"Broadmeadows, Symington, Ayrshire, KA1 5PU",250 to 499,8.8,0,NA,NA,"87,88"
2024-2025,12392,"Markethill Road, Turriff, Aberdeenshire, AB53 4PA",250 to 499,16.18,6.29,69.25,75,"10,47"
2024-2025,5949,"1 Robroyston Gate, Robroyston, Glasgow, Scotland, G33 1JN",1000 to 4999,11,3.5,35.6,6.6,"58,82"
2024-2025,6025,"The Mound, Edinburgh, EH1 1YZ","5000 to 19,999",25.2,30.9,51,61.6,64
2024-2025,17320,"Collins House, Rutland Square, Edinburgh, Midlothian, EH1 2AA",250 to 499,39.3,10,100,100,93
2024-2025,6068,"6 St. Andrew Square, Edinburgh, Scotland, EH2 2BD",1000 to 4999,1.8,-4.4,23,-2.5,11
2024-2025,19716,"13 Queen's Road, Aberdeen, AB15 4YL",500 to 999,15.73,14.45,NA,NA,78
2024-2025,618,"High Life Highland Highland Archive Centre, Bught Road, Inverness, Scotland, IV3 5SS",500 to 999,9.4,14.8,NA,NA,"85,85,91,93"
2024-2025,6178,"10 Dunkeld Road, Perth, Perthshire, United Kingdom, PH1 5TW",250 to 499,3.2,0.5,46.1,-9.1,49
2024-2025,15472,"100 Queen Street, Glasgow, Scotland, G1 3DN",250 to 499,24.3,3.3,78.2,-25.3,"11,46"
2024-2025,6179,"Stirling Street, Blackford, Perthshire, PH4 1QA",250 to 499,-4.5,-5.7,8.3,0.2,11
2024-2025,6180,"Head Office, Inverness Airport, Inverness, IV2 7JB",500 to 999,17.7,14.3,NA,NA,52
2024-2025,20059,"1 Explorer Road, Dundee Technology Park, Dundee, United Kingdom, DD2 1EG",Less than 250,43.01,34.79,NA,NA,68
2024-2025,5632,"1 Explorer Road, Dundee, Tayside, DD2 1EG",500 to 999,-1.05,-0.04,0,-12.63,"87,88"
2024-2025,20058,"1 Explorer Road, Dundee, Tayside, DD2 1EG",Less than 250,16.44,10.21,100,100,96
2024-2025,21425,"C/O Dla Piper, Collins House, Rutland Square, Edinburgh, United Kingdom, EH1 2AA",1000 to 4999,1.08,3.39,NA,NA,"87,87"
2024-2025,6347,"Fountain House 2nd Floor, 1-3 Woodside Crescent, Glasgow, G3 7UL",250 to 499,1,7,-88,-116,24
2024-2025,19110,"Empire House 1/1 131 West Nile Street, Glasgow, Scotland, G1 2RX",500 to 999,0,0,9,0,82
2024-2025,6429,"Gateway Business Park, Moss Road, Aberdeen, AB12 3GQ",250 to 499,15.9,10.8,NA,NA,32
2024-2025,24234,"Peter Russell House 2 Youngs Road, East Mains Industrial Estate, Broxburn, West Lothian, Scotland, EH52 5LY",250 to 499,42,5,74,29,"11,46"
2024-2025,6580,"63 Glasgow Road, Stirling, Stirlingshire, FK7 0PA",500 to 999,31.1,-92.9,45.5,-1.8,96
2024-2025,20716,"Terra Nova, 3 Explorer Road, Dundee, Angus, DD2 1EG",250 to 499,16.72,22.73,27.89,27.38,70
2024-2025,23705,"Red Tree Magenta 270 Glasgow Road, Rutherglen, Glasgow, Scotland, G73 1UZ",Less than 250,6.2,2.8,NA,NA,87
2024-2025,6686,"5 South Charlotte Street, Edinburgh, Scotland, EH2 4AN",500 to 999,-9.11,-10.3,-72.32,-45.45,"63,70,82,82"
2024-2025,16317,"Kinnaird Head Works, Bath Street, Fraserburgh, United Kingdom, AB43 9DY",250 to 499,5.2,21.7,NA,NA,10
2024-2025,22821,"Moffat Distillery, Roughrigg Road, Airdrie, Lanarkshire, Scotland, ML6 8FU",250 to 499,7.4,-0.29,16.98,18.6,11
2024-2025,16960,"Waterfront Leisure Complex, Customhouse Way, Greenock, Inverclyde, PA15 1EW",Less than 250,1.3,-0.8,NA,NA,"93,93,93"
2024-2025,20488,"6 Atlantic Quay, 55 Robertson Street, Glasgow, Scotland, G2 8JD",250 to 499,12,6,59,41,63
2024-2025,19927,"13 Queen's Road, Aberdeen, AB15 4YL",500 to 999,15.1,14.6,-43.8,0,61
2024-2025,23410,"Unit 14, Caledonian Road, Glengarnock, Ayrshire, KA14 3DA",500 to 999,33,30,100,100,25
2024-2025,6886,"Vermont House, 149 Vermont Street, Kinning Park, Glasgow, G41 1LU",1000 to 4999,6.9,1.71,65.87,65.87,"46,47"
2024-2025,6909,"83 New Street, Stevenston, KA20 3HD",250 to 499,35.07,39.28,83.64,0,"33,43,43"
2024-2025,16730,"Howden Group Limited, Old Govan Road, Renfrew, Scotland, PA4 8XJ",250 to 499,7,10,42,20,28
2024-2025,6914,"Newmill, Elgin, IV30 4AF",1000 to 4999,14.4,12.6,22.1,16.7,"13,14,46,47"
2024-2025,18558,"Broomage Avenue, Larbert, United Kingdom, FK5 4NQ",500 to 999,4,2,13,-7,16
2024-2025,6915,"Broomage Avenue, Larbert, FK5 4NQ",500 to 999,1,8,11,-62,"16,16"
2024-2025,6951,"Forvis Mazars Capital Square, 58 Morrison Street, Edinburgh, United Kingdom, EH3 8BP",250 to 499,12.8,9.5,60.9,0,"70,82"
2024-2025,21088,"The Ca'D'Oro, 45 Gordon Street, Glasgow, Scotland, G1 3PE",500 to 999,0.09,0.35,37.42,10,47
2024-2025,14118,"Jfd Westhill Industrial Estate, Enterprise Drive, Westhill, Aberdeen, AB32 6TQ",500 to 999,23,22,NA,NA,32
2024-2025,22867,"Mcdonald's St James Retail Park, 27 Glasgow Road, Dumbarton, Scotland, G82 1RB",500 to 999,-0.97,0,33.61,61.39,56
2024-2025,6992,"Alliance Centre Greenwell Road, East Tullos Industrial Estate, Aberdeen, AB12 3AX",Less than 250,39.14,13.99,86.89,-18.03,"45,45,45,45"
2024-2025,6998,"Deanside Road, Hillington, Glasgow, G52 4XB",500 to 999,10.6,12.6,NA,NA,"49,49,52,52"
2024-2025,7022,"Baird House, 4, Lower Gilmore Bank, Edinburgh, Scotland, EH3 9QP",1000 to 4999,12.2,10.5,22.9,33.2,32
2024-2025,7033,"Bishop's Court, 29 Albyn Place, Aberdeen, Scotland, AB10 1YL",500 to 999,4.94,-6.22,38.2,0,82
2024-2025,21113,"45 Sinclair Rd, Aberdeen, Uk, United Kingdom, AB11 9BG",250 to 499,2.6,2.08,NA,NA,"10,10"
2024-2025,7057,"14 City Quay, Dundee, Scotland, DD1 3JA",250 to 499,1.8,0,31.2,31.2,82
2024-2025,23627,"Centura Court, 1 Nasmyth Place, Glasgow, Scotland, G52 4PR",Less than 250,29.7,39.6,-75.5,-55,"33,33"
2024-2025,7118,"13 Queens Road, Aberdeen, AB15 4YL",1000 to 4999,8,3,34,51,10
2024-2025,7136,"H&P Bankhead Drive, City South Office Park, Portlethen, Aberdeen, Scotland, AB12 4XX",500 to 999,7.35,16.8,39.3,29.4,82
2024-2025,147,"Kepak Group Limited Cookston Road, Portlethen, Aberdeen, Scotland, AB12 4QB",1000 to 4999,3.2,7.4,-45.1,50,10
2024-2025,7218,"Balmalcolm Farm, Cupar, Fife, KY15 7TJ",500 to 999,-1.26,2.4,NA,NA,"10,10"
2024-2025,7228,"50 Mauchline Street, Glasgow, United Kingdom, G5 8HQ",500 to 999,-5.1,-6.2,91.3,92.1,46
2024-2025,16624,"133 Finnieston Street, Floor 7, Glasgow, Scotland, G3 8HB",500 to 999,5.3,0,NA,NA,"85,87"
2024-2025,17109,"Saltire Centre, Pentland Court, Glenrothes, Fife, KY6 2DA",250 to 499,-0.8,-6.2,NA,NA,"87,88,88"
2024-2025,7329,"Caledonian Exchange, 19a Canning Street, Edinburgh, Scotland, EH3 8HE",250 to 499,4.6,14.7,72.7,0,25
2024-2025,14805,"Unit 3, Kpp Chartered Accountants Morris Park, 37 Rosyth Road, Glasgow, Scotland, G5 0YE",1000 to 4999,11,19,NA,NA,82
2024-2025,23152,"Fenick House Lister Way, Hamilton International Technology Park, Glasgow, Scotland, Scotland, G72 0FT",500 to 999,28.62,39.63,28.15,29.04,43
2024-2025,7560,"Skypark 1 8 Elliot Place, Glasgow, Scotland, G3 8EP",1000 to 4999,18.1,19.6,44.6,0,62
2024-2025,7566,"Rigifa, Cove, Aberdeen, AB12 3LR",250 to 499,9.12,12.86,55.97,51.21,"81,42,42"
2024-2025,7628,"3 Fountain Drive, Inchinnan Business Park, Paisley, PA4 9RF",1000 to 4999,7.7,5.7,4.2,-1.5,32
2024-2025,7632,"Beechwood Park North, Inverness, IV2 3ED",500 to 999,4.1,3.2,-0.8,2.3,86
2024-2025,7645,"73 Bothwell Road, Hamilton, ML3 0DW",500 to 999,6.3,0.9,67.1,67.1,10
2024-2025,15279,"C/O Robb Ferguson Third Floor, 70 West Regent Street, Glasgow, Scotland, G2 2QZ",250 to 499,9.7,0.4,35,-1,56
2024-2025,7710,"Dewars Centre, Glover Street, Perth, Scotland, PH2 0TH",250 to 499,1.48,0,NA,NA,93
2024-2025,17326,"Live Borders Council Headquarters, Newtown St Boswells, Melrose, Scotland, TD6 0SA",250 to 499,-1.7,-3.7,NA,NA,"91,91,91,93"
2024-2025,7728,"The Mound, Edinburgh, EH1 1YZ","20,000 or more",25.9,35.5,50.5,56.8,64
2024-2025,7753,"Lightyear Building 9 Marchburn Drive, Glasgow Airport, Paisley, Renfrewshire, Scotland, PA3 2SJ",500 to 999,31.2,25.7,30.9,89.1,"51,51,51"
2024-2025,7766,"520 Hillington Road, Braehead, Glasgow, United Kingdom, G52 4UB",Less than 250,32.1,28.7,49.9,19.4,"45,45,45,45"
2024-2025,7767,"1 Wemyss Place, Edinburgh, Scotland, EH3 6DH",1000 to 4999,32.53,8.72,65.26,41.57,"68,68,70"
2024-2025,20554,"520 Hillington Road, Braehead, Glasgow, G52 4UB",Less than 250,13.2,3.5,62.7,41.6,45
2024-2025,17398,". Belgowan Street, Bellshill, ML4 3LB",250 to 499,-3.03,2.35,NA,NA,49
2024-2025,21613,"5-13 Low Street, Buckie, Scotland, AB56 1UX",250 to 499,9,0,100,100,10
2024-2025,7858,"55 Annandale Street, Edinburgh, Midlothian, EH7 4AZ",1000 to 4999,2,7.5,13,-2,49
2024-2025,23072,"Bankell House Strathblane Road, Milngavie, Glasgow, G62 8LE",500 to 999,-8.33,20,-2,20,47
2024-2025,22065,"6 St Andrew Square, Level 4, Edinburgh, Scotland, EH2 2BD",250 to 499,-2.2,-8.7,-47.8,-67.5,11
2024-2025,7963,"Whiteside House, Whiteside Industrial Estate, Bathgate, West Lothian, United Kingdom, EH48 2RX",1000 to 4999,10.24,4.75,59.39,25,55
2024-2025,7965,"Whiteside House, Whiteside Industrial Estate, Bathgate, West Lothian, United Kingdom, EH48 2RX",250 to 499,13.99,5.1,19.29,37.09,55
2024-2025,7966,"Brodies House, 31-33 Union Grove, Aberdeen, United Kingdom, AB10 6SD",250 to 499,21.2,3.9,62.1,0,10
2024-2025,7971,"Wheatfield Road, Edinburgh, EH11 2QA",250 to 499,15,13.3,13.4,0,21
2024-2025,14389,"15-17 Henderson Road, Inverness, IV1 1SN",250 to 499,4.2,-0.6,30.2,0,"46,46,46,77"
2024-2025,7985,"Main Office, Glenbervie, Stonehaven, Scotland, AB39 3YG",250 to 499,12.99,1.66,48.22,8.3,10
2024-2025,7991,". Hunter Avenue, Loanhead, Scotland, EH20 9SL",250 to 499,9.87,10.99,0,3.79,"28,28,28,28"
2024-2025,8068,"The Office Bowfield Road, Howwood, Johnstone, Renfrewshire, PA9 1DZ",250 to 499,3,0,7,8,55
2024-2025,33771,"16/18 Lawmoor Road, Glasgow, G5 0UL",250 to 499,4.2,8.3,25.25,24.5,10
2024-2025,8195,"Elliott House, Kilwinning Road, Irvine, KA12 8TG",250 to 499,16,14,40,0,49
2024-2025,8220,"Kelvin Avenue, Hillington, Glasgow, G52 4LF",500 to 999,17.2,16.6,NA,NA,22
2024-2025,8232,"C/O Harper Macleod Llp The Ca'D'Oro, 45 Gordon Street, Glasgow, Scotland, G1 3PE",250 to 499,8.6,12.91,28.07,33.09,"45,45,45,45"
2024-2025,8234,"Exchange Tower 3rd Floor, 19 Canning Street, Edinburgh, Scotland, EH3 8EG",500 to 999,-7,-2,0,-2,82
2024-2025,8241,"10 Keppochhill Drive, Glasgow, G21 1HX",250 to 499,-3.7,1.4,-5,50,70
2024-2025,8243,"99 Earnhill Road, Larkfield Industrial Estate, Greenock, Renfrewshir, PA16 0EQ",500 to 999,6.01,3.42,NA,NA,49
2024-2025,18815,"Carmuirs House, 300 Stirling Road, Larbert, Stirlingshire, FK5 3NJ",500 to 999,5,1,NA,NA,49
2024-2025,8254,"Heathfield House Phoenix Crescent, Strathclyde Business Park, Bellshill, North Lanarkshire, Scotland, ML4 3NJ",250 to 499,35,42.5,61.8,57,41
2024-2025,8262,"Third Floor, The Capitol, 431 Union Street, Aberdeen, United Kingdom, AB11 6DA",250 to 499,-4,0,13,-46,49
2024-2025,8269,"Lydiafield, Standalane, Annan, Scotland, DG12 5JR",250 to 499,-5.57,0.17,NA,NA,"86,86"
2024-2025,20305,"Dumyat Technology Centre, Alva Industrial Estate, Alva, Scotland, FK12 5DW",250 to 499,-8.9,0.2,16.1,-20,86
2024-2025,8475,"Miller House, 2 Lochside View, Edinburgh Park, Edinburgh, EH12 9DH",1000 to 4999,18.8,7.9,6.7,23.3,41
2024-2025,8546,"Mitsubishi Electric Air Conditioning, Nettlehill Road, Houstoun Industrial Estate, Livingston, EH54 5EQ",1000 to 4999,8.1,6.5,7.2,0,"27,28"
2024-2025,17383,"C/O Brodies Llp Capital Square, 58 Morrison Street, Edinburgh, United Kingdom, EH3 8BP",500 to 999,-1.4,-3.9,12.2,0,10
2024-2025,8092,"1st Floor Admiralty Park, Admiralty Road, Rosyth, Fife, KY11 2YW",500 to 999,4.9,-2,44,40.5,32
2024-2025,21171,"C/O T C Young Merchants House, 7 West George Street, Glasgow, Scotland, G2 1BA",250 to 499,-1,0,34,50,56
2024-2025,8711,"Polbeth Industrial Estate, West Calder, EH55 8TJ",250 to 499,86.46,65.8,-42.9,-400,"37,41,42,42"
2024-2025,21992,"Murgitroyd House, 165-169 Scotland Street, Glasgow, Scotland, G5 8PL",250 to 499,43.9,43.9,5.5,0,69
2024-2025,22416,"4th Floor 115 George Street, Edinburgh, Scotland, EH2 4JN",250 to 499,9.2,5.8,13.3,14.9,62
2024-2025,17761,"13 Winchester Avenue, Denny, Scotland, FK6 6QE",250 to 499,6,0,19,0,38
2024-2025,20616,"C/O Alvarez & Marsal Europe Llp, Sutherland House, 149 St. Vincent Street, Glasgow, G2 5NW",250 to 499,-7.8,-13.6,80.9,83.1,46
2024-2025,19307,"36 St Andrew Square, Edinburgh, EH2 2YB",1000 to 4999,36.1,30.5,59.9,57.1,66
2024-2025,18319,"Level 2.1 Wellington Place, 107 West Regent Street, Glasgow, Scotland, G2 2BA",250 to 499,27.8,29.2,59.7,69.7,61
2024-2025,23331,"Blackwood House, Union Grove Lane, Aberdeen, Scotland, AB10 6XU",250 to 499,20.99,24.4,53.05,25,82
2024-2025,9062,"Portal And Townhouse, 66 High Street, Irvine, United Kingdom, KA12 0AZ",500 to 999,-8.6,-6.4,0.01,0.01,"93,93,93,96"
2024-2025,9119,"Lindsayfield Lodge, Rosaburn Avenue, East Kilbride, Glasgow,, G75 9DE",500 to 999,17.6,14.28,66.36,66.67,87
2024-2025,9146,"Maxim 3 2nd Floor, Suite 2b 2 Parklands Avenue, Eurocentral, Holytown, Motherwell, Scotland, ML1 4WQ",250 to 499,2,14.5,-12.5,-150.8,"45,45"
2024-2025,19729,"Redwood House 5 Redwood Crescent, Peel Park, East Kilbride, Scotland, G74 5PP",500 to 999,10.7,0,45.5,37.9,93
2024-2025,21869,"Unit 5 Mayfield Industrial, Estate, Mayfield, Dalkeith, Midlothian, EH22 4AD",250 to 499,0.8,-5.3,29.5,28.2,39
2024-2025,9259,"Head Office, 40 Lambhill Street, Kining Park, Glasgow, G41 1AU",250 to 499,-5.4,0,NA,NA,87
2024-2025,1455,"42 Dryden Road, Bilston Ind Estate, Loanhead, Midlothian, EH20 9LZ",500 to 999,30.59,35.99,13.29,9.17,"43,43,43,61"
2024-2025,19038,"Lower Ground Floor Prime View, Prime Four Business Park, Kingswells, Aberdeen, Scotland, AB15 8PU",250 to 499,23.38,29.1,8.12,-212.17,82
2024-2025,22297,"Clyde Offices 2nd Floor, 48 West George Street, Glasgow, Scotland, G2 1BP",250 to 499,13.23,-2.65,-9.63,-5.51,47
2024-2025,5330,"Hamilton House, 70 Hamilton Drive, Glasgow, United Kingdom, G12 8DR",500 to 999,8.9,0.1,60,68,47
2024-2025,9382,"Minerva House, Bruntland Road, Portlethen, Aberdeen, Aberdeenshire, AB12 4QL",Less than 250,4.2,2.3,3.2,44.4,82
2024-2025,9389,"200 St. Vincent Street, Glasgow, Scotland, G2 5SG",500 to 999,40.66,15.68,62.98,49.06,86
2024-2025,17316,"Mill Dene Beanburn, Ayton, Eyemouth, Scotland, TD14 5QY",Less than 250,-9.9,1.3,46.7,48.4,78
2024-2025,22137,"Queensferry House, Carnegie Campus, Dunfermline, Fife, KY11 8GR",250 to 499,12.25,8.63,22.85,8.47,"26,28"
2024-2025,9405,"Springfield, Linlithgow, Midlothian, EH49 7LR",1000 to 4999,14.6,12.5,53.2,55.7,"62,62,62,63"
2024-2025,9430,"Orion House, Castleheather, Inverness, IV2 6AA",500 to 999,32,52,50,24,78
2024-2025,9513,"59 Charles Street, Glasgow, Scotland, G21 2PR",250 to 499,1,0,NA,NA,86
2024-2025,9520,"Studio 3002 Mile End Mill, 12 Seedhill Road, Paisley, Scotland, PA1 1JS",250 to 499,3.5,5.3,28.47,-13,78
2024-2025,9595,"Park House, 14 Bothwell Road, Hamilton, Lanarkshire, ML3 0AY",1000 to 4999,20.3,17.3,60.8,24.3,"45,45,45,45"
2024-2025,22963,"Rosehall, The Square, Grantown-On-Spey, Scotland, PH26 3HG",Less than 250,1.08,0,NA,NA,87
2024-2025,9592,"Rosehall, The Square, Grantown-On-Spey, Scotland, PH26 3HG",500 to 999,0.45,0,NA,NA,87
2024-2025,9593,"Park House, 14 Bothwell Road, Hamilton, Lanarkshire, ML3 0AY",250 to 499,-3,0,-62.9,-2.4,49
2024-2025,9607,"West Kirk, 84a Portland Street, Kilmarnock, Ayrshire, KA3 1AA",250 to 499,-1.6,0,NA,NA,88
2024-2025,19331,"1 Blair Court North Avenue, Clydebank Business Park, Clydebank, Glasgow, G81 2LA",250 to 499,14.22,0.49,23.66,10.93,82
2024-2025,21399,"11 Fountain Crescent, Inchinnan Business Park, Inchinnan, Renfrew, PA4 9RE",250 to 499,-0.2,4.3,-17,-8.8,27
2024-2025,33678,"Alliance Centre Greenwell Road, East Tullos Industrial Estate, Aberdeen, AB12 3AX",250 to 499,29.84,17.42,50.73,3.18,"45,45,45,45"
2024-2025,9721,"Orchard Brae House, 30 Queensferry Road, Edinburgh, Scotland, EH4 2HS",500 to 999,3.64,2.71,NA,NA,"86,87,88,94"
2024-2025,16193,"Thistle House, 21/23 Thistle Street, Edinburgh, EH2 1DF",500 to 999,1.1,-3.6,-311.7,-11.9,78
2024-2025,9772,"Clyde Offices 2nd Floor, 48 West George Street, Glasgow, Scotland, G2 1BP",500 to 999,18.7,7.9,35,28.5,"45,45"
2024-2025,9780,"Thorntons Solicitors Whitehall House, 33 Yeaman Shore, Dundee, Scotland, DD1 4BJ","5000 to 19,999",44.82,24.26,86.06,83.26,86
2024-2025,16377,"Bridge View, 1 North Esplanade West, Aberdeen, AB11 5QF",1000 to 4999,28.1,38.1,29.3,7.8,91
2024-2025,9786,"Bo'Ness Road, Grangemouth, Stirlingshire, FK3 9XH",500 to 999,12,12,24.63,15.75,19
2024-2025,14376,"R A Clement Associates, 5 Argyll Square, Oban, Argyll, Scotland, PA34 4AZ",250 to 499,15.54,20.68,30.83,58.5,"23,71,72,77"
2024-2025,9884,"Pinnacle Hill, Kelso, Roxburghshire, TD5 8XX",500 to 999,24,7,77,15,27
2024-2025,21971,"50 Lothian Road, Festival Square, Edinburgh, Scotland, EH3 9WJ",250 to 499,7.07,9.06,29.5,19.32,74
2024-2025,21790,"Mcdonalds Restaurant, Whitburn Road, Bathgate, West Lothian, Scotland, EH48 2RA",500 to 999,-3.27,0,NA,NA,56
2024-2025,21187,"Brodies House, 31-33 Union Grove, Aberdeen, United Kingdom, AB10 6SD",250 to 499,29.1,38.8,49.9,40.9,71
2024-2025,10009,"Building 620, Orangefield, Prestwick Airport, Ayrshire, KA9 2PQ",500 to 999,11.25,14.61,-220,-220,52
2024-2025,10100,"Blackwood House, Union Grove Lane, Aberdeen, AB10 6XU",250 to 499,27.21,22.22,71.69,74.26,"28,71,77"
2024-2025,10101,"Brimmond House Kingswells Causeway, Prime Four Business Park, Kingswells, Aberdeen, Scotland, AB15 8PU",250 to 499,9,7,-8,-131,62
2024-2025,10111,"5 Central Way, Kildean Business Park, Stirling, United Kingdom, FK8 1FT",1000 to 4999,21.5,22.8,53.2,50.7,64
2024-2025,10117,"5 Central Way, Kildean Business Park, Stirling, United Kingdom, FK8 1FT",500 to 999,13.7,12.2,26.7,25.1,66
2024-2025,10167,"Rench Farm, Drumclog, Strathaven, South Lanarkshire, ML10 6QJ",500 to 999,33.57,36.6,60.21,50,"42,64,82"
2024-2025,10180,"Quarriers Head Office, 20 St. Kenneth Drive, Glasgow, Scotland, G51 4QD",1000 to 4999,0.93,0,NA,NA,"87,87,88,88"
2024-2025,10218,"2411 London Road, Glasgow, G32 8XT",250 to 499,34,-24,57,-311,"42,42,42,42"
2024-2025,27930,"22 Rose Street, Edinburgh, United Kingdom, EH2 2QA",250 to 499,-6.61,0,NA,NA,"56,79"
2024-2025,10230,"27 Barony Road, Auchinleck, Ayrshire, KA18 2LL",500 to 999,-2,0,NA,NA,55
2024-2025,10260,"6 Redheughs Rigg, South Gyle, Edinburgh, Scotland, EH12 9DQ",500 to 999,6.4,0,20.3,1.3,87
2024-2025,19083,"9 Watt Place, Hamilton Intnl Technology Park, Blantyre, Glasgow, G72 0AH",250 to 499,12.2,11.1,26,68.5,43
2024-2025,14430,"Archibald Hope House, Station Road, Musselburgh, Scotland, EH21 7PQ",1000 to 4999,-6.6,-2.8,-83.8,-3900,87
2024-2025,10403,"The Lagoon Centre, Christie Street, Paisley, PA1 1NB",250 to 499,-0.36,-5.5,NA,NA,"90,91,93"
2024-2025,10421,"8 Nelson Mandela Place, Glasgow, Scotland, G2 1BT",500 to 999,0.55,0.25,31.2,21.5,82
2024-2025,15725,"Cargill Centre Business Park, Aberdeen Road, Laurencekirk, Aberdeenshire, AB30 1EY",Less than 250,17.6,3,-96.1,0,78
2024-2025,15286,"Clyde View, 22 Pottery Street, Greenock, Inverclyde, Scotland, PA15 2UZ",Less than 250,9.9,-1.2,NA,NA,68
2024-2025,10544,"C/O Bosch Rexroth, Viewfield Industrial Estate, Glenrothes, KY6 2RD",500 to 999,22.3,20.2,51.5,32.6,"27,45"
2024-2025,203,"Schoolhill, Aberdeen, AB10 1FE",250 to 499,3.41,-10.91,NA,NA,NA
2024-2025,10558,"10 Perimeter Road, Pinefield Inustrial Estate, Elgin, Moray,, IV30 6AE",1000 to 4999,23,18,42.54,65.4,81
2024-2025,10592,"1 Dow Avenue, Prestwick International, Aerospace Park, South Ayrshire, KA9 2SA",250 to 499,4.8,3.1,30.6,-15,30
2024-2025,29679,"Nine Edinburgh Bioquarter, 9 Little France Road, Edinburgh, Scotland, EH16 4UX",250 to 499,12,4.1,6,1.9,72
2024-2025,16945,"Muir Of Ord Industrial Estate, Muir Of Ord, Ross-Shire, IV6 7UA",1000 to 4999,23.98,26.18,22.5,22.3,"25,28,33,43"
2024-2025,10617,"BABCOCK INTERNATIONAL, Rosyth Business Park, Rosyth, Dunfermline, Fife, KY11 2YD",1000 to 4999,2.4,0,-41.3,0,30
2024-2025,310,"65 Sussex Street, Glasgow, Scotland, G41 1DX",500 to 999,15.1,11,41,52.9,"39,42,71,74"
2024-2025,10726,"Rwg (Repair & Overhauls) Limited Kirkhill Drive, Kirkhill Industrial Estate, Dyce, Aberdeen, Scotland, AB21 0EU",250 to 499,0.9,8.1,-51.2,-98,28
2024-2025,10770,"Orwell Bakery Loanhead Avenue, Lochore, Fife, KY5 8DD",500 to 999,9.9,0,50.2,-6.8,"11,14,10,47"
2024-2025,10753,"1 Wellheads Avenue, Dyce, Aberdeen, AB21 7PB",250 to 499,6.27,17.42,-65.64,-169.32,"46,52"
2024-2025,10776,"112 Commercial Street, Edinburgh, Scotland, EH6 6NF",Less than 250,5,1.61,NA,NA,"87,88"
2024-2025,10838,"Carnbroe House Finch Way, Strathclyde Business Park, Bellshill, Scotland, ML4 3PE",250 to 499,17.4,25,21.4,19.4,43
2024-2025,23206,"F6, Buchan House Carnegie Campus, Enterprise Way, Dunfermline, Fife, Scotland, KY11 8PL",Less than 250,50,4.1,NA,NA,78
2024-2025,22038,"C/O Bellwether Green Limited, 225 West George Street, Glasgow, Scotland, Scotland, G2 2ND",250 to 499,11.9,4.6,44.7,15.3,"62,73"
2024-2025,10909,"1 Neilson  Square, Deans Industrial Estate, Livingston, EH54 8RQ",1000 to 4999,15,1.47,11.68,30.77,47
2024-2025,10920,"Glenugie Engineering Works, Peterhead, AB42 0YX",500 to 999,34.4,30.7,100,100,96
2024-2025,19103,"400 Townmill Road, Glasgow, G31 3AR",250 to 499,13.3,21.1,69,62.5,"46,46"
2024-2025,15944,"Townmill Road, Glasgow, G31 3AR",250 to 499,13.3,21.1,69,62.5,46
2024-2025,10925,"The Abattoir, Dornock, Annan, Dumfries & Galloway, Scotland, DG12 6SU",250 to 499,6,16,NA,NA,10
2024-2025,10930,"Axis House 5 Lonehead Drive, Newbridge, Edinburgh, Scotland, EH28 8TG",Less than 250,11,9.7,37.1,36.5,35
2024-2025,5329,"Hamilton House, 70 Hamilton Drive, Glasgow, G12 8DR",1000 to 4999,17,83,61,14,56
2024-2025,5328,"Hamilton House, 70 Hamilton Drive, Glasgow, G12 8DR",1000 to 4999,17,3,61,14,64
2024-2025,10937,"Unit 7, Halbeath Interchange Business Park Kingseat Road, Halbeath, Dunfermline, Fife, KY11 8RY",500 to 999,-17.4,1,71.6,79.6,"16,16"
2024-2025,10938,"Brunswick House, 51 Wilson Street, Glasgow, G1 1UZ",500 to 999,2.3,-5.06,NA,NA,"87,87,88"
2024-2025,19250,"Inveralmond House, 200 Dunkeld Road, Perth, PH1 3AQ",250 to 499,22.1,18.1,99.3,100,35
2024-2025,17348,"Bradbury Hub, 100 Smithfield Loan, Alloa, Clackmannanshire, Scotland, FK10 1NP",500 to 999,-4.2,-2.7,6.3,8.4,"85,87,88"
2024-2025,17329,"Scottish Event Campus, Glasgow, Scotland, G3 8YW",250 to 499,8.9,2.2,10.2,6.5,68
2024-2025,476,"Inveralmond House, 200 Dunkeld Road, Perth, PH1 3AQ",1000 to 4999,3.8,2.2,-47.5,-72,35
2024-2025,477,"Inveralmond House, 200 Dunkeld Road, Perth, PH1 3AQ",1000 to 4999,16.2,16.4,44.3,16.4,35
2024-2025,2367,"Baltic Works, Kilbarchan Road, Bridge Of Weir, Renfrewshire, PA11 3RH",500 to 999,8,-1.5,NA,NA,15
2024-2025,15342,"39 Elmbank Crescent, Glasgow, G2 4PT",Less than 250,9.54,-5.47,NA,NA,90
2024-2025,412,"320 St. Vincent Street, Glasgow, Scotland, G2 5AD",500 to 999,16.07,13.32,49.23,36.15,70
2024-2025,10944,"Murrayfield, Edinburgh, EH12 5PJ",500 to 999,58,18,86,69,"93,93"
2024-2025,10946,"Kingseat Road, Halbeath, Dunfermline, Fife, KY11 8RY",250 to 499,12.1,11.4,NA,NA,94
2024-2025,10947,"1-3 Lochside Crescent, Edinburgh, United Kingdom, EH12 9SE",250 to 499,-1.5,7.2,-4.6,22,"36,46,82"
2024-2025,10949,"The Mound, Edinburgh, United Kingdom, EH1 1YZ",1000 to 4999,13.9,18.6,30.8,35.6,66
2024-2025,26313,"Research Park, Riccarton, Edinburgh, EH14 4AP",250 to 499,23,12,66.3,38.8,21
2024-2025,10951,"320 St. Vincent Street, Glasgow, Scotland, G2 5AD",500 to 999,15.14,18.06,43.41,56.21,"35,35"
2024-2025,10975,"Turnberry House, 6th Floor, 175 West George Street, Glasgow, Scotland, G2 2LB",1000 to 4999,-10.4,-2.2,-9.5,-21.4,"78,78"
2024-2025,10986,"300 Bath Street, Floor 5, Glasgow, United Kingdom, G2 4JR",1000 to 4999,-6,-4,14,0,80
2024-2025,21189,"37 Abercrombie Court Prospect Road, Arnhall Business Park, Westhill, Scotland, AB32 6FE",250 to 499,31.6,43,67.8,74.6,27
2024-2025,82,"43 Middlesex Street, Glasgow, G41 1EE",1000 to 4999,-1.3,0,NA,NA,"87,88,88"
2024-2025,11120,"C/O Johnston Carmichael, 227 West George Street, Glasgow, G2 2ND",250 to 499,16.5,27,33.6,33.4,82
2024-2025,253,"Shin-Etsu Handotai Europe Ltd Wilson Road, Toll Roundabout, Eliburn, Livingston, West Lothian, Scotland, EH54 7DA",500 to 999,13,4,10,0,26
2024-2025,20779,"Edinburgh Airport, Turnhouse Road, Edinburgh, Scotland, EH12 9DN",250 to 499,10.2,6.9,41,-9.1,82
2024-2025,16183,"Blenheim House, Fountainhall Road, Aberdeen, AB15 4DT",500 to 999,4.6,3.6,41,44.1,55
2024-2025,11245,"165 Howard Street, Glasgow, G1 4HF",500 to 999,7.6,10,NA,NA,47
2024-2025,11246,"Turnberry Hotel, Ayrshire, KA26 9LT",250 to 499,14.74,4.27,48.25,77.48,"55,93,96,96"
2024-2025,22347,"Rosslyn Commerce Park, Mitchelston Industrial Estate, Kirkcaldy, Fife, KY1 3NA",250 to 499,2.6,8.4,22.5,8.4,17
2024-2025,11380,"Council Offices, Almada Street, Hamilton, Scotland, ML3 0EW",1000 to 4999,3,0,NA,NA,"90,91,91,93"
2024-2025,18600,"320 St. Vincent Street, Glasgow, Scotland, G2   5AD",500 to 999,8.73,9.93,9.73,-6,35
2024-2025,11434,"320 St. Vincent Street, Glasgow, Scotland, G2   5AD",1000 to 4999,2.82,0.05,0.13,1.44,96
2024-2025,18599,"320 St. Vincent Street, Glasgow, Scotland, G2   5AD",500 to 999,14.79,15.75,58.19,18.19,35
2024-2025,11441,"Trojan House Pegasus Avenue, Phoenix Business Park, Paisley, Renfrewshire, PA1 2BH",250 to 499,-9.4,7.89,-34.23,0,87
2024-2025,11449,"Alliance Centre Greenwell Road, East Tullos Industrial Estate, Aberdeen, AB12 3AX",500 to 999,33.21,18.08,64.57,28.45,"45,45,45,45"
2024-2025,297,"1 Marchfield Drive, Westpoint Business Park, Paisley, Renfrewshire, Scotland, PA3 2RB",500 to 999,-2.35,0,-2938.3,-549.78,81
2024-2025,19152,"7 Kirkshaws Road, Coatbridge, ML5 5EY",250 to 499,22.49,26,45,44,43
2024-2025,11490,"28 Albyn Place, Aberdeen, United Kingdom, AB10 1YL",500 to 999,-9.44,0,NA,NA,82
2024-2025,11499,"Stuart House Eskmills, Station Road, Musselburgh, East Lothian, Scotland, EH21 7PB",1000 to 4999,3.1,2.74,NA,NA,81
2024-2025,11506,"Alexander Fleming House, 8 Southfield Drive, Elgin, Morayshire, IV30 6GR",250 to 499,7,15,-690.4,-5650,"41,41"
2024-2025,11525,"Peter Wilson Building, King's Buildings, West Mains Road, Edinburgh, EH9 3JG",1000 to 4999,12.7,14.4,NA,NA,"72,75,85"
2024-2025,393,"Inveralmond House, 200 Dunkeld Road, Perth, Perthshire, PH1 3AQ","5000 to 19,999",10.5,12,44.4,16.6,70
2024-2025,16096,"St Andrews Bay Golf Resort & Spa, St. Andrews, Fife, KY16 8PN",250 to 499,2.2,5.3,-67.5,1.5,55
2024-2025,11665,"Block 3, Units 1,2,3 & 4, Thornliebank Industrial Estate, Glasgow, G46 8JW",250 to 499,36,44.4,31.2,37.4,28
2024-2025,23078,"C/O Addleshaw Goddard, 24, St Andrew Square, Edinburgh, EH2 1AF",250 to 499,19,4.5,58,-13,55
2024-2025,21964,"99 Gorgie Park Road, Edinburgh, Scotland, EH11 2QL",250 to 499,1.28,-0.31,29.94,-33.45,56
2024-2025,11705,"76 Moss Road, Tillicoultry, Scotland, FK13 6NS",250 to 499,13,8,22,11,47
2024-2025,19482,"3rd Floor, Sterling House 20 Renfield Street, Glasgow, G2 5AP",250 to 499,12.01,5.75,37.52,33.44,79
2024-2025,11715,"Tofthill, Glencarse, Perth, PH2 7LS",250 to 499,10.6,0,4.2,-23,"11,11"
2024-2025,14967,"Randolph Hill, Fankerton, Denny, FK6 5HJ",250 to 499,5.6,0,NA,NA,86
2024-2025,33805,"Mcdonald's Restaurant, 59 London Road, Edinburgh, Scotland, EH7 6AA",250 to 499,1.45,0.35,18.5,-282.52,"56,56"
2024-2025,16191,"Pacific Quay, Glasgow, G51 1PQ",500 to 999,11.6,8.4,57,34,64
2024-2025,11780,"East Campus Prospect Road, Arnhall Business Park, Westhill, Aberdeenshire, AB32 6FE",1000 to 4999,32,37.5,46.4,49.8,82
2024-2025,4800,"3 Inchcorse Place, Whitehill Industrial Estate, Bathgate, Scotland, EH48 2EE",250 to 499,25.97,25.67,62.99,38.4,96
2024-2025,22713,"Rowan House 1 Robroyston Oval, Nova Business Park, Glasgow, Scotland, G33 1AP",250 to 499,22,31,56,48,62
2024-2025,32220,"The Garage Woodhead Road, Palnackie, Castle Douglas, Kirkcudbrightshire, DG7 1PG",250 to 499,1.6,1.7,-23.5,-250,49
2024-2025,12123,"Wellpark Brewery, 161 Duke Street, Glasgow, G31 1JD",500 to 999,1.3,5.1,45.3,0,11
2024-2025,23370,"10 Crompton Way, North Newmoor Industrial Estate, Irvine, Scotland, KA11 4HU",Less than 250,-22.8,-64,-70,-985.7,38
2024-2025,12139,"2 South Gyle Crescent, Edinburgh, United Kingdom, EH12 9FQ",1000 to 4999,21.3,32.3,46.3,52.8,64
2024-2025,12180,"The Prentice Centre, 1 Granton Mains Avenue, Edinburgh, Scotland, EH4 4GA",500 to 999,-3.93,-1.8,0,0,"87,88"
2024-2025,12188,"Maxim 3, 2nd Floor, Suite 2b 2 Parklands Avenue, Eurocentral, Holytown, Motherwell, Scotland, ML1 4WQ",500 to 999,9.4,13.3,39.1,-108.3,70
2024-2025,12339,"100 Queen Street, Glasgow, Scotland, G1 3DN",1000 to 4999,7.6,1.1,12.9,22.2,11
2024-2025,17342,"Glasgow Academy, Colebrooke Street, Glasgow, G12 8HE",250 to 499,13.7,21.4,NA,NA,"85,85,85"
2024-2025,12417,"The James Hutton Institute, Invergowrie, Dundee, DD2 5DA",500 to 999,12.8,8.8,93,92,72
2024-2025,19366,"Dumfries House, Dumfries House Estate, Cumnock, Ayrshire, KA18 2NJ",250 to 499,1.1,1.5,NA,NA,91
2024-2025,19066,"1 George Square, Glasgow, G2 1AL",500 to 999,-3.35,0,100,100,59
2024-2025,36576,"The Gatehouse, 10 Dumbarton Road, Glasgow, Scotland, G11 6PA",250 to 499,2,0,NA,NA,86
2024-2025,12471,"Inspire House 3 Renshaw Place, Eurocentral, Lanarkshire, ML1 4UF",500 to 999,-1.98,0,NA,NA,82
2024-2025,14264,"The Green House Forrest Estate, Dalry, Castle Douglas, Kirkcudbrightshire, United Kingdom, DG7 3XS",250 to 499,18,17,40.01,42.77,74
2024-2025,31098,"Wheatfield Road, Edinburgh, EH11 2PX",250 to 499,-5,1,-15,18,11
2024-2025,12495,"Old Course Hotel, Golf Resort And Spa, St Andrews, Fife,, KY16 9SP",250 to 499,9.62,8.39,0.63,-100,55
2024-2025,15715,"Ibrox Stadium, 150 Edmiston Drive, Glasgow, G51 2XD",500 to 999,72,-7,92,66,93
2024-2025,22490,"25 Queen Street, Edinburgh, United Kingdom, EH2 1JX",250 to 499,50.4,30.3,50.7,41.1,86
2024-2025,12641,"Doges Templeton Business Centre, 62 Templeton Street, Glasgow, Glasgow, Scotland, G40 1DA",250 to 499,1.62,0,NA,NA,78
2024-2025,12667,"Thistle Centre Of Wellbeing, 13 Queen's Walk, Edinburgh, Scotland, EH16 4EA",250 to 499,3.19,0,NA,NA,"88,88,96"
2024-2025,12668,"3a Scholars Gate, East Kilbride, Glasgow, Scotland, G75 9JL",500 to 999,0,0.01,NA,NA,86
2024-2025,12670,"Thistle Seafoods Limited Harbour Street, Boddam, Peterhead, Scotland, AB42 3AU",500 to 999,10.72,6,NA,NA,"10,46"
2024-2025,12690,"34 Old Mill Road, Uddingston, G71 7HH",500 to 999,12,9,54,7,32
2024-2025,2002,"Newfield House, 1 New Street, Musselburgh, East Lothian, EH21 6HY",1000 to 4999,19.19,-1.54,-35.3,0,88
2024-2025,21572,"Rwm House, Kilbagie, Alloa, Scotland, FK10 4DY",250 to 499,10,12,-24,18,81
2024-2025,12836,"100 Dalsetter Avenue, Glasgow, Scotland, G15 8TE",250 to 499,-7.4,8.5,-26,-5.6,42
2024-2025,355,"Henry Duncan House, 120 George Street, Edinburgh, EH2 4LH","5000 to 19,999",25.5,24.7,48.8,25.2,64
2024-2025,35388,"Floor 3, 1-4 Atholl Crescent, Edinburgh, Scotland, EH3 8HA",250 to 499,14.58,27.24,73.85,92.36,"24,28,43"
2024-2025,13028,"Merchants House, 7 West George Street, Glasgow, G2 1BA",1000 to 4999,2,0,NA,NA,"86,87"
2024-2025,13032,"Napier Building Reynolds Avenue, East Kilbride, Glasgow, Scotland, G75 0AF",500 to 999,14.2,19.9,46.1,-129.3,74
2024-2025,21078,"Office 2.20 83 Princes Street, Edinburgh, Lothian Region, Scotland, EH2 2ER",1000 to 4999,10.3,11.6,40.9,50.3,82
2024-2025,18587,"2 Bothwell Street, Glasgow, G2 6LU",Less than 250,3.9,12,NA,NA,70
2024-2025,13147,"110 Easter Queenslie Road, Glasgow, Lanarkshire, G33 4UL",250 to 499,14,0,11.44,40,46
2024-2025,13200,"1 Meadowhead Road, Irvine, Ayrshire, KA11 5AT",250 to 499,1.2,9.8,-20.3,-12.2,17
2024-2025,13250,"Newmains Avenue, Inchinnan, Renfrewshire, PA4 9RR",1000 to 4999,8.8,12,10.6,-20.4,32
2024-2025,23448,"4a Rutland Square, Edinburgh, Scotland, EH1 2AS",500 to 999,13.87,13.84,71.82,100,64
2024-2025,29217,"4a Rutland Square, Edinburgh, Scotland, EH1 2AS",500 to 999,13.9,13.8,71.8,100,78
2024-2025,21260,"C/O Addleshaw Goddard, 24, St. Andrew Square, Edinburgh, Scotland, EH2 1AF",250 to 499,-1.11,3.57,-19.8,13.64,"25,27"
2024-2025,9203,"Penguin House, Castle Riggs, Dunfermline, Fife, Scotland, KY11 8SG",1000 to 4999,28.71,34.33,67.68,60.36,70
2024-2025,13299,"C/O Brodies Llp Capital Square, 58 Morrison Street, Edinburgh, EH3 8BP",500 to 999,9.58,5.22,58.22,89.88,46
2024-2025,13300,"C/O Brodies Llp Capital Square, 58 Morrison Street, Edinburgh, EH3 8BP",1000 to 4999,4.5,3.1,30.93,23.55,47
2024-2025,16590,"4 South Oswald, Edinburgh, EH9 2HG",Less than 250,-4.9,-25.3,NA,NA,87
2024-2025,13316,"1st Floor Left, 161 Brooms Road, Dumfries, Scotland, DG1 2SH",1000 to 4999,-5.1,-1.9,-45.2,-58.4,80
2024-2025,12129,"Newhouse Industrial Estate, Newhouse, Motherwell, Lanarkshire, ML1 5RY",250 to 499,1.04,1.66,2.19,-2.78,28
2024-2025,13423,"Brookfield House, Burnbrae Drive, Linwood Industrial Estate, Linwood, PA3 3BU",1000 to 4999,-19.1,0.8,18.2,3.5,49
2024-2025,20230,"65 Sussex Street, Glasgow, Scotland, G41 1DX",250 to 499,19.9,23.9,48.7,-50,"25,28,33,43"
2024-2025,566,"Aberlour House, Aberlour-On-Spey, Banffshire, AB38 9LD",1000 to 4999,12.2,-0.5,-1.2,2.2,10
2024-2025,13478,"21-24 Wellmeadow, Blairgowrie, PH10 6AT",500 to 999,8,0,0,0,86
2024-2025,23216,"28 Albyn Place, Aberdeen, United Kingdom, AB10 1YL",250 to 499,22.58,20,NA,NA,82
2024-2025,301,"Kyleshill House, Glencairn Street, Saltcoats, Ayrshire, KA21 5JT",1000 to 4999,13,1,59,40,82
2024-2025,15616,"Xcite Bathgate Balbardie Park, Torphichen Road, Bathgate, West Lothian, EH48 4LA",250 to 499,0.68,0,NA,NA,93
2024-2025,7855,"Willow House Kestrel View, Strathclyde Business Park, Bellshill, Scotland, ML4 3PB",500 to 999,-6,0,0,0,"87,87,88,88"
2024-2025,20242,"Wheatley House, 25 Cochrane Street, Glasgow, Scotland, G1 1HL",250 to 499,-19.6,-21.3,NA,NA,68
2024-2025,13753,"4th Floor St. Vincent Plaza, 319 St. Vincent Street, Glasgow, Scotland, G2 5RG",500 to 999,12.17,1.58,50.32,10.9,11
2024-2025,13784,"The Glenfiddich Distillery, Dufftown, Keith, Scotland, AB55 4DH",1000 to 4999,6.2,8.8,17.7,6.6,11
2024-2025,22750,"The Glenfiddich Distillery, Dufftown, Keith, Scotland, AB55 4DH",250 to 499,32.1,14.3,58.4,11.9,11
2024-2025,13887,"Sir Ian Wood House Hareness Road, Altens Industrial Estate, Aberdeen, Scotland, AB12 3LE",1000 to 4999,24.5,33.6,29.9,50,"91,71"
2024-2025,13888,"Level 3, 6 St Andrew Square, Edinburgh, EH2 2BD",500 to 999,18.61,19.06,33.16,38.07,91
2024-2025,18299,"16 North Esplanade West, Aberdeen, Scotland, AB11 5RJ",500 to 999,13,11,-27.2,-10.1,91
2024-2025,13991,"5th Floor Capitol Building, 429-431 Union Street, Aberdeen, AB11 6DA",250 to 499,21.6,29.4,8.1,1.4,71
2024-2025,22707,"Stamp Office 10 Waterloo Place, Level 1, Edinburgh, Scotland, EH1 3EG",250 to 499,16.71,19.84,49.6,30,62
2024-2025,14072,"1 Tanfield, Edinburgh, EH3 5DA",500 to 999,-2.07,-1.35,-2,4.8,"26,62"
2025-2026,16879,"19 Smith's Place, Leith Walk, Edinburgh, EH6 8NU",250 to 499,-2.91,-0.04,-59.21,-5.26,47
2025-2026,17484,"Suite 1, Ground Floor Academy House, 1346 Shettleston Road, Glasgow, Scotland, G32 9AT",Less than 250,-4.38,-0.06,NA,NA,"86,88"
2025-2026,14399,"Fairview Mill, Ingliston, Newbridge, Midlothian, EH28 8NB",250 to 499,8.6,12.1,19.4,-51,"14,10"
2025-2026,1838,"Westfield House, 4 Mollins Road, Cumbernauld, G68 9HD",500 to 999,7.2,-1.2,-10.3,52.4,11
2025-2026,777,"72 Milton Road, Kirkcaldy, Fife, Scotland, KY1 1TP",500 to 999,5.26,-8.4,NA,NA,86
2025-2026,17554,"38 Castle Street, Aberdeen, AB11 5YU",500 to 999,-0.06,0,2.77,0,"85,87,87,87"
2025-2026,11648,"1 George Street, Edinburgh, United Kingdom, EH2 2LL",1000 to 4999,20.2,10.4,66.2,15,82
2025-2026,17218,"Pittodrie Stadium, Pittodrie Street, Aberdeen, AB24 5QH",250 to 499,27.6,12.7,-0.6,-11.6,"93,93"
2025-2026,11651,"1 George Street, Edinburgh, United Kingdom, EH2 2LL",1000 to 4999,22.7,16,58.5,29.4,70
2025-2026,794,"Kintail House, Forthside Way, Stirling, Stirlingshire, Scotland, FK8 1QZ",500 to 999,5.83,3.93,NA,NA,96
2025-2026,789,"1 George Street, Edinburgh, United Kingdom, EH2 2LL",1000 to 4999,14.5,6.2,51.2,10,64
2025-2026,11650,"1 George Street, Edinburgh, EH2 2LL",1000 to 4999,27.9,35.3,38,40.2,66
2025-2026,790,"1 George Street, Edinburgh, United Kingdom, EH2 2LL",1000 to 4999,30.3,32.5,64,47.1,64
2025-2026,16687,"The Peak, Forthside Way, Stirling, Scotland, FK8 1QZ",250 to 499,-7,0,NA,NA,"93,93"
2025-2026,18552,"Gateside, 6 Back Road, Dollar, FK14 7EA",500 to 999,-1.2,-1.66,27.08,-6.22,56
2025-2026,915,"C/O Brodies Llp Capital Square, 58 Morrison Street, Edinburgh, United Kingdom, EH3 8BP",1000 to 4999,8.1,8.2,8,26,82
2025-2026,950,"Aegon Lochside Crescent, Edinburgh Park, Edinburgh, Scotland, EH12 9SE",1000 to 4999,22.31,24.38,55.37,35.96,82
2025-2026,977,"The Wright Business Centre, Lonmay Road, Glasgow, Scotland, G33 4EL",1000 to 4999,0.1,1.4,8.5,31,56
2025-2026,308,"Lomondgate, Stirling Road, Dumbarton, Scotland, G82 3RG",1000 to 4999,15.6,5.1,25.1,-13.1,77
2025-2026,1075,"New Monkland, 251 Stirling Road, Airdrie, Lanarkshire, ML6 7SP",1000 to 4999,17.9,6.4,8.7,11.7,"11,10,10,46"
2025-2026,1095,"9 Central Boulevard, Larbert, United Kingdom, FK5 4RU",1000 to 4999,2.7,-0.2,21.1,37.7,29
2025-2026,1145,"230 Balmore Road, Glasgow, Lanarkshire, G22 6LJ",500 to 999,2.43,0.8,73.92,16.55,"29,45,45,45"
2025-2026,22078,"21-25 Reform Street, Dundee, DD1 1SG",500 to 999,-1,0,31.45,33.33,47
2025-2026,11744,"Altrad Howe Moss Crescent, Dyce, Aberdeen, Scotland, AB21 0GN",1000 to 4999,35,41,36,40,91
2025-2026,1186,"Badentoy Crescent, Portlethen, Aberdeen, AB12 4YD",250 to 499,29.1,30.8,17,-22.3,91
2025-2026,1194,"69 North Gyle Terrace, Edinburgh, Scotland, EH12 8JY",250 to 499,9.32,0,NA,NA,86
2025-2026,20184,"Waverley Gate, 2 - 4 Waterloo Place, Edinburgh, EH1 3EG",250 to 499,5.1,-0.5,13.5,11.9,62
2025-2026,1275,"28 Albyn Place, Aberdeen, United Kingdom, AB10 1YL",1000 to 4999,1,0.4,-157,-44,81
2025-2026,18132,"Angus House, Orchardbank Business Park, Forfar, Angus, DD8 1AN",500 to 999,-7.79,-0.15,NA,NA,"90,91,91,93"
2025-2026,1325,"Apex Hotels House, 1 Mid New Cultins, Edinburgh, Scotland, EH11 4DH",1000 to 4999,5.7,4.7,10.3,-11.4,55
2025-2026,1343,"Block 2 Units C And D, West Mains Industrial Estate, Grangemouth, Stirlingshire, FK3 8YE",250 to 499,19.04,33.7,83.37,73.72,71
2025-2026,1377,"2 Marischal Square, Broad Street, Aberdeen, Scotland, AB10 1DQ",250 to 499,26.1,39.6,-85.3,-2384,91
2025-2026,1417,"454 Hillington Road, Glasgow, Scotland, G52 4FH","5000 to 19,999",7.8,4,23.2,-23.4,"45,45,45"
2025-2026,1418,"454 Hillington Road, Glasgow, Scotland, G52 4FH",500 to 999,-3.6,-5.4,8.5,-6.7,77
2025-2026,1427,"Arr Craib Transport Ltd Howe Moss Drive, Kirkhill Industrial Estate, Dyce, Aberdeen, AB21 0GL",250 to 499,-7.35,-7.66,100,100,49
2025-2026,50601,"Mcdonald's Restaurant Queensway, East Kilbride, Glasgow, Scotland, G74 1HE",250 to 499,2.24,4.55,-66.67,-133.33,56
2025-2026,17341,"6 Coates Crescent, Edinburgh, Midlothian, EH3 7AL",250 to 499,3.07,2,-105.8,-54.5,78
2025-2026,1474,"Asco Group Headquarters Unit A, 11 Harvest Avenue, D2 Business Park, Dyce, Aberdeen, AB21 0BQ",500 to 999,-1.5,-6.5,21.7,-35.5,96
2025-2026,33685,"Ashtead House Discovery Drive, Arnhall Business Park, Westhill, Aberdeenshire, AB32 6FG",250 to 499,32.6,39.5,38.5,11.1,77
2025-2026,22359,"Bridge View, 1 North Esplanade West, Aberdeen, Aberdeenshire, AB11 5QF",250 to 499,34.6,21.3,NA,NA,78
2025-2026,1639,"AVIAGEN LTD, 11 Lochend Road, Ratho Station, Newbridge, Midlothian, EH28 8SZ",250 to 499,13.19,11.17,23.66,6.55,14
2025-2026,17645,"28 Drumsheugh Gardens, Edinburgh, Scotland, EH3 7RN",250 to 499,-7.2,-11.6,1.2,-9.5,32
2025-2026,1759,"BALHOUSIE CARE GROUP, Earn House, Lamberkine Drive, Perth, PH1 1RA",1000 to 4999,-4.62,0,-81.5,-33.3,86
2025-2026,1764,"Balmoral Park, Loirston, Aberdeen, AB12 3GY",250 to 499,0.5,-9.6,35.6,12.6,22
2025-2026,19915,"180 Hardgate Road, Glasgow, Scotland, G51 4TB",250 to 499,8.9,-0.67,69.87,50,"25,25,46"
2025-2026,1843,"Libertas House, 5th Floor, 39 St. Vincent Place, Glasgow, United Kingdom, G1 2ER",500 to 999,11.3,10.4,27.7,30.6,79
2025-2026,1875,"12 Charlotte Square, Edinburgh, Scotland, EH2 4DJ",500 to 999,-12.7,-0.1,-28.3,50,"10,10,10,10"
2025-2026,1877,"8 Fairways Business Park, Deer Park Avenue, Livingston, Scotland, EH54 8AF",500 to 999,23.02,2.92,66.34,84.33,56
2025-2026,1922,"Bear House,Inveralmond Road, Inveralmond Industrial Estate, Perth, PH1 3TW",500 to 999,8.1,7.1,-52.6,-53.8,42
2025-2026,1925,"Garscube Estate, Switchback Road, Bearsden, Glasgow, G61 1BD",250 to 499,8.89,4.26,NA,NA,72
2025-2026,1954,"Bell Business Park, Rochsolloch Road, Airdrie, ML6 9BG",1000 to 4999,5,11,31,8,"43,43,43,43"
2025-2026,2078,"13 Queens Road, Aberdeen, AB15 4YL",500 to 999,-2.6,-2.13,-15,-22,74
2025-2026,2159,"10 Dunkeld Road, Perth, Perthshire, United Kingdom, PH1 5TW",500 to 999,3.6,0.6,15.6,0,49
2025-2026,2214,"Marischal College Marischal College, Broad Street, Aberdeen, Scotland, AB10 1AB",1000 to 4999,-2.9,0,NA,NA,88
2025-2026,2386,"Seaforth House, Seaforth Place, Burntisland, Fife, KY3 9AX",500 to 999,17.4,23.6,51.6,12.9,"32,33,42"
2025-2026,41460,"Office 2.8 1 Barrack Street, Hamilton, Scotland, ML3 0DG",250 to 499,-3,1,NA,NA,78
2025-2026,15096,"18 Blythswood Square, Glasgow, Scotland, G2 4BG",1000 to 4999,7.2,11.7,75.3,79.4,"78,78"
2025-2026,2507,"Unit 1 Kelloholm Industrial Estate, Greystone Avenue, Kelloholm, Dumfriesshire, Scotland, DG4 6RB",500 to 999,1.44,0,26.35,0,70
2025-2026,2504,"Unit1 Greystone Avenue, Kelloholm, Sanquhar, Dumfriesshire, DG4 6RB",500 to 999,1.44,0,26.35,0,10
2025-2026,23113,"5 Drovers Road, East Mains Industrial Estate, Broxburn, West Lothian, Scotland, EH52 5ND",250 to 499,9.1,5.3,29.9,0.1,"11,52,82"
2025-2026,2527,"Unit 7, Halbeath Interchange Business Park Kingseat Road, Halbeath, Dunfermline, Fife, Scotland, KY11 8RY",500 to 999,3.1,4.4,0.1,-3.9,32
2025-2026,22957,"2 Ocean Drive, Leith, Edinburgh, Scotland, EH6 6JB",250 to 499,10.58,14.67,46.36,0,82
2025-2026,47994,"Base Camp 1 Wester Shawfair, Danderhall, Dalkeith, Midlothan, Scotland, EH22 1FD",250 to 499,3.3,0,-6,-1.8,56
2025-2026,15496,"1 Lochside Place, Edinburgh, EH12 9DF",500 to 999,0.2,1.8,-129.6,-4.6,85
2025-2026,2613,"Grange House, 34 Grange Street, Kilmarnock, Ayrshire, Scotland, KA1 2DD",500 to 999,7.61,2.32,30.53,36.15,82
2025-2026,22014,"Link House, 2c New Mart Road, Edinburgh, EH14 1RL",250 to 499,-14.47,-3.68,NA,NA,"43,43,43,43"
2025-2026,2648,"78 Longtown Road, Dundee, Tayside, DD4 8JU",1000 to 4999,-0.41,0.33,44.91,35.06,"46,47"
2025-2026,2674,"Adam House, 5 Mid New Cultins, Edinburgh, EH11 4DU",1000 to 4999,22.31,23.47,2.55,-15.41,"41,68"
2025-2026,2687,"1 North Charlotte Street, Edinburgh, Scotland, EH2 4HR",500 to 999,100,100,0,0,56
2025-2026,21194,"40 Torphichen Street, Fourth Floor, Edinburgh, Scotland, EH3 8JB",250 to 499,16,9,70.3,10.2,74
2025-2026,14487,"6th Floor, Sugar Bond, 2 Anderson Place, Edinburgh, Scotland, EH6 5NP",1000 to 4999,1.15,0.96,-144,-17.65,88
2025-2026,2696,"The Ferry Terminal, Gourock, PA19 1QP",500 to 999,6.08,-18.33,NA,NA,50
2025-2026,2738,"Caledonian Exchange, 19a Canning Street, Edinburgh, Scotland, EH3 8HE",250 to 499,1,0.5,1,0,"10,10"
2025-2026,265,"Vantage Point, 24 St Johns Road, Edinburgh, Scotland, EH12 6NZ",500 to 999,2.75,0,-13,0,"85,85,87,88"
2025-2026,2844,"Unit 9, Ramsay House Callendar Business Park, Callendar Road, Falkirk, United Kingdom, FK1 1XR",250 to 499,13.7,2.9,NA,NA,87
2025-2026,2894,"Craigmillar Social Enterprise And Arts Centre, 11 Harewood Road, Edinburgh, EH16 4NT",1000 to 4999,-1.1,-2.9,NA,NA,"87,88,88"
2025-2026,18655,"1 Boat Brae, Rattray, Blairgowrie, Scotland, PH10 7BH",250 to 499,18.37,5.67,30.87,18.1,36
2025-2026,2943,"1 George Square, Glasgow, Scotland, G2 1AL",500 to 999,-0.09,-2.39,-1.76,6,21
2025-2026,2976,"Caledonia House, 2 Lawmoor Street, Glasgow, Strathclyde, G5 0US",500 to 999,21.8,22.8,81.6,71.4,"43,43,43,71"
2025-2026,2989,"1 Cambuslang Road, Glasgow, G32 8NB",250 to 499,17.4,17.8,41.7,28.6,"41,41,41"
2025-2026,3018,"Celtic Park, Glasgow, G40 3RE",500 to 999,29.8,9.8,45,18.6,"93,93"
2025-2026,20379,"W. Sam White Building, Peterseat Drive, Altens, Aberdeen, AB12 3HT",250 to 499,16.6,11.1,35.6,17.4,46
2025-2026,3108,"Elphinstone Research Centre, Tranent, EH33 2NE",1000 to 4999,9.86,2.06,70.64,5.49,72
2025-2026,3130,"Sugar Bond Anderson Place, Leith, Edinburgh, Scotland, EH6 5NP",250 to 499,14.1,23.6,25.3,19.8,78
2025-2026,3153,"Troon House, Ardeer Site, Stevenston, Ayrshire,, KA20 3LN",250 to 499,18.06,16.73,38.95,1.48,84
2025-2026,19073,"Second Floor, Hobart House, 80 Hanover Street, Edinburgh, Scotland, EH2 1EL",250 to 499,5.46,2.07,NA,NA,86
2025-2026,17156,"Canal Court, 42 Craiglockhart Avenue, Edinburgh, EH14 1LT",250 to 499,14.79,2.04,NA,NA,"86,86"
2025-2026,3207,"3rd Floor, 146 Argyle Street, Glasgow, Lanarkshire, G2 8BL",250 to 499,1.8,3.9,10.2,9.5,47
2025-2026,50370,"Kilmalid, Stirling Road, Dumbarton, Scotland, G82 2SS",250 to 499,19.68,14.02,37.17,27.41,74
2025-2026,211,"Kilmalid, Stirling Road, Dumbarton, Scotland, G82 2SS",1000 to 4999,9.03,9.47,27.84,26.68,11
2025-2026,22929,"Unit Number 215 Ettrick Riverside, Dunsdale Road, Selkirk, United Kingdom, Scotland, TD7 5EB",500 to 999,-2.44,0.39,27.01,23.18,61
2025-2026,3264,"7 B Nightingale Way, Quartermile, Edinburgh, Scotland, EH3 9EG",250 to 499,18.6,16.8,53.1,58.8,62
2025-2026,3280,"Caledonia House, 2 Lawmoor Street, Glasgow, G5 0US",250 to 499,4.1,3,83.6,89.9,81
2025-2026,3281,"Caledonia House, Lawmoor Street, Glasgow, G5 0US",1000 to 4999,-0.95,19.22,-15.5,0,81
2025-2026,18455,"Caledonia House, 2 Lawmoor Street, Glasgow, Strathclyde, G5 0US",500 to 999,12.51,25.7,-7.3,0,81
2025-2026,17630,"23 Mcfarlane Street, Paisley, PA3 1RY",250 to 499,25,26,62,-336,"41,43,43"
2025-2026,3333,"First Floor, 9 Haymarket Square, Edinburgh, Scotland, EH3 8RY",250 to 499,9.4,0,83.5,0,55
2025-2026,19605,"Fifth Floor, St Vincent Plaza, 319 St Vincent Street, Glasgow, Scotland, G2 5RZ",250 to 499,61.42,33.33,NA,NA,86
2025-2026,3391,"149 Newlands Road, Cathcart, Glasgow, G44 4EX",250 to 499,17,16.9,42.3,-13.6,28
2025-2026,85,"177 Bothwell Street, Glasgow, Scotland, G2 7ER","5000 to 19,999",23.8,33.7,31.3,30.3,64
2025-2026,4871,"6th Floor, Quartermile 4 7a Nightingale Way, Edinburgh, Scotland, EH3 9EG",250 to 499,25.6,23.6,78.9,58.4,82
2025-2026,3480,"70 Renton Street, Glasgow, G4 0HT",250 to 499,1.9,0,NA,NA,"88,88"
2025-2026,17923,"6 Muriel Street, Barrhead, Glasgow, G78 1QB",250 to 499,2.86,0,6.39,35,81
2025-2026,12086,"1 Central Park Avenue,, Central Business Park, Larbert, Falkirk, FK5 4RX",1000 to 4999,0.8,0.1,55,33,61
2025-2026,19105,"14 City Quay, Camperdown Street, Dundee, Scotland, DD1 3JA",250 to 499,1.03,0.32,NA,NA,86
2025-2026,3544,"C/O Brodies Llp, 110 Queen Street, Glasgow, United Kingdom, G1 3BX",250 to 499,0.53,4.07,15.81,21.53,32
2025-2026,3577,"The Doges Studios Templeton Business Centre, 62 Templeton Street, Glasgow, Scotland, G40 1DA",1000 to 4999,-0.47,0,NA,NA,"87,88,88,88"
2025-2026,16944,"2 Queens Road, Aberdeen, Scotland, AB15 4ZT",250 to 499,3.52,1.59,60.25,0,56
2025-2026,3730,"Crieff Hydro Hotel, Ferntower Road, Crieff, Perthshire, PH7 3LQ",500 to 999,5.5,1.3,21.5,36.5,55
2025-2026,37368,"16 Walker Street, Edinburgh, Scotland, EH3 7LP",Less than 250,10.15,-0.15,51.94,55.32,41
2025-2026,14168,"Commonwealth House, 38 Albion Street, Glasgow, Scotland, G1 1LH",1000 to 4999,-9,-4.8,NA,NA,82
2025-2026,4148,"8 Milton Road, College Milton North, East Kilbride, G74 5BU",250 to 499,-1.1,9.9,-0.99,5.76,"11,46,82"
2025-2026,3857,"10 Keppochhill Drive, M8 Food Park, Glasgow, G21 1HX",250 to 499,-2,0,-31,0,10
2025-2026,3858,"Courier Buildings, 2 Albert Square, Dundee, Scotland, DD1 9QJ",500 to 999,13.63,14.53,13.7,13.39,58
2025-2026,3863,"C/O T C Young Merchants House, 7 West George Street, Glasgow, Scotland, G2 1BA",1000 to 4999,1.98,0,47,-7,56
2025-2026,3883,"8 Belgowan Street, Bellshill North Industrial Est, Bellshill, Lanarkshire, ML4 3NS",250 to 499,-2.2,-3.7,20.3,29.9,"46,46"
2025-2026,3903,"C/O Brodies Llp Capital Square, 58 Morrison Street, Edinburgh, United Kingdom, EH3 8BP",500 to 999,21.7,28.3,86,0,"25,25"
2025-2026,3934,"Caulfield House, Cradlehall Business Park, Inverness, IV2 5GH",500 to 999,-3.26,0,NA,NA,86
2025-2026,3985,"Collins House, Rutland Square, Edinburgh, Midlothian, EH1 2AA",1000 to 4999,12.8,4.6,75,90,82
2025-2026,38721,"C/O Deepocean Subsea Services Limited Kingswells Causeway, Prime Four Business Park, Kingswells, Aberdeen, United Kingdom, AB15 8PU",250 to 499,22.91,23.1,60.6,55.9,"43,70,82"
2025-2026,4076,"Moodiesburn, Chryston, G69 0JE",250 to 499,4.44,3.29,-7.46,-82.5,10
2025-2026,103,"11 Lochside Place, Edinburgh, Scotland, EH12 9HA",1000 to 4999,8.5,15.6,-23,-53.7,11
2025-2026,4123,"C/O Brodies Llp, Capital Square, 58 Morrison Street, Edinburgh, Scotland, EH3 8BP",250 to 499,15.3,23.5,-70.3,0,73
2025-2026,4134,"Unit 7/8 Whitemyres Avenue, Mastrick Industrial Estate, Aberdeen, Aberdeenshire, AB16 6HQ",1000 to 4999,3.9,1.11,-74,0,45
2025-2026,4175,"Melville Nurseries, Lasswade, Midlothian, Scotland, EH18 1AZ",1000 to 4999,15.56,0.53,85.77,50,82
2025-2026,20278,"North Suite Lomond Court, Castle Business Park, Stirling, Scotland, FK9 4TU",250 to 499,-5,4,-17,40,86
2025-2026,4187,"Newfordpark House, Glamis Road, Forfar, Angus, DD8 1FR",250 to 499,11,7,50,58,13
2025-2026,4191,"Donaldson House Saltire Centre, Pentland Park, Glenrothes, Fife, Scotland, KY6 2AG",250 to 499,-0.54,-3.2,NA,NA,16
2025-2026,41922,"Turnberry House, 175 West George Street, Glasgow, United Kingdom, G2 2LB",250 to 499,9.4,3.1,46.2,0,55
2025-2026,14700,"Park House, 14 Bothwell Road, Hamilton, Lanarkshire, ML3 0AY",250 to 499,16.5,15.7,56.1,14.9,45
2025-2026,12780,"C/O Addleshaw Goddard, 24, St. Andrew Square, Edinburgh, Scotland, EH2 1AF",250 to 499,4.13,0.82,58.49,0,"24,28"
2025-2026,38919,"Unit 4 Kirkhill Commercial Park Dyce Avenue, Dyce, Aberdeen, Scotland, AB21 0LQ",250 to 499,15,31,54,17,47
2025-2026,4354,"11 First Road, Blantyre Industrial Estate, Blantyre, Glasgow, G72 0ND",250 to 499,17.6,19.2,-13.1,0,41
2025-2026,21503,"1092 Maryhill Road, Glasgow, G20 9TD",250 to 499,1.9,0,NA,NA,85
2025-2026,18958,"1 Burnfield Avenue, Thornliebank, Glasgow, Scotland, G46 7TL",250 to 499,2.37,2.64,NA,NA,"90,91,93,93"
2025-2026,28,"8 Westerton Road, East Mains Industrial Estate, Broxburn, West Lothian, Scotland, EH52 5AU",1000 to 4999,27.7,21.6,61.4,61.2,70
2025-2026,389,"Edinburgh Airport, Edinburgh, EH12 9DN",500 to 999,9.9,14.6,45.5,0,52
2025-2026,531,"Meadowbank Sports Centre, 139 London Road, Edinburgh, Scotland, EH7 6AE",1000 to 4999,-2.7,0,NA,NA,"93,93"
2025-2026,35751,"55 Annandale Street, Edinburgh, EH7 4AZ",250 to 499,5.5,12.8,80,0,49
2025-2026,4484,"The Potterrow, 5/2 Bristo Square, Edinburgh, EH8 9AL",250 to 499,8.65,1.9,-26.44,-50,85
2025-2026,24663,"100 Queen Street, Glasgow, Scotland, G1 3DN",Less than 250,24.2,13.9,72.9,7.9,"11,46"
2025-2026,4489,"100 Queen Street, Glasgow, Scotland, G1 3DN",250 to 499,1.9,4.6,-4.9,-53.6,11
2025-2026,21816,"100 Queen Street, Glasgow, Scotland, G1 3DN",Less than 250,13.3,-6.1,52,35.2,"46,46"
2025-2026,4526,"Hercules House Eskmills,, Station Road, Musselburgh, Scotland, EH21 7PQ",250 to 499,-3.95,0,NA,NA,88
2025-2026,17480,"Haughhead, Hawick, Roxburghshire, TD9 8LF",250 to 499,3.23,3.23,51,35,"22,27"
2025-2026,4607,"Inspire House 3 Renshaw Place, Eurocentral, Lanarkshire, ML1 4UF",1000 to 4999,3.2,1.2,NA,NA,88
2025-2026,4621,"Enermech House, Howes Road, Aberdeen, Scotland, AB16 7AG",500 to 999,23.99,28.1,-43.34,-88.06,82
2025-2026,4640,"Musselburgh Sports Centre, Newbigging, Musselburgh, East Lothian, EH21 7AS",250 to 499,1.2,1,NA,NA,93
2025-2026,27337,"13 Queens Road, Aberdeen, AB15 4YL",250 to 499,15.6,18.7,-29.7,-49.6,82
2025-2026,4654,"The Olive House Endeavour Drive, Arnhall Business Park, Westhill, Aberdeenshire, Scotland, AB32 6UF",250 to 499,24.3,16.6,27.2,-94.9,56
2025-2026,13798,"49 Burnbrae Road, Linwood, Paisley, Renfrewshire, PA3 3BD",250 to 499,-14.1,-20.45,-32.3,-83.6,"38,38,38,38"
2025-2026,18699,"Excel House Europoint Office Park 1 Renshaw Place, Holytown, Motherwell, Scotland, ML1 4UF",250 to 499,25.03,30.3,53.7,47.3,43
2025-2026,4706,"The Erskine Home, Erskine Veterans Village, Bishopton, Renfrewshire, Scotland, PA7 5PU",500 to 999,4.2,0,NA,NA,"86,87"
2025-2026,4714,"Suite 1/14 Falkirk Business Hub, 45 Vicar Street, Falkirk, Stirlingshire, Scotland, FK1 1LL",1000 to 4999,-0.19,0,8.47,-80.85,56
2025-2026,4752,"10 /16, 10 Colvilles Place, East Kilbride, G75 0SN",250 to 499,-4.8,-9.4,-8.7,-10.5,46
2025-2026,3469,"10 Empress Court, St Andrew Street, Greenock, Inverclyde, PA15 4RW",250 to 499,14,4.9,NA,NA,81
2025-2026,15729,"Kirkton House, Kirkton Of Cults, Pitlessie, Fife, KY15 7TE",500 to 999,0.48,-4.54,-86.87,7.14,56
2025-2026,21153,"9th Floor Aurora Building, 120 Bothwell Street, Glasgow, United Kingdom, G2 7JS",250 to 499,3.1,9.7,17.6,33.7,62
2025-2026,22922,"Mcdonalds 26 Brandon Parade, Brandon Parade South, Motherwell, North Lanarkshire, Scotland, ML1 1RB",500 to 999,1.87,0,NA,NA,56
2025-2026,4915,"7 Greens Road, Cumbernauld, Glasgow, G67 2TU",1000 to 4999,3.9,14.3,19.9,19.9,52
2025-2026,4916,"7 Greens Road, Blairlinn, Cumbernauld, G67 2TU",1000 to 4999,5.7,0,51.3,15.8,47
2025-2026,4919,"Station Road, Duns, Berwickshire, TD11 3HS",500 to 999,0.7,3.3,-35.2,-11.9,10
2025-2026,20013,"Newark Works, Castle Road, Port Glasgow, Scotland, PA14 5NG",250 to 499,-31.5,-6.6,NA,NA,30
2025-2026,4974,"Iona House John Smith Business Park, Grantsmuir Road, Kirkcaldy, Fife, Scotland, KY2 6NA",Less than 250,1.67,0,NA,NA,"90,91,91,91"
2025-2026,4975,"10 Dunkeld Road, Perth, Perthshire, United Kingdom, PH1 5TW",1000 to 4999,5.1,1.2,-16.5,8.3,49
2025-2026,4976,"Music Institute, Carnegie Hall, East Port, Dunfermline, Fife, KY12 7JA",500 to 999,-2,0,NA,NA,93
2025-2026,5000,"395 King Street, Aberdeen, AB24 5RP",250 to 499,-1.4,4.4,38,-25,49
2025-2026,5012,"100 Cathcart Road, Glasgow, G42 7BH",1000 to 4999,3.7,0.3,19.5,10,49
2025-2026,5013,"100 Cathcart Road, Glasgow, G42 7BH",500 to 999,1.9,0.4,-27.7,50,49
2025-2026,5050,"Edenfields, Cupar Trading Estate, Cupar, United Kingdom, KY15 4SX",250 to 499,4.18,2.1,-34.7,-41.4,96
2025-2026,5145,"Morayshire Copperworks ., Rothes, Aberlour, Moray, AB38 7AD",250 to 499,24,33,14,7,25
2025-2026,20304,"Scotia House, The Castle Business Park, Stirling, Scotland, FK9 4TZ",500 to 999,7,10,100,100,41
2025-2026,5152,"Forth House, Pirnhall Business Park, Stirling, FK7 8HW",1000 to 4999,38.88,33.49,74.13,20,41
2025-2026,5155,"1 Prince Of Wales Dock, Edinburgh, Midlothian, EH6 7DX",500 to 999,7.7,3,8.6,0,52
2025-2026,11908,"Nether Road, Galashiels, Selkirkshire, TD1 3HE",250 to 499,15.72,0,61.4,21.6,82
2025-2026,21175,"One Edinburgh Quay, 133 Fountainbridge, Edinburgh, Scotland, EH3 9QG",250 to 499,19.6,19.9,50.3,0,62
2025-2026,5269,"28 Albyn Place, Aberdeen, United Kingdom, AB10 1YL",500 to 999,17.7,17,28.9,-400,71
2025-2026,17680,"16 Carsegate Road South, Inverness, IV3 8LL",250 to 499,12.18,26.39,NA,NA,43
2025-2026,22326,"Unit A, Inchyra Business Park, Bo'Ness Road, Grangemouth, Stirlingshire, Scotland, FK3 9XF",250 to 499,12.52,2.16,24.05,61.48,52
2025-2026,5380,"Citypoint 2, 25 Tyndrum Street, Glasgow, Scotland, G4 0JY",1000 to 4999,2.64,-2.21,17.88,-43.75,77
2025-2026,15873,"Ibrox Stadium, 150 Edmiston Drive, Glasgow, G51 2XD",Less than 250,19,0,NA,NA,80
2025-2026,5398,"Tinwald Downs Road, Heathhall, Dumfries & Galloway, Scotland, DG1 1TS",250 to 499,11.5,14.5,-4,21.3,"22,70"
2025-2026,660,"Monument Crescent, Shawfarm Industrial Estate, Prestwick, KA9 2RX",500 to 999,-13.5,-3.4,-85.6,-758.7,52
2025-2026,22943,"Blackbyres Road, Barrhead, Glasgow, Lanarkshire, G78 1DU",250 to 499,21,18,5,-100,"42,42,42,42"
2025-2026,5524,"Glasgow Prestwick Airport, Aviation House, Prestwick, Ayrshire, KA9 2PL",250 to 499,4.3,3.4,-0.3,15,"51,51,51"
2025-2026,5548,"Gleneagles Hotel, Auchterarder, Perthshire, PH3 1NF",1000 to 4999,9.1,5.9,75.8,85.5,55
2025-2026,22241,"24 St Vincent Place, 4th Floor, Glasgow, Scotland, G1 2EU",250 to 499,24,28,20,19,62
2025-2026,5650,"Airthrey Kerse Farm, Henderson Street, Bridge Of Allan, Stirlingshire, FK9 4RW",500 to 999,97,10,3,4,"10,70"
2025-2026,5679,"South Road, South Road, Fraserburgh, Aberdeenshire, Scotland, AB43 9HU",500 to 999,-57.7,8.9,1.2,29.8,29
2025-2026,5680,"Gray & Adams, South Road, Fraserburgh, Scotland, AB43 9HU",500 to 999,-79,16.4,14.5,0,29
2025-2026,5755,"300 Bath Street, Floor 5, Glasgow, United Kingdom, G2 4JR",1000 to 4999,-6.38,-3.69,-7.42,-12.68,82
2025-2026,13994,"Building 1 9 Haymarket Square, Edinburgh, Scotland, EH3 8RY","20,000 or more",8.8,10.3,34.5,31.3,"49,52"
2025-2026,17561,"C/O Quantuma Advisory Limited, 86a George Street, Edinburgh, EH2 3BU",250 to 499,0.1,0.1,0.1,0.1,86
2025-2026,22381,"Halliburton House Howe Moss Crescent, Dyce, Aberdeen, AB21 0GN",1000 to 4999,12,11,24,12,70
2025-2026,17576,"Halliburton House Howe Moss Crescent, Dyce, Aberdeen, AB21 0GN",1000 to 4999,12,11,24,12,82
2025-2026,5924,"Broadmeadows, Symington, Ayrshire, KA1 5PU",250 to 499,9.4,0,NA,NA,"87,88"
2025-2026,12392,"Markethill Road, Turriff, Aberdeenshire, AB53 4PA",500 to 999,18.66,7.25,57.93,54.55,"10,47"
2025-2026,5949,"1 Robroyston Gate, Robroyston, Glasgow, Scotland, G33 1JN",1000 to 4999,11.4,8.2,44.2,-1.3,"58,82"
2025-2026,6025,"The Mound, Edinburgh, EH1 1YZ","5000 to 19,999",24.7,30.6,52.2,41.8,64
2025-2026,17320,"Collins House, Rutland Square, Edinburgh, Midlothian, EH1 2AA",500 to 999,45.7,6,100,100,93
2025-2026,6068,"6 St. Andrew Square, Edinburgh, Scotland, EH2 2BD",1000 to 4999,-0.3,-11.7,19.6,35.4,11
2025-2026,19716,"13 Queen's Road, Aberdeen, AB15 4YL",500 to 999,15.73,14.45,NA,NA,78
2025-2026,618,"High Life Highland Highland Archive Centre, Bught Road, Inverness, Scotland, IV3 5SS",500 to 999,10.8,17.8,NA,NA,"85,85,91,93"
2025-2026,15472,"100 Queen Street, Glasgow, Scotland, G1 3DN",250 to 499,17,-0.4,65.3,20.5,"11,46"
2025-2026,6179,"Stirling Street, Blackford, Perthshire, PH4 1QA",250 to 499,-5,-6.3,3.5,-1.8,11
2025-2026,6180,"Head Office, Inverness Airport, Inverness, IV2 7JB",500 to 999,14.3,12.9,NA,NA,52
2025-2026,20059,"1 Explorer Road, Dundee Technology Park, Dundee, United Kingdom, DD2 1EG",Less than 250,42.57,34.79,NA,NA,68
2025-2026,5632,"1 Explorer Road, Dundee, Tayside, DD2 1EG",500 to 999,2.17,0.68,-9.96,0,"87,88"
2025-2026,20058,"1 Explorer Road, Dundee, Tayside, DD2 1EG",Less than 250,17.54,16.05,100,100,96
2025-2026,55056,"Hillhouse Quarry, Troon, Ayrshire, KA10 7HX",250 to 499,5.46,8,50,-433,81
2025-2026,49149,"Orion House Bramah Avenue, Scottish Enterprise Technology Park, East Kilbride, Scotland, G75 0RD",250 to 499,13.3,16.8,14.7,25,43
2025-2026,21425,"C/O Dla Piper, Collins House, Rutland Square, Edinburgh, United Kingdom, EH1 2AA",1000 to 4999,-0.17,0,NA,NA,"87,87"
2025-2026,6347,"Fountain House 2nd Floor, 1-3 Woodside Crescent, Glasgow, G3 7UL",250 to 499,-1,6,-47,-36,24
2025-2026,19110,"Empire House 1/1 131 West Nile Street, Glasgow, Scotland, G1 2RX",500 to 999,0.8,0,3.7,11,82
2025-2026,6429,"Gateway Business Park, Moss Road, Aberdeen, AB12 3GQ",250 to 499,5.75,-6.77,NA,NA,32
2025-2026,24234,"Peter Russell House 2 Youngs Road, East Mains Industrial Estate, Broxburn, West Lothian, Scotland, EH52 5LY",250 to 499,33,3,94,29,"11,46"
2025-2026,6580,"63 Glasgow Road, Stirling, Stirlingshire, FK7 0PA",500 to 999,42.6,-57.2,22.6,-30.3,96
2025-2026,20716,"Terra Nova, 3 Explorer Road, Dundee, Angus, DD2 1EG",250 to 499,17.8,18.4,35.8,25.5,70
2025-2026,6686,"5 South Charlotte Street, Edinburgh, Scotland, EH2 4AN",250 to 499,-14.19,-16.43,-430.94,0,"63,70,82,82"
2025-2026,16317,"Kinnaird Head Works, Bath Street, Fraserburgh, United Kingdom, AB43 9DY",500 to 999,21.7,5.2,NA,NA,10
2025-2026,22821,"Moffat Distillery, Roughrigg Road, Airdrie, Lanarkshire, Scotland, ML6 8FU",250 to 499,2.92,0.65,0.87,6.81,11
2025-2026,16960,"Waterfront Leisure Complex, Customhouse Way, Greenock, Inverclyde, PA15 1EW",250 to 499,-5,-3.5,NA,NA,"93,93,93"
2025-2026,20488,"6 Atlantic Quay, 55 Robertson Street, Glasgow, Scotland, G2 8JD",500 to 999,6.6,5.2,53.5,51.4,63
2025-2026,19927,"13 Queen's Road, Aberdeen, AB15 4YL",500 to 999,8.9,27.1,-12.4,0.9,61
2025-2026,23410,"Unit 14, Caledonian Road, Glengarnock, Ayrshire, KA14 3DA",500 to 999,34,32,100,100,25
2025-2026,6886,"Vermont House, 149 Vermont Street, Kinning Park, Glasgow, G41 1LU",1000 to 4999,5.03,0.81,92.06,92.06,"46,47"
2025-2026,6909,"83 New Street, Stevenston, KA20 3HD",250 to 499,17.86,24.05,86.28,45.95,"33,43,43"
2025-2026,16730,"Howden Group Limited, Old Govan Road, Renfrew, Scotland, PA4 8XJ",250 to 499,3,2,51,33,28
2025-2026,6914,"Newmill, Elgin, IV30 4AF",1000 to 4999,13,10.3,NA,NA,"13,14,46,47"
2025-2026,18558,"Broomage Avenue, Larbert, United Kingdom, FK5 4NQ",500 to 999,-6,-4,29,24,16
2025-2026,6915,"Broomage Avenue, Larbert, FK5 4NQ",500 to 999,-5,-1,71,34,"16,16"
2025-2026,6951,"Forvis Mazars Capital Square, 58 Morrison Street, Edinburgh, United Kingdom, EH3 8BP",250 to 499,15.4,16,52.3,0,"27,27,32,70"
2025-2026,21088,"The Ca'D'Oro, 45 Gordon Street, Glasgow, Scotland, G1 3PE",500 to 999,-0.7,0.02,22.66,13.33,47
2025-2026,14118,"Jfd Westhill Industrial Estate, Enterprise Drive, Westhill, Aberdeen, AB32 6TQ",250 to 499,19,24,70,22,32
2025-2026,22867,"Mcdonald's St James Retail Park, 27 Glasgow Road, Dumbarton, Scotland, G82 1RB",1000 to 4999,-0.66,0,43.33,62.3,56
2025-2026,6998,"Deanside Road, Hillington, Glasgow, G52 4XB",500 to 999,9.8,7.3,NA,NA,"49,49,52,52"
2025-2026,7022,"Baird House, 4, Lower Gilmore Bank, Edinburgh, Scotland, EH3 9QP",1000 to 4999,11.9,10.4,27.1,33.7,32
2025-2026,7033,"Bishop's Court, 29 Albyn Place, Aberdeen, Scotland, AB10 1YL",500 to 999,4.18,-5.63,31.11,12.5,82
2025-2026,21113,"45 Sinclair Rd, Aberdeen, Uk, United Kingdom, AB11 9BG",250 to 499,2.5,4.2,NA,NA,"10,10"
2025-2026,7057,"14 City Quay, Dundee, Scotland, DD1 3JA",250 to 499,2.15,0,30.9,0,82
2025-2026,23627,"Centura Court, 1 Nasmyth Place, Glasgow, Scotland, G52 4PR",250 to 499,36.6,46.6,-102.7,-134.7,"33,33"
2025-2026,54066,"Thomas, Wise Place, Dundee, DD2 1UB",250 to 499,18.5,16.64,82.58,100,"32,47"
2025-2026,7118,"13 Queens Road, Aberdeen, AB15 4YL",1000 to 4999,7,3,72,70,10
2025-2026,7136,"H&P Bankhead Drive, City South Office Park, Portlethen, Aberdeen, Scotland, AB12 4XX",500 to 999,6.7,22.2,-97.2,26.4,82
2025-2026,147,"Kepak Group Limited Cookston Road, Portlethen, Aberdeen, Scotland, AB12 4QB",1000 to 4999,6.8,6.3,28.7,53.4,10
2025-2026,7218,"Balmalcolm Farm, Cupar, Fife, KY15 7TJ",500 to 999,1.91,3.7,6.66,0,"10,10"
2025-2026,7228,"50 Mauchline Street, Glasgow, United Kingdom, G5 8HQ",500 to 999,-4.2,-0.8,16,0,46
2025-2026,16624,"133 Finnieston Street, Floor 7, Glasgow, Scotland, G3 8HB",500 to 999,6.4,0.8,NA,NA,"85,87"
2025-2026,17109,"Saltire Centre, Pentland Court, Glenrothes, Fife, KY6 2DA",250 to 499,-1,-1,NA,NA,"87,88,88"
2025-2026,7329,"Caledonian Exchange, 19a Canning Street, Edinburgh, Scotland, EH3 8HE",250 to 499,3.5,7.8,74.2,0,25
2025-2026,14805,"Unit 3, Kpp Chartered Accountants Morris Park, 37 Rosyth Road, Glasgow, Scotland, G5 0YE",1000 to 4999,9,21,NA,NA,82
2025-2026,23152,"Fenick House Lister Way, Hamilton International Technology Park, Glasgow, Scotland, Scotland, G72 0FT",500 to 999,25.62,37.42,30.08,56.44,43
2025-2026,7560,"Skypark 1 8 Elliot Place, Glasgow, Scotland, G3 8EP",1000 to 4999,18.9,20.4,24.6,26.3,62
2025-2026,7566,"Rigifa, Cove, Aberdeen, AB12 3LR",250 to 499,3.87,6.03,53.88,51.02,"81,42,42"
2025-2026,7628,"3 Fountain Drive, Inchinnan Business Park, Paisley, PA4 9RF",1000 to 4999,5.3,6.7,14.1,-15,32
2025-2026,7632,"Beechwood Park North, Inverness, IV2 3ED",500 to 999,3,4.1,20.4,2.6,86
2025-2026,7645,"73 Bothwell Road, Hamilton, ML3 0DW",500 to 999,5.7,1.6,22.8,22.8,10
2025-2026,15279,"C/O Robb Ferguson Third Floor, 70 West Regent Street, Glasgow, Scotland, G2 2QZ",250 to 499,1,-1,-47,-276,56
2025-2026,7710,"Dewars Centre, Glover Street, Perth, Scotland, PH2 0TH",250 to 499,4.22,2.66,NA,NA,93
2025-2026,17326,"Live Borders Council Headquarters, Newtown St Boswells, Melrose, Scotland, TD6 0SA",250 to 499,1.92,-1.13,NA,NA,"91,91,91,93"
2025-2026,7728,"The Mound, Edinburgh, EH1 1YZ","20,000 or more",24.9,35,50.4,31.9,64
2025-2026,7753,"Lightyear Building 9 Marchburn Drive, Glasgow Airport, Paisley, Renfrewshire, Scotland, PA3 2SJ",500 to 999,30.4,32.5,93,91,"51,51,51"
2025-2026,7766,"520 Hillington Road, Braehead, Glasgow, United Kingdom, G52 4UB",250 to 499,35.6,23.3,50.8,39.7,"45,45,45,45"
2025-2026,7767,"1 Wemyss Place, Edinburgh, Scotland, EH3 6DH",1000 to 4999,23.04,12.4,60.4,63.9,"68,68,70"
2025-2026,20554,"520 Hillington Road, Braehead, Glasgow, G52 4UB",Less than 250,9.4,1.8,44.2,21.7,45
2025-2026,21613,"5-13 Low Street, Buckie, Scotland, AB56 1UX",250 to 499,8.04,6.28,NA,NA,10
2025-2026,7858,"55 Annandale Street, Edinburgh, Midlothian, EH7 4AZ",1000 to 4999,0.1,3.2,-2,0,49
2025-2026,7896,"Balmore House, 1497 Balmore Road, Glasgow, G23 5HD",500 to 999,9.9,100,69.1,100,42
2025-2026,23072,"Bankell House Strathblane Road, Milngavie, Glasgow, G62 8LE",500 to 999,2,0,NA,NA,47
2025-2026,22065,"6 St Andrew Square, Level 4, Edinburgh, Scotland, EH2 2BD",250 to 499,-3.5,-10.7,-27,-95.8,11
2025-2026,7963,"Whiteside House, Whiteside Industrial Estate, Bathgate, West Lothian, United Kingdom, EH48 2RX",1000 to 4999,12.6,3.8,53,24,55
2025-2026,7965,"Whiteside House, Whiteside Industrial Estate, Bathgate, West Lothian, United Kingdom, EH48 2RX",250 to 499,20.1,-2.9,18,35,55
2025-2026,7966,"Brodies House, 31-33 Union Grove, Aberdeen, United Kingdom, AB10 6SD",250 to 499,19.8,6.6,66.6,57,10
2025-2026,7971,"Wheatfield Road, Edinburgh, EH11 2QA",250 to 499,8.6,10.6,-3,-0.9,21
2025-2026,14389,"15-17 Henderson Road, Inverness, IV1 1SN",250 to 499,6.2,2,0.3,64,"46,46,46,77"
2025-2026,7985,"Main Office, Glenbervie, Stonehaven, Scotland, AB39 3YG",250 to 499,11.5,5.7,31,0.2,10
2025-2026,7991,". Hunter Avenue, Loanhead, Scotland, EH20 9SL",250 to 499,6.88,5.81,-4.87,0,"28,28,28,28"
2025-2026,8068,"The Office Bowfield Road, Howwood, Johnstone, Renfrewshire, PA9 1DZ",250 to 499,1,0,12,17,55
2025-2026,33771,"16/18 Lawmoor Road, Glasgow, G5 0UL",250 to 499,1.18,7.89,-27.84,-382.76,10
2025-2026,8195,"Elliott House, Kilwinning Road, Irvine, KA12 8TG",250 to 499,9,2,3,0,49
2025-2026,8220,"Kelvin Avenue, Hillington, Glasgow, G52 4LF",500 to 999,15,12,NA,NA,22
2025-2026,8232,"C/O Harper Macleod Llp The Ca'D'Oro, 45 Gordon Street, Glasgow, Scotland, G1 3PE",250 to 499,14.2,20.8,27.9,38.3,"45,45,45,45"
2025-2026,8234,"Exchange Tower 3rd Floor, 19 Canning Street, Edinburgh, Scotland, EH3 8EG",500 to 999,-6,-3,-7,2,82
2025-2026,8241,"10 Keppochhill Drive, Glasgow, G21 1HX",250 to 499,-2,0,-30,0,70
2025-2026,8243,"99 Earnhill Road, Larkfield Industrial Estate, Greenock, Renfrewshir, PA16 0EQ",500 to 999,7.04,8.18,NA,NA,49
2025-2026,8254,"Heathfield House Phoenix Crescent, Strathclyde Business Park, Bellshill, North Lanarkshire, Scotland, ML4 3NJ",250 to 499,36.2,45.2,47.6,50.6,41
2025-2026,8262,"Third Floor, The Capitol, 431 Union Street, Aberdeen, United Kingdom, AB11 6DA",250 to 499,2.7,0,49.3,64,49
2025-2026,8269,"Lydiafield, Standalane, Annan, Scotland, DG12 5JR",250 to 499,0,-1.6,NA,NA,"86,86"
2025-2026,20305,"Dumyat Technology Centre, Alva Industrial Estate, Alva, Scotland, FK12 5DW",250 to 499,-12.3,-0.3,-40.8,0,86
2025-2026,44661,"Unit 24 Kirkhill Place, Kirkhill Industrial Estate, Dyce, Aberdeen,, AB21 0GU",250 to 499,18,22,22.3,21.2,74
2025-2026,8442,"Carmuirs House, 300 Stirling Road, Larbert, Stirlingshire, FK5 3NJ",250 to 499,11,11,NA,NA,49
2025-2026,8475,"Miller House, 2 Lochside View, Edinburgh Park, Edinburgh, EH12 9DH",1000 to 4999,14.4,1,20.1,32.1,41
2025-2026,8546,"Mitsubishi Electric Air Conditioning, Nettlehill Road, Houstoun Industrial Estate, Livingston, EH54 5EQ",1000 to 4999,9.4,9.1,15,0.7,"27,28"
2025-2026,8640,"3 Gateway Court, Glasgow, Scotland, G40 4DS",250 to 499,29.75,35.19,54.96,36.23,43
2025-2026,17383,"C/O Brodies Llp Capital Square, 58 Morrison Street, Edinburgh, United Kingdom, EH3 8BP",500 to 999,0,0,-7.6,0,10
2025-2026,8092,"1st Floor Admiralty Park, Admiralty Road, Rosyth, Fife, KY11 2YW",500 to 999,3.8,-0.1,8,-0.48,32
2025-2026,21171,"C/O T C Young Merchants House, 7 West George Street, Glasgow, Scotland, G2 1BA",250 to 499,0.5,0,-1,-44,56
2025-2026,8711,"Polbeth Industrial Estate, West Calder, EH55 8TJ",250 to 499,82.29,79.86,-27.01,-516.77,"37,41,42,42"
2025-2026,21992,"Murgitroyd House, 165-169 Scotland Street, Glasgow, Scotland, G5 8PL",250 to 499,42.2,51.8,48,21,69
2025-2026,18670,"Lime Tree House, North Castle Street, Alloa, Scotland, FK10 1EX",250 to 499,-2.01,-8.88,NA,NA,86
2025-2026,22416,"4th Floor 115 George Street, Edinburgh, Scotland, EH2 4JN",250 to 499,13.43,12.08,27.03,32.09,62
2025-2026,17761,"13 Winchester Avenue, Denny, Scotland, FK6 6QE",250 to 499,6,0,18,0,38
2025-2026,19307,"36 St Andrew Square, Edinburgh, EH2 2YB",1000 to 4999,32.7,25.8,55.9,48.6,66
2025-2026,18319,"Level 2.1 Wellington Place, 107 West Regent Street, Glasgow, Scotland, G2 2BA",250 to 499,29.2,30.5,62.3,66.7,61
2025-2026,23331,"Blackwood House, Union Grove Lane, Aberdeen, Scotland, AB10 6XU",500 to 999,-1.46,13.25,13.19,40.69,82
2025-2026,9062,"Portal And Townhouse, 66 High Street, Irvine, United Kingdom, KA12 0AZ",500 to 999,-8.73,-6.45,NA,NA,"93,93,93,96"
2025-2026,9119,"Lindsayfield Lodge, Rosaburn Avenue, East Kilbride, Glasgow,, G75 9DE",500 to 999,18.87,14.29,-37.39,0,87
2025-2026,9146,"Maxim 3 2nd Floor, Suite 2b 2 Parklands Avenue, Eurocentral, Holytown, Motherwell, Scotland, ML1 4WQ",250 to 499,2.9,11.9,9.5,-162.5,"45,45"
2025-2026,19729,"Redwood House 5 Redwood Crescent, Peel Park, East Kilbride, Scotland, G74 5PP",500 to 999,9.7,0,40.6,42.3,93
2025-2026,21869,"Unit 5 Mayfield Industrial, Estate, Mayfield, Dalkeith, Midlothian, EH22 4AD",250 to 499,1.71,1.56,-103.13,-456.15,39
2025-2026,9259,"Head Office, 40 Lambhill Street, Kining Park, Glasgow, G41 1AU",250 to 499,-5.2,0,NA,NA,87
2025-2026,1455,"42 Dryden Road, Bilston Ind Estate, Loanhead, Midlothian, EH20 9LZ",1000 to 4999,21.74,30.19,32.75,-10.67,"43,43,43,61"
2025-2026,19038,"Lower Ground Floor Prime View, Prime Four Business Park, Kingswells, Aberdeen, Scotland, AB15 8PU",250 to 499,27.3,29.2,22,-424.1,82
2025-2026,22297,"Clyde Offices 2nd Floor, 48 West George Street, Glasgow, Scotland, G2 1BP",250 to 499,3.65,-7.16,28.87,-8.73,47
2025-2026,5330,"Hamilton House, 70 Hamilton Drive, Glasgow, United Kingdom, G12 8DR",500 to 999,28.34,0.06,61.73,59.68,47
2025-2026,9382,"Minerva House, Bruntland Road, Portlethen, Aberdeen, Aberdeenshire, AB12 4QL",Less than 250,-10.2,-19.6,48.1,33.3,82
2025-2026,9389,"200 St. Vincent Street, Glasgow, Scotland, G2 5SG",1000 to 4999,31.27,0.0015,57.5,41.53,86
2025-2026,17316,"Mill Dene Beanburn, Ayton, Eyemouth, Scotland, TD14 5QY",250 to 499,31.2,18.8,-4.4,-8,78
2025-2026,22137,"Queensferry House, Carnegie Campus, Dunfermline, Fife, KY11 8GR",250 to 499,4.36,8.33,-2.45,4.62,"26,28"
2025-2026,9405,"Springfield, Linlithgow, Midlothian, EH49 7LR",1000 to 4999,11.6,11.3,44.1,63.9,"62,62,62,63"
2025-2026,9430,"Orion House, Castleheather, Inverness, IV2 6AA",500 to 999,38,48,63,71,78
2025-2026,9520,"Studio 3002 Mile End Mill, 12 Seedhill Road, Paisley, Scotland, PA1 1JS",250 to 499,3.3,5,-183.3,3.63,78
2025-2026,9595,"Park House, 14 Bothwell Road, Hamilton, Lanarkshire, ML3 0AY",1000 to 4999,36.22,17.68,46.1,17.8,"45,45,45,45"
2025-2026,22963,"Rosehall, The Square, Grantown-On-Spey, Scotland, PH26 3HG",250 to 499,-3.34,0,NA,NA,87
2025-2026,9592,"Rosehall, The Square, Grantown-On-Spey, Scotland, PH26 3HG",500 to 999,-0.25,0,NA,NA,87
2025-2026,9593,"Park House, 14 Bothwell Road, Hamilton, Lanarkshire, ML3 0AY",250 to 499,3.28,-3.45,-9.7,-75,49
2025-2026,9607,"West Kirk, 84a Portland Street, Kilmarnock, Ayrshire, KA3 1AA",250 to 499,0.58,0,NA,NA,88
2025-2026,19331,"1 Blair Court North Avenue, Clydebank Business Park, Clydebank, Glasgow, G81 2LA",500 to 999,8,0,4.82,-69.2,"62,62,82,82"
2025-2026,21399,"11 Fountain Crescent, Inchinnan Business Park, Inchinnan, Renfrew, PA4 9RE",250 to 499,-6.4,1.4,7.6,3.6,27
2025-2026,33678,"Alliance Centre Greenwell Road, East Tullos Industrial Estate, Aberdeen, AB12 3AX",250 to 499,23.66,12.51,42,29.75,"45,45,45,45"
2025-2026,9721,"Orchard Brae House, 30 Queensferry Road, Edinburgh, Scotland, EH4 2HS",500 to 999,2.92,1.14,NA,NA,"86,87,88,94"
2025-2026,16193,"Thistle House, 21/23 Thistle Street, Edinburgh, EH2 1DF",500 to 999,15.4,4.6,-257.2,4.2,78
2025-2026,9772,"Clyde Offices 2nd Floor, 48 West George Street, Glasgow, Scotland, G2 1BP",250 to 499,27.83,18.4,35.65,33.93,"45,45"
2025-2026,9780,"Thorntons Solicitors Whitehall House, 33 Yeaman Shore, Dundee, Scotland, DD1 4BJ","5000 to 19,999",42.91,20.97,79.59,76.54,86
2025-2026,16377,"Bridge View, 1 North Esplanade West, Aberdeen, AB11 5QF",1000 to 4999,27.7,38.8,16,13.8,91
2025-2026,9786,"Bo'Ness Road, Grangemouth, Stirlingshire, FK3 9XH",250 to 499,18,22,24,13,19
2025-2026,14376,"R A Clement Associates, 5 Argyll Square, Oban, Argyll, Scotland, PA34 4AZ",250 to 499,24.18,24.76,11.89,15.09,"23,71,72,77"
2025-2026,9884,"Pinnacle Hill, Kelso, Roxburghshire, TD5 8XX",500 to 999,24,12,62,6,27
2025-2026,21971,"50 Lothian Road, Festival Square, Edinburgh, Scotland, EH3 9WJ",250 to 499,9.74,8.15,31.02,16.61,74
2025-2026,21790,"Mcdonalds Restaurant, Whitburn Road, Bathgate, West Lothian, Scotland, EH48 2RA",500 to 999,-2.98,0,-25.38,-50.09,56
2025-2026,21187,"Brodies House, 31-33 Union Grove, Aberdeen, United Kingdom, AB10 6SD",250 to 499,24.8,27.5,11.1,45.4,71
2025-2026,10009,"Building 620, Orangefield, Prestwick Airport, Ayrshire, KA9 2PQ",500 to 999,17.08,14.61,-218,-218,52
2025-2026,10100,"Blackwood House, Union Grove Lane, Aberdeen, AB10 6XU",250 to 499,24.06,21.95,76.37,51.41,"28,71,77"
2025-2026,10101,"Brimmond House Kingswells Causeway, Prime Four Business Park, Kingswells, Aberdeen, Scotland, AB15 8PU",250 to 499,7,11,15,-219,62
2025-2026,10111,"5 Central Way, Kildean Business Park, Stirling, United Kingdom, FK8 1FT",1000 to 4999,21.2,21.4,50.1,41.6,64
2025-2026,10117,"5 Central Way, Kildean Business Park, Stirling, United Kingdom, FK8 1FT",500 to 999,16.5,15,22.2,28.6,66
2025-2026,10167,"Rench Farm, Drumclog, Strathaven, South Lanarkshire, ML10 6QJ",500 to 999,14.28,30.63,62.9,63.21,"42,64,82"
2025-2026,10180,"Quarriers Head Office, 20 St. Kenneth Drive, Glasgow, Scotland, G51 4QD",1000 to 4999,0.99,0,NA,NA,"87,87,88,88"
2025-2026,10218,"2411 London Road, Glasgow, G32 8XT",250 to 499,11.19,0.73,13.94,-464.28,"42,42,42,42"
2025-2026,27930,"22 Rose Street, Edinburgh, United Kingdom, EH2 2QA",250 to 499,-1.14,-0.91,100,100,79
2025-2026,10230,"27 Barony Road, Auchinleck, Ayrshire, KA18 2LL",500 to 999,3.3,0.9,NA,NA,55
2025-2026,10260,"6 Redheughs Rigg, South Gyle, Edinburgh, Scotland, EH12 9DQ",500 to 999,8.5,0,44.4,11.1,87
2025-2026,19083,"9 Watt Place, Hamilton Intnl Technology Park, Blantyre, Glasgow, G72 0AH",250 to 499,16.68,15.14,23.4,58.8,43
2025-2026,14430,"Archibald Hope House, Station Road, Musselburgh, Scotland, EH21 7PQ",1000 to 4999,-3.1,0,13.2,6,87
2025-2026,10403,"The Lagoon Centre, Christie Street, Paisley, PA1 1NB",250 to 499,-0.47,-7.4,NA,NA,"85,90,91,93"
2025-2026,10421,"8 Nelson Mandela Place, Glasgow, Scotland, G2 1BT",250 to 499,7.5,0,-26.3,-20.9,82
2025-2026,15725,"Cargill Centre Business Park, Aberdeen Road, Laurencekirk, Aberdeenshire, AB30 1EY",Less than 250,2.7,3.2,-32,0,78
2025-2026,15286,"Clyde View, 22 Pottery Street, Greenock, Inverclyde, Scotland, PA15 2UZ",Less than 250,5.7,-2.7,NA,NA,68
2025-2026,10544,"C/O Bosch Rexroth, Viewfield Industrial Estate, Glenrothes, KY6 2RD",500 to 999,16.58,12.87,44.11,18.82,"27,45"
2025-2026,203,"Schoolhill, Aberdeen, AB10 1FE",250 to 499,2.81,-16.59,NA,NA,NA
2025-2026,10558,"10 Perimeter Road, Pinefield Inustrial Estate, Elgin, Moray,, IV30 6AE",1000 to 4999,19,16,45.02,64.83,81
2025-2026,10592,"1 Dow Avenue, Prestwick International, Aerospace Park, South Ayrshire, KA9 2SA",250 to 499,8.7,6.5,33.4,-9.1,30
2025-2026,29679,"Nine Edinburgh Bioquarter, 9 Little France Road, Edinburgh, Scotland, EH16 4UX",250 to 499,12.47,6.2,46,0,72
2025-2026,16945,"Muir Of Ord Industrial Estate, Muir Of Ord, Ross-Shire, IV6 7UA",1000 to 4999,16.7,22.4,37.4,49.7,"25,28,33,43"
2025-2026,10617,"BABCOCK INTERNATIONAL, Rosyth Business Park, Rosyth, Dunfermline, Fife, KY11 2YD",1000 to 4999,-4.6,-11.4,41,-58.2,30
2025-2026,310,"65 Sussex Street, Glasgow, Scotland, G41 1DX",500 to 999,13.4,12.2,47.5,20,"39,42,71,74"
2025-2026,10726,"Rwg (Repair & Overhauls) Limited Kirkhill Drive, Kirkhill Industrial Estate, Dyce, Aberdeen, Scotland, AB21 0EU",250 to 499,5.4,12.4,-49.9,-90.9,28
2025-2026,10770,"Orwell Bakery Loanhead Avenue, Lochore, Fife, KY5 8DD",500 to 999,12.4,6.7,52.5,13.91,"11,14,10,47"
2025-2026,10753,"1 Wellheads Avenue, Dyce, Aberdeen, AB21 7PB",250 to 499,9.63,25.07,6.92,-111.62,"46,52"
2025-2026,10776,"112 Commercial Street, Edinburgh, Scotland, EH6 6NF",Less than 250,0.62,0.79,NA,NA,"87,88"
2025-2026,10838,"Carnbroe House Finch Way, Strathclyde Business Park, Bellshill, Scotland, ML4 3PE",250 to 499,20,23.7,41.1,35.3,43
2025-2026,23206,"F6, Buchan House Carnegie Campus, Enterprise Way, Dunfermline, Fife, Scotland, KY11 8PL",Less than 250,60.6,15.1,NA,NA,78
2025-2026,22038,"C/O Bellwether Green Limited, 225 West George Street, Glasgow, Scotland, Scotland, G2 2ND",250 to 499,9.58,8.64,23.56,68.08,"62,73"
2025-2026,10909,"1 Neilson  Square, Deans Industrial Estate, Livingston, EH54 8RQ",1000 to 4999,-0.86,-3.88,-20,-32,47
2025-2026,10920,"Glenugie Engineering Works, Peterhead, AB42 0YX",500 to 999,64.16,15.86,94,14,96
2025-2026,19103,"400 Townmill Road, Glasgow, G31 3AR",250 to 499,10.2,22.8,70,52.1,"46,46"
2025-2026,15944,"Townmill Road, Glasgow, G31 3AR",250 to 499,10.2,22.8,70,52,46
2025-2026,10925,"The Abattoir, Dornock, Annan, Dumfries & Galloway, Scotland, DG12 6SU",250 to 499,12.91,5.21,NA,NA,10
2025-2026,10930,"Axis House 5 Lonehead Drive, Newbridge, Edinburgh, Scotland, EH28 8TG",Less than 250,16.7,12.9,36.2,7.9,35
2025-2026,5329,"Hamilton House, 70 Hamilton Drive, Glasgow, G12 8DR",1000 to 4999,11.54,1.52,57.51,58.44,56
2025-2026,10937,"Unit 7, Halbeath Interchange Business Park Kingseat Road, Halbeath, Dunfermline, Fife, KY11 8RY",500 to 999,24.9,0.1,-20.5,-56.9,"16,16"
2025-2026,10938,"Brunswick House, 51 Wilson Street, Glasgow, G1 1UZ",500 to 999,4.89,-4.65,NA,NA,"87,87,88"
2025-2026,19250,"Inveralmond House, 200 Dunkeld Road, Perth, PH1 3AQ",250 to 499,21.47,16.4,98.22,0,35
2025-2026,17348,"Bradbury Hub, 100 Smithfield Loan, Alloa, Clackmannanshire, Scotland, FK10 1NP",500 to 999,-1.3,-0.9,-5.8,0,"85,87,88"
2025-2026,17329,"Scottish Event Campus, Glasgow, Scotland, G3 8YW",250 to 499,9.9,4.4,9.4,10.5,68
2025-2026,476,"Inveralmond House, 200 Dunkeld Road, Perth, PH1 3AQ",1000 to 4999,4.49,4,-93.78,-45.8,35
2025-2026,477,"Inveralmond House, 200 Dunkeld Road, Perth, PH1 3AQ",1000 to 4999,12.61,13.4,46.36,43.92,35
2025-2026,2367,"Baltic Works, Kilbarchan Road, Bridge Of Weir, Renfrewshire, PA11 3RH",500 to 999,4.6,-1.3,NA,NA,15
2025-2026,15342,"39 Elmbank Crescent, Glasgow, G2 4PT",Less than 250,9.04,-3.7,NA,NA,90
2025-2026,412,"320 St. Vincent Street, Glasgow, Scotland, G2 5AD",500 to 999,16.8,12.69,50.45,23.64,70
2025-2026,10944,"Murrayfield, Edinburgh, EH12 5PJ",500 to 999,53,26,78,86,"93,93"
2025-2026,10946,"Kingseat Road, Halbeath, Dunfermline, Fife, KY11 8RY",250 to 499,7.2,13.9,NA,NA,94
2025-2026,10947,"1-3 Lochside Crescent, Edinburgh, United Kingdom, EH12 9SE",250 to 499,-0.7,2.6,0.5,32.7,"36,46,82"
2025-2026,10949,"The Mound, Edinburgh, United Kingdom, EH1 1YZ",1000 to 4999,13.5,21.8,30.6,30.5,66
2025-2026,10951,"320 St. Vincent Street, Glasgow, Scotland, G2 5AD",500 to 999,13.13,12.9,45.57,57.65,"35,35"
2025-2026,10975,"Turnberry House, 6th Floor, 175 West George Street, Glasgow, Scotland, G2 2LB",1000 to 4999,0.7,11.2,-11.3,24.2,"78,78"
2025-2026,10986,"300 Bath Street, Floor 5, Glasgow, United Kingdom, G2 4JR",1000 to 4999,-6.38,-3.69,-7.42,-12.68,80
2025-2026,21189,"37 Abercrombie Court Prospect Road, Arnhall Business Park, Westhill, Scotland, AB32 6FE",250 to 499,35.6,47,35.4,18.2,27
2025-2026,82,"43 Middlesex Street, Glasgow, G41 1EE",1000 to 4999,-1.3,0,NA,NA,"87,88,88"
2025-2026,253,"Shin-Etsu Handotai Europe Ltd Wilson Road, Toll Roundabout, Eliburn, Livingston, West Lothian, Scotland, EH54 7DA",250 to 499,4.5,2.8,8.14,0,26
2025-2026,20779,"Edinburgh Airport, Turnhouse Road, Edinburgh, Scotland, EH12 9DN",250 to 499,9.5,1.6,43.1,11.9,82
2025-2026,16183,"Blenheim House, Fountainhall Road, Aberdeen, AB15 4DT",500 to 999,5.5,7.1,-34.4,-125.1,55
2025-2026,11245,"165 Howard Street, Glasgow, G1 4HF",500 to 999,13.4,10.77,NA,NA,47
2025-2026,11246,"Turnberry Hotel, Ayrshire, KA26 9LT",250 to 499,8.14,5.45,34.31,0,"55,93,96,96"
2025-2026,11380,"Council Offices, Almada Street, Hamilton, Scotland, ML3 0EW",1000 to 4999,3.4,-1.1,NA,NA,"90,91,91,93"
2025-2026,18600,"320 St. Vincent Street, Glasgow, Scotland, G2   5AD",500 to 999,7.51,7.18,18.07,-7.13,35
2025-2026,11434,"320 St. Vincent Street, Glasgow, Scotland, G2   5AD",1000 to 4999,6.19,10.48,-65.07,-1.1,96
2025-2026,18599,"320 St. Vincent Street, Glasgow, Scotland, G2   5AD",500 to 999,12.3,10.68,59.75,16.3,35
2025-2026,11441,"Trojan House Pegasus Avenue, Phoenix Business Park, Paisley, Renfrewshire, PA1 2BH",250 to 499,-6.73,0,-4.1,0,87
2025-2026,11449,"Alliance Centre Greenwell Road, East Tullos Industrial Estate, Aberdeen, AB12 3AX",250 to 499,26.64,17.91,62.73,43.06,"45,45,45,45"
2025-2026,297,"1 Marchfield Drive, Westpoint Business Park, Paisley, Renfrewshire, Scotland, PA3 2RB",500 to 999,-3.14,0,-87.53,-58.46,81
2025-2026,19152,"7 Kirkshaws Road, Coatbridge, ML5 5EY",250 to 499,17.59,13.3,2.49,0,43
2025-2026,11490,"28 Albyn Place, Aberdeen, United Kingdom, AB10 1YL",500 to 999,-4.09,-4.08,NA,NA,82
2025-2026,11499,"Stuart House Eskmills, Station Road, Musselburgh, East Lothian, Scotland, EH21 7PB",1000 to 4999,1.89,1.55,NA,NA,81
2025-2026,11506,"Alexander Fleming House, 8 Southfield Drive, Elgin, Morayshire, IV30 6GR",250 to 499,2.5,5.4,-3,-120.2,"41,41"
2025-2026,11525,"Peter Wilson Building, King's Buildings, West Mains Road, Edinburgh, EH9 3JG",1000 to 4999,12.5,14.7,NA,NA,"72,75,85"
2025-2026,393,"Inveralmond House, 200 Dunkeld Road, Perth, Perthshire, PH1 3AQ","5000 to 19,999",8.74,11.49,41.88,32.5,70
2025-2026,16096,"St Andrews Bay Golf Resort & Spa, St. Andrews, Fife, KY16 8PN",250 to 499,-3.21,0,NA,NA,55
2025-2026,47169,"Challenger Lodge, Boswall Road, Edinburgh, Scotland, EH5 3RW",250 to 499,11,0.3,NA,NA,86
2025-2026,11665,"Block 3, Units 1,2,3 & 4, Thornliebank Industrial Estate, Glasgow, G46 8JW",250 to 499,33.2,42,NA,NA,28
2025-2026,23078,"C/O Addleshaw Goddard, 24, St Andrew Square, Edinburgh, EH2 1AF",500 to 999,17,3.35,36,46,55
2025-2026,21964,"99 Gorgie Park Road, Edinburgh, Scotland, EH11 2QL",250 to 499,0.8,0.16,-6.08,-29.03,56
2025-2026,11705,"76 Moss Road, Tillicoultry, Scotland, FK13 6NS",250 to 499,21,0,0,0,47
2025-2026,19482,"3rd Floor, Sterling House 20 Renfield Street, Glasgow, G2 5AP",250 to 499,7.69,9.7,31.5,31.49,79
2025-2026,11715,"Tofthill, Glencarse, Perth, PH2 7LS",250 to 499,10.6,0,4.5,-23,"11,11"
2025-2026,14967,"Randolph Hill, Fankerton, Denny, FK6 5HJ",250 to 499,8.1,-0.4,NA,NA,86
2025-2026,33805,"Mcdonald's Restaurant, 59 London Road, Edinburgh, Scotland, EH7 6AA",500 to 999,1.54,0.55,12.34,-75,"56,56"
2025-2026,16191,"Pacific Quay, Glasgow, G51 1PQ",500 to 999,12.8,7.1,10.5,0,64
2025-2026,11780,"East Campus Prospect Road, Arnhall Business Park, Westhill, Aberdeenshire, AB32 6FE",1000 to 4999,31.1,36.2,41.1,66,82
2025-2026,50139,"2 Queenslie Court, Summerlee Street, Glasgow, G33 4DB",250 to 499,32.44,33.97,58.55,66.67,43
2025-2026,4800,"3 Inchcorse Place, Whitehill Industrial Estate, Bathgate, Scotland, EH48 2EE",500 to 999,27.63,28.11,28.36,15,96
2025-2026,22713,"Rowan House 1 Robroyston Oval, Nova Business Park, Glasgow, Scotland, G33 1AP",250 to 499,16.5,10,20.4,20,62
2025-2026,32220,"The Garage Woodhead Road, Palnackie, Castle Douglas, Kirkcudbrightshire, DG7 1PG",250 to 499,-0.74,4.77,6.04,-250,49
2025-2026,12123,"Wellpark Brewery, 161 Duke Street, Glasgow, G31 1JD",500 to 999,0,3.2,3.9,-280.2,11
2025-2026,12139,"2 South Gyle Crescent, Edinburgh, United Kingdom, EH12 9FQ",500 to 999,10.8,17,40.9,24.9,64
2025-2026,12180,"The Prentice Centre, 1 Granton Mains Avenue, Edinburgh, Scotland, EH4 4GA",500 to 999,-3.75,-1.79,NA,NA,"87,88"
2025-2026,12188,"Maxim 3, 2nd Floor, Suite 2b 2 Parklands Avenue, Eurocentral, Holytown, Motherwell, Scotland, ML1 4WQ",250 to 499,11,11.9,49.6,-133.1,70
2025-2026,53901,"Tannadice Park, Dundee, DD3 7JW",250 to 499,48.54,20,99.47,0,"93,93"
2025-2026,12339,"100 Queen Street, Glasgow, Scotland, G1 3DN",1000 to 4999,6.2,2,55.5,-11.1,11
2025-2026,17342,"Glasgow Academy, Colebrooke Street, Glasgow, G12 8HE",250 to 499,19.7,20.4,NA,NA,"85,85,85"
2025-2026,42945,"Pilmour House, St. Andrews, Fife, KY16 9SF",250 to 499,6.3,1.5,8.17,0,47
2025-2026,12417,"The James Hutton Institute, Invergowrie, Dundee, DD2 5DA",500 to 999,12.9,8.7,0,0,72
2025-2026,19366,"Dumfries House, Dumfries House Estate, Cumnock, Ayrshire, KA18 2NJ",250 to 499,2.6,3.3,NA,NA,91
2025-2026,36576,"The Gatehouse, 10 Dumbarton Road, Glasgow, Scotland, G11 6PA",250 to 499,1.9,0,NA,NA,86
2025-2026,12471,"Inspire House 3 Renshaw Place, Eurocentral, Lanarkshire, ML1 4UF",500 to 999,-1.13,0,NA,NA,82
2025-2026,14264,"The Green House Forrest Estate, Dalry, Castle Douglas, Kirkcudbrightshire, United Kingdom, DG7 3XS",250 to 499,20,18,40.88,21.6,74
2025-2026,12495,"Old Course Hotel, Golf Resort And Spa, St Andrews, Fife,, KY16 9SP",250 to 499,9.7,6.35,17.83,-24.45,55
2025-2026,15715,"Ibrox Stadium, 150 Edmiston Drive, Glasgow, G51 2XD",250 to 499,72,0,99,95,93
2025-2026,22490,"25 Queen Street, Edinburgh, United Kingdom, EH2 1JX",250 to 499,51.2,26.05,-63.63,-50,86
2025-2026,12641,"Doges Templeton Business Centre, 62 Templeton Street, Glasgow, Glasgow, Scotland, G40 1DA",250 to 499,1.09,-0.3,NA,NA,78
2025-2026,12667,"Thistle Centre Of Wellbeing, 13 Queen's Walk, Edinburgh, Scotland, EH16 4EA",250 to 499,2.43,0,NA,NA,"88,88,96"
2025-2026,12668,"3a Scholars Gate, East Kilbride, Glasgow, Scotland, G75 9JL",250 to 499,-1.4,0,1.1,0.8,86
2025-2026,12670,"Thistle Seafoods Limited Harbour Street, Boddam, Peterhead, Scotland, AB42 3AU",500 to 999,10.3,6,NA,NA,"10,46"
2025-2026,12690,"34 Old Mill Road, Uddingston, G71 7HH",500 to 999,17,13,27,4,32
2025-2026,2002,"Newfield House, 1 New Street, Musselburgh, East Lothian, EH21 6HY",1000 to 4999,17.29,0,51.9,0,88
2025-2026,21572,"Rwm House, Kilbagie, Alloa, Scotland, FK10 4DY",250 to 499,10,18,-175,-75,81
2025-2026,55650,"41 Commercial Street, Leith, Edinburgh, EH6 6JD",250 to 499,-16.2,-0.5,-7.4,-9.6,70
2025-2026,12836,"100 Dalsetter Avenue, Glasgow, Scotland, G15 8TE",250 to 499,-7.8,11.7,-39.4,-37.5,42
2025-2026,355,"Henry Duncan House, 120 George Street, Edinburgh, EH2 4LH",1000 to 4999,26.6,24.9,43.8,26.8,64
2025-2026,35388,"Floor 3, 1-4 Atholl Crescent, Edinburgh, Scotland, EH3 8HA",250 to 499,21.92,26.92,64.07,-250,"24,28,43"
2025-2026,13028,"Merchants House, 7 West George Street, Glasgow, G2 1BA",1000 to 4999,1,0,NA,NA,"86,87"
2025-2026,13032,"Napier Building Reynolds Avenue, East Kilbride, Glasgow, Scotland, G75 0AF",500 to 999,17.7,21.8,7.2,33.3,74
2025-2026,21078,"Office 2.20 83 Princes Street, Edinburgh, Lothian Region, Scotland, EH2 2ER",1000 to 4999,7.5,6.8,39.8,58.2,82
2025-2026,13147,"110 Easter Queenslie Road, Glasgow, Lanarkshire, G33 4UL",250 to 499,-16.6,-9.5,-7.4,0,46
2025-2026,13200,"1 Meadowhead Road, Irvine, Ayrshire, KA11 5AT",250 to 499,6.3,14,-20.4,-42.8,17
2025-2026,13250,"Newmains Avenue, Inchinnan, Renfrewshire, PA4 9RR",500 to 999,8.35,12.87,7.27,-20.62,32
2025-2026,15097,"Woodside Way, Glenrothes East, Fife, KY7 4ND",250 to 499,17.5,30.2,8.1,6.86,46
2025-2026,29217,"4a Rutland Square, Edinburgh, Scotland, EH1 2AS",500 to 999,30.73,33.6,55.9,69.2,78
2025-2026,21260,"C/O Addleshaw Goddard, 24, St. Andrew Square, Edinburgh, Scotland, EH2 1AF",250 to 499,-2.14,1.86,-14.02,9.1,"25,27"
2025-2026,9203,"Penguin House, Castle Riggs, Dunfermline, Fife, Scotland, KY11 8SG",1000 to 4999,25.63,35.41,45.21,18.84,70
2025-2026,13299,"C/O Brodies Llp Capital Square, 58 Morrison Street, Edinburgh, EH3 8BP",500 to 999,7.8,0.8,42.5,0,46
2025-2026,13300,"C/O Brodies Llp Capital Square, 58 Morrison Street, Edinburgh, EH3 8BP",500 to 999,6.6,8,16.8,15.7,47
2025-2026,13316,"1st Floor Left, 161 Brooms Road, Dumfries, Scotland, DG1 2SH",1000 to 4999,-1.5,-0.1,-25.4,-14.1,80
2025-2026,12129,"Newhouse Industrial Estate, Newhouse, Motherwell, Lanarkshire, ML1 5RY",250 to 499,-4.17,-3.01,24.66,3.57,28
2025-2026,38523,"Marrlaine Craigwell, Netherley, Stonehaven, Scotland, AB39 3QP",250 to 499,-6,-28.72,20,-16.14,"42,42,42"
2025-2026,13423,"Brookfield House, Burnbrae Drive, Linwood Industrial Estate, Linwood, PA3 3BU",1000 to 4999,-20,-0.3,16.4,-2.4,49
2025-2026,20230,"65 Sussex Street, Glasgow, Scotland, G41 1DX",500 to 999,19,16.7,16,0,"25,28,33,43"
2025-2026,566,"Aberlour House, Aberlour-On-Spey, Banffshire, AB38 9LD",1000 to 4999,15.1,1,2.7,5.4,10
2025-2026,13478,"21-24 Wellmeadow, Blairgowrie, PH10 6AT",500 to 999,5,0,0,0,86
2025-2026,23216,"28 Albyn Place, Aberdeen, United Kingdom, AB10 1YL",250 to 499,17.14,13.02,NA,NA,82
2025-2026,301,"Kyleshill House, Glencairn Street, Saltcoats, Ayrshire, KA21 5JT",500 to 999,10,4,27,50,82
2025-2026,15616,"Xcite Bathgate Balbardie Park, Torphichen Road, Bathgate, West Lothian, EH48 4LA",250 to 499,1.4,0,NA,NA,93
2025-2026,7855,"Willow House Kestrel View, Strathclyde Business Park, Bellshill, Scotland, ML4 3PB",500 to 999,-9.1,0,-3.9,0,"87,87,88,88"
2025-2026,20242,"Wheatley House, 25 Cochrane Street, Glasgow, Scotland, G1 1HL",250 to 499,-21.3,-26.4,1.8,0,68
2025-2026,13753,"4th Floor St. Vincent Plaza, 319 St. Vincent Street, Glasgow, Scotland, G2 5RG",500 to 999,13.75,4.97,49.94,14.27,11
2025-2026,13784,"The Glenfiddich Distillery, Dufftown, Keith, Scotland, AB55 4DH",1000 to 4999,6.2,7.5,98.5,-45.8,11
2025-2026,22750,"The Glenfiddich Distillery, Dufftown, Keith, Scotland, AB55 4DH",250 to 499,28.9,10,15.2,48.4,11
2025-2026,13887,"Sir Ian Wood House Hareness Road, Altens Industrial Estate, Aberdeen, Scotland, AB12 3LE",1000 to 4999,25.9,33.8,41.8,20,"91,71"
2025-2026,13888,"Level 3, 6 St Andrew Square, Edinburgh, EH2 2BD",500 to 999,16.4,13.78,32.46,28.34,91
2025-2026,18299,"16 North Esplanade West, Aberdeen, Scotland, AB11 5RJ",500 to 999,20.4,28.6,10.5,-4.5,91
2025-2026,13991,"5th Floor Capitol Building, 429-431 Union Street, Aberdeen, AB11 6DA",250 to 499,23.5,35.6,-294.7,-100,71
2025-2026,22707,"Stamp Office 10 Waterloo Place, Level 1, Edinburgh, Scotland, EH1 3EG",250 to 499,15.29,18.31,45,60,62
2025-2026,14072,"1 Tanfield, Edinburgh, EH3 5DA",500 to 999,2.26,-3.68,-69.17,-463.82,"26,62"
